[{"model": "auth.user", "fields": {"password": "pbkdf2_sha256$1200000$LW1xB5Dpl8pQab0gNTJyOP$IzcSpG/udkbBgRgduNy9IWSOGr7I1QyykfZRs7lGnI8=", "last_login": "2026-05-08T08:28:10.611Z", "is_superuser": true, "username": "bikov", "first_name": "Николай", "last_name": "Быков", "email": "admin@example.com", "is_staff": true, "is_active": true, "date_joined": "2026-04-26T20:30:27.042Z", "groups": [], "user_permissions": []}}, {"model": "auth.user", "fields": {"password": "pbkdf2_sha256$1200000$ZDiHjSqiXtDPLNhu5vcXcf$WHv73KwlJ2Xjm0V5wBxxqr+ZCMgq0tfMJJ3yXNghQlA=", "last_login": "2026-05-08T17:14:48.187Z", "is_superuser": false, "username": "viktoriya", "first_name": "Виктория", "last_name": "Пенькова", "email": "example@mail.ru", "is_staff": false, "is_active": true, "date_joined": "2026-04-27T05:50:17Z", "groups": [], "user_permissions": []}}, {"model": "auth.user", "fields": {"password": "pbkdf2_sha256$1200000$WgH04MKuy7PuWYNKk7Hps0$WqY7FjSQVevCzQRIw3fPU0OvP4CFEC3ttvtTUN7giZY=", "last_login": null, "is_superuser": false, "username": "penkovav", "first_name": "Александр", "last_name": "Пеньков", "email": "", "is_staff": false, "is_active": true, "date_joined": "2026-04-27T07:28:38Z", "groups": [], "user_permissions": []}}, {"model": "auth.user", "fields": {"password": "pbkdf2_sha256$1200000$kqd2Fp4tFYfzOWIwbazS2s$qlVQ8DAuIKpyise+Ti9g+8w0KwbnB0GHxd7qo5aO348=", "last_login": null, "is_superuser": false, "username": "shitovav", "first_name": "Александр", "last_name": "Шитов", "email": "", "is_staff": false, "is_active": true, "date_joined": "2026-04-27T07:30:41Z", "groups": [], "user_permissions": []}}, {"model": "auth.user", "fields": {"password": "pbkdf2_sha256$1200000$SNCT5N2TNQbayr6Oa06nnh$zTzU+RIyGLZQwty4uh0bGi1oKCa2V24r9VzArm9WeCg=", "last_login": null, "is_superuser": false, "username": "paleychukpp", "first_name": "Павел", "last_name": "Палейчук", "email": "", "is_staff": false, "is_active": true, "date_joined": "2026-04-27T07:32:01Z", "groups": [], "user_permissions": []}}, {"model": "auth.user", "fields": {"password": "pbkdf2_sha256$1200000$cVaamULIsWmQXNXHiugdOE$1seGi1bgLlk2j8R2nbvZRXF4j8wCttWT3foca2qMsAw=", "last_login": null, "is_superuser": false, "username": "zaharchenkoap", "first_name": "Александр", "last_name": "Захарченко", "email": "", "is_staff": false, "is_active": true, "date_joined": "2026-04-27T07:33:18Z", "groups": [], "user_permissions": []}}, {"model": "auth.user", "fields": {"password": "pbkdf2_sha256$1200000$PXjpCHgLmP6T3KqnNvlrY3$U00+PXt5uZ3hXTo2h153dEtu18ie/1n1IYbFBXhbO0M=", "last_login": null, "is_superuser": false, "username": "sharafutdinoviv", "first_name": "Игорь", "last_name": "Шарафутдинов", "email": "", "is_staff": false, "is_active": true, "date_joined": "2026-04-27T07:35:55Z", "groups": [], "user_permissions": []}}, {"model": "auth.user", "fields": {"password": "pbkdf2_sha256$1200000$ENkQqURp4r6w29MeKCabGo$nFv289jpENoWofcZ00+zfpPNM7qRtGuKnRM1OyjpUQY=", "last_login": null, "is_superuser": false, "username": "proxorovvp", "first_name": "Виктор", "last_name": "Прохоров", "email": "", "is_staff": false, "is_active": true, "date_joined": "2026-04-27T07:37:50Z", "groups": [], "user_permissions": []}}, {"model": "auth.user", "fields": {"password": "pbkdf2_sha256$1200000$9ulm6Jrqo9l0CdP7sv7Ksj$7+GHMH0ZPM2I4Lrh30tnqKhyrHk9NqM/5EPh89ZzOoI=", "last_login": null, "is_superuser": false, "username": "grishinda", "first_name": "Дмитрий", "last_name": "Гришин", "email": "", "is_staff": false, "is_active": true, "date_joined": "2026-04-27T07:40:06Z", "groups": [], "user_permissions": []}}, {"model": "auth.user", "fields": {"password": "pbkdf2_sha256$1200000$OPyjK0BZCKUwuizOsTJdhN$IOKme154KhLl5LH+nc3eclX7nHF5LLBAOOyQE7nGNu0=", "last_login": null, "is_superuser": false, "username": "guryeven", "first_name": "Гурьев", "last_name": "Евгений", "email": "", "is_staff": false, "is_active": true, "date_joined": "2026-04-27T07:42:35Z", "groups": [], "user_permissions": []}}, {"model": "auth.user", "fields": {"password": "pbkdf2_sha256$1200000$0kUwQuaPvmRP6bEB1QhtL4$rmsRtxC7BnjDJikC5ZnKppqg6lWchL3OcLFbfnFuhBQ=", "last_login": null, "is_superuser": false, "username": "shutenkodn", "first_name": "Шутенко", "last_name": "Дмитрий", "email": "", "is_staff": false, "is_active": true, "date_joined": "2026-04-27T07:44:15Z", "groups": [], "user_permissions": []}}, {"model": "auth.user", "fields": {"password": "pbkdf2_sha256$1200000$Pl3x160QRtBuAjJimgKwlZ$27zzI73xCMfTmAvzSpoz1Xcyx7MoqmIIMNgeySHxIiY=", "last_login": null, "is_superuser": false, "username": "ermilovgm", "first_name": "Геннадий", "last_name": "Ермилов", "email": "", "is_staff": false, "is_active": true, "date_joined": "2026-04-29T06:54:36Z", "groups": [], "user_permissions": []}}, {"model": "exploitation_app.operationcontract", "pk": 1, "fields": {"building": 1, "contract_number": "29-44-26 ЕП", "contract_subject": "Оказание услуг по поверке узла учета тепловой энергии", "contract_type": "MNT", "contractor": "ООО «Поверено»", "contractor_contact": "", "contractor_contact_phone": "", "customer_contact": "", "signed_date": "2026-04-20", "start_date": "2026-04-20", "end_date": "2026-05-13", "total_amount": "33333.33", "status": "ACT", "document": "", "notes": "", "created_at": "2026-04-27T11:13:09.451Z", "updated_at": "2026-04-27T15:04:58.989Z"}}, {"model": "exploitation_app.operationcontract", "pk": 2, "fields": {"building": 1, "contract_number": "3077033", "contract_subject": "Поставка холодного водоснабжения", "contract_type": "UTL", "contractor": "АО \"Мосводоканал\"", "contractor_contact": "", "contractor_contact_phone": "", "customer_contact": "", "signed_date": "2026-06-20", "start_date": "2026-06-20", "end_date": "2026-06-20", "total_amount": "9859711.76", "status": "ACT", "document": "contracts/2026/05/08/3077033_от_21.11.2024.pdf", "notes": "", "created_at": "2026-04-27T11:13:09.502Z", "updated_at": "2026-05-08T09:08:17.454Z"}}, {"model": "exploitation_app.operationcontract", "pk": 3, "fields": {"building": 1, "contract_number": "77700001002048", "contract_subject": "Поставка электроэнергии", "contract_type": "UTL", "contractor": "АО \"Мосэнергосбыт", "contractor_contact": "", "contractor_contact_phone": "", "customer_contact": "", "signed_date": "2026-05-20", "start_date": "2026-06-20", "end_date": "2026-06-20", "total_amount": "14522982.50", "status": "ACT", "document": "", "notes": "", "created_at": "2026-04-27T11:13:09.538Z", "updated_at": "2026-04-27T13:33:33.466Z"}}, {"model": "exploitation_app.operationcontract", "pk": 4, "fields": {"building": 1, "contract_number": "14227-50404", "contract_subject": "Водоотведение сточных вод", "contract_type": "UTL", "contractor": "ГУП \"Мосводосток\"", "contractor_contact": "", "contractor_contact_phone": "", "customer_contact": "", "signed_date": "2026-05-20", "start_date": "2026-06-20", "end_date": "2026-06-20", "total_amount": "653730.09", "status": "ACT", "document": "contracts/2026/05/08/14227-50404_от_17.12.2025.pdf", "notes": "", "created_at": "2026-04-27T11:13:09.565Z", "updated_at": "2026-05-08T09:09:36.630Z"}}, {"model": "exploitation_app.operationcontract", "pk": 5, "fields": {"building": 1, "contract_number": "7-7-591723/26", "contract_subject": "Утилизация ТКО и КГО", "contract_type": "UTL", "contractor": "ООО МКМ-Логистика (АО \"Экотехпром\")", "contractor_contact": "", "contractor_contact_phone": "", "customer_contact": "", "signed_date": "2026-05-20", "start_date": "2026-06-20", "end_date": "2026-06-20", "total_amount": "2364032.05", "status": "ACT", "document": "contracts/2026/05/08/Договор_7-7-591723-26_от_17.12.2025.pdf", "notes": "", "created_at": "2026-04-27T11:13:09.596Z", "updated_at": "2026-05-08T09:10:56.504Z"}}, {"model": "exploitation_app.operationcontract", "pk": 6, "fields": {"building": 1, "contract_number": "14-44-26 ЕП", "contract_subject": "Техническое обслуживание лифтов", "contract_type": "MNT", "contractor": "ООО ПРОГРЕССЛИФТСЕРВИС", "contractor_contact": "", "contractor_contact_phone": "", "customer_contact": "", "signed_date": "2025-12-30", "start_date": "2026-01-01", "end_date": "2026-12-31", "total_amount": "344400.00", "status": "ACT", "document": "", "notes": "", "created_at": "2026-04-27T11:13:09.631Z", "updated_at": "2026-04-27T11:13:09.631Z"}}, {"model": "exploitation_app.operationcontract", "pk": 7, "fields": {"building": 1, "contract_number": "ТО-166П", "contract_subject": "Техническое обслуживание грузового подъемника", "contract_type": "MNT", "contractor": "АО \"Мослифт\"", "contractor_contact": "", "contractor_contact_phone": "", "customer_contact": "", "signed_date": "2025-12-24", "start_date": "2026-01-01", "end_date": "2026-12-31", "total_amount": "50378.64", "status": "ACT", "document": "", "notes": "", "created_at": "2026-04-27T11:13:09.667Z", "updated_at": "2026-04-27T11:13:09.667Z"}}, {"model": "exploitation_app.operationcontract", "pk": 8, "fields": {"building": 1, "contract_number": "6-223-26 ЕП", "contract_subject": "ГСМ", "contract_type": "OTH", "contractor": "ООО \"ЛИКАРД\"", "contractor_contact": "", "contractor_contact_phone": "", "customer_contact": "", "signed_date": "2026-06-20", "start_date": "2026-06-20", "end_date": "2026-07-20", "total_amount": "450000.00", "status": "ACT", "document": "contracts/2026/05/08/ДОГОВОР__6-223-26_ЕП.pdf", "notes": "", "created_at": "2026-04-27T11:13:09.700Z", "updated_at": "2026-05-08T09:33:26.082Z"}}, {"model": "exploitation_app.operationcontract", "pk": 9, "fields": {"building": 1, "contract_number": "16-44-26 ЕП", "contract_subject": "Освидетельствование грузоподъемного оборудования", "contract_type": "MNT", "contractor": "ООО \"ИЦ СОЮЗ\"", "contractor_contact": "", "contractor_contact_phone": "", "customer_contact": "", "signed_date": "2026-01-20", "start_date": "2026-01-20", "end_date": "2026-01-30", "total_amount": "58000.00", "status": "EXP", "document": "", "notes": "", "created_at": "2026-04-27T11:13:09.732Z", "updated_at": "2026-04-27T11:13:09.732Z"}}, {"model": "exploitation_app.operationcontract", "pk": 10, "fields": {"building": 1, "contract_number": "5-223-26 ЕП", "contract_subject": "Предрейсовые медицинские осмотры", "contract_type": "OTH", "contractor": "ООО \"МДЛ\"", "contractor_contact": "", "contractor_contact_phone": "", "customer_contact": "", "signed_date": "2026-05-20", "start_date": "2026-06-20", "end_date": "2026-06-20", "total_amount": "132000.00", "status": "ACT", "document": "contracts/2026/05/08/Договор_5-223-26ЕП_от_29.12.25.pdf", "notes": "", "created_at": "2026-04-27T11:13:09.764Z", "updated_at": "2026-05-08T09:07:30.403Z"}}, {"model": "exploitation_app.operationcontract", "pk": 11, "fields": {"building": 1, "contract_number": "13-223-26 ЕП", "contract_subject": "Техническое обслуживание теплотехнического оборудования теплового пункта", "contract_type": "MNT", "contractor": "ООО \"Служба Эксплуатации и Ремонта\"", "contractor_contact": "", "contractor_contact_phone": "", "customer_contact": "", "signed_date": "2026-06-20", "start_date": "2026-06-20", "end_date": "2026-06-20", "total_amount": "429996.00", "status": "ACT", "document": "contracts/2026/05/08/Договор_13-223-26_ЕП_от_26.01.26.pdf", "notes": "", "created_at": "2026-04-27T11:13:09.788Z", "updated_at": "2026-05-08T09:02:15.234Z"}}, {"model": "exploitation_app.operationcontract", "pk": 12, "fields": {"building": 1, "contract_number": "18-44-26 ЕП", "contract_subject": "Техническое обслуживание АПС и СОУЭ, РСПИ Стрелец-Мониторинг", "contract_type": "MNT", "contractor": "ООО \"ФЭЗЕРА\"", "contractor_contact": "", "contractor_contact_phone": "", "customer_contact": "", "signed_date": "2026-06-20", "start_date": "2026-06-20", "end_date": "2026-07-20", "total_amount": "528000.00", "status": "ACT", "document": "", "notes": "", "created_at": "2026-04-27T11:13:09.812Z", "updated_at": "2026-05-04T10:45:58.878Z"}}, {"model": "exploitation_app.operationcontract", "pk": 13, "fields": {"building": 1, "contract_number": "07.300266кТЭ", "contract_subject": "Поставка тепловой энергии", "contract_type": "UTL", "contractor": "ПАО \"МОЭК\"", "contractor_contact": "", "contractor_contact_phone": "", "customer_contact": "", "signed_date": "2026-05-20", "start_date": "2026-06-20", "end_date": "2026-06-20", "total_amount": "38799128.02", "status": "ACT", "document": "contracts/2026/04/29/Контракт_07.300266кТЭ_от_17.12.2025.pdf", "notes": "", "created_at": "2026-04-27T11:24:50.435Z", "updated_at": "2026-04-29T09:40:54.623Z"}}, {"model": "exploitation_app.contractexecution", "pk": 1, "fields": {"contract": 12, "year": 2026, "month": 3, "paid_amount": "44000.00", "payment_date": "2026-04-10", "document": "", "notes": "", "created_at": "2026-04-27T11:15:56.547Z", "updated_at": "2026-04-27T11:15:56.547Z"}}, {"model": "exploitation_app.contractexecution", "pk": 2, "fields": {"contract": 11, "year": 2026, "month": 2, "paid_amount": "71666.00", "payment_date": "2026-02-10", "document": "", "notes": "", "created_at": "2026-04-27T11:17:17.520Z", "updated_at": "2026-04-27T11:17:17.520Z"}}, {"model": "exploitation_app.contractexecution", "pk": 3, "fields": {"contract": 11, "year": 2026, "month": 3, "paid_amount": "71666.00", "payment_date": "2026-03-10", "document": "", "notes": "", "created_at": "2026-04-27T11:17:47.494Z", "updated_at": "2026-04-27T11:17:47.494Z"}}, {"model": "exploitation_app.contractexecution", "pk": 4, "fields": {"contract": 10, "year": 2026, "month": 1, "paid_amount": "11000.00", "payment_date": "2026-01-13", "document": "", "notes": "", "created_at": "2026-04-27T11:19:15.529Z", "updated_at": "2026-04-27T11:19:15.529Z"}}, {"model": "exploitation_app.contractexecution", "pk": 5, "fields": {"contract": 10, "year": 2026, "month": 2, "paid_amount": "11000.00", "payment_date": "2026-02-27", "document": "", "notes": "", "created_at": "2026-04-27T11:19:38.138Z", "updated_at": "2026-04-27T11:19:38.138Z"}}, {"model": "exploitation_app.contractexecution", "pk": 6, "fields": {"contract": 10, "year": 2026, "month": 3, "paid_amount": "11000.00", "payment_date": "2026-04-27", "document": "", "notes": "", "created_at": "2026-04-27T11:20:03.145Z", "updated_at": "2026-04-27T11:20:03.145Z"}}, {"model": "exploitation_app.contractexecution", "pk": 7, "fields": {"contract": 9, "year": 2026, "month": 1, "paid_amount": "58000.00", "payment_date": "2026-01-13", "document": "", "notes": "", "created_at": "2026-04-27T12:56:01.282Z", "updated_at": "2026-04-27T12:56:01.282Z"}}, {"model": "exploitation_app.contractexecution", "pk": 8, "fields": {"contract": 8, "year": 2026, "month": 1, "paid_amount": "8292.98", "payment_date": "2026-01-30", "document": "", "notes": "", "created_at": "2026-04-27T12:56:58.874Z", "updated_at": "2026-04-27T12:57:16.024Z"}}, {"model": "exploitation_app.contractexecution", "pk": 9, "fields": {"contract": 8, "year": 2026, "month": 2, "paid_amount": "24134.40", "payment_date": "2026-02-27", "document": "", "notes": "", "created_at": "2026-04-27T12:57:46.618Z", "updated_at": "2026-04-27T12:57:46.618Z"}}, {"model": "exploitation_app.contractexecution", "pk": 10, "fields": {"contract": 8, "year": 2026, "month": 3, "paid_amount": "20576.60", "payment_date": "2026-04-30", "document": "", "notes": "", "created_at": "2026-04-27T12:58:16.496Z", "updated_at": "2026-04-27T12:58:16.496Z"}}, {"model": "exploitation_app.contractexecution", "pk": 11, "fields": {"contract": 7, "year": 2026, "month": 1, "paid_amount": "4198.22", "payment_date": "2026-01-30", "document": "", "notes": "", "created_at": "2026-04-27T13:01:28.825Z", "updated_at": "2026-04-27T13:02:03.221Z"}}, {"model": "exploitation_app.contractexecution", "pk": 12, "fields": {"contract": 7, "year": 2026, "month": 2, "paid_amount": "4198.22", "payment_date": "2026-02-27", "document": "", "notes": "", "created_at": "2026-04-27T13:01:48.291Z", "updated_at": "2026-04-27T13:01:57.599Z"}}, {"model": "exploitation_app.contractexecution", "pk": 13, "fields": {"contract": 7, "year": 2026, "month": 3, "paid_amount": "4198.22", "payment_date": "2026-04-30", "document": "", "notes": "", "created_at": "2026-04-27T13:02:25.259Z", "updated_at": "2026-04-27T13:02:25.259Z"}}, {"model": "exploitation_app.contractexecution", "pk": 14, "fields": {"contract": 6, "year": 2026, "month": 1, "paid_amount": "28700.00", "payment_date": "2026-01-30", "document": "", "notes": "", "created_at": "2026-04-27T13:05:58.468Z", "updated_at": "2026-04-27T13:05:58.468Z"}}, {"model": "exploitation_app.contractexecution", "pk": 15, "fields": {"contract": 6, "year": 2026, "month": 2, "paid_amount": "28700.00", "payment_date": "2026-02-27", "document": "", "notes": "", "created_at": "2026-04-27T13:06:19.841Z", "updated_at": "2026-04-27T13:06:19.841Z"}}, {"model": "exploitation_app.contractexecution", "pk": 16, "fields": {"contract": 6, "year": 2026, "month": 3, "paid_amount": "28700.00", "payment_date": "2026-03-30", "document": "", "notes": "", "created_at": "2026-04-27T13:06:45.670Z", "updated_at": "2026-04-27T13:06:45.670Z"}}, {"model": "exploitation_app.contractexecution", "pk": 17, "fields": {"contract": 5, "year": 2026, "month": 1, "paid_amount": "158744.64", "payment_date": "2026-01-30", "document": "", "notes": "", "created_at": "2026-04-27T13:08:04.903Z", "updated_at": "2026-04-27T13:08:04.903Z"}}, {"model": "exploitation_app.contractexecution", "pk": 18, "fields": {"contract": 5, "year": 2026, "month": 2, "paid_amount": "151741.20", "payment_date": "2026-02-27", "document": "", "notes": "", "created_at": "2026-04-27T13:08:37.630Z", "updated_at": "2026-04-27T13:08:37.631Z"}}, {"model": "exploitation_app.contractexecution", "pk": 19, "fields": {"contract": 5, "year": 2026, "month": 3, "paid_amount": "199987.12", "payment_date": "2026-03-31", "document": "", "notes": "", "created_at": "2026-04-27T13:09:13.480Z", "updated_at": "2026-04-27T13:09:13.480Z"}}, {"model": "exploitation_app.contractexecution", "pk": 20, "fields": {"contract": 4, "year": 2026, "month": 1, "paid_amount": "50315.01", "payment_date": "2026-01-30", "document": "", "notes": "", "created_at": "2026-04-27T13:20:37.222Z", "updated_at": "2026-04-27T13:20:37.222Z"}}, {"model": "exploitation_app.contractexecution", "pk": 21, "fields": {"contract": 4, "year": 2026, "month": 2, "paid_amount": "50315.01", "payment_date": "2026-02-27", "document": "", "notes": "", "created_at": "2026-04-27T13:20:57.726Z", "updated_at": "2026-04-27T13:20:57.726Z"}}, {"model": "exploitation_app.contractexecution", "pk": 22, "fields": {"contract": 4, "year": 2026, "month": 3, "paid_amount": "50315.01", "payment_date": "2026-03-31", "document": "", "notes": "", "created_at": "2026-04-27T13:21:25.422Z", "updated_at": "2026-04-27T13:21:25.422Z"}}, {"model": "exploitation_app.contractexecution", "pk": 24, "fields": {"contract": 3, "year": 2026, "month": 1, "paid_amount": "955979.16", "payment_date": "2026-01-30", "document": "", "notes": "", "created_at": "2026-04-27T13:26:23.485Z", "updated_at": "2026-04-27T13:26:23.485Z"}}, {"model": "exploitation_app.contractexecution", "pk": 25, "fields": {"contract": 3, "year": 2026, "month": 2, "paid_amount": "886536.89", "payment_date": "2026-02-27", "document": "", "notes": "", "created_at": "2026-04-27T13:26:54.510Z", "updated_at": "2026-04-27T13:26:54.510Z"}}, {"model": "exploitation_app.contractexecution", "pk": 26, "fields": {"contract": 3, "year": 2026, "month": 3, "paid_amount": "1050147.77", "payment_date": "2026-03-31", "document": "", "notes": "", "created_at": "2026-04-27T13:27:27.850Z", "updated_at": "2026-04-27T13:27:27.850Z"}}, {"model": "exploitation_app.contractexecution", "pk": 27, "fields": {"contract": 2, "year": 2026, "month": 1, "paid_amount": "965734.51", "payment_date": "2026-01-30", "document": "", "notes": "", "created_at": "2026-04-27T13:31:18.828Z", "updated_at": "2026-04-27T13:32:45.485Z"}}, {"model": "exploitation_app.contractexecution", "pk": 28, "fields": {"contract": 2, "year": 2026, "month": 2, "paid_amount": "939596.69", "payment_date": "2026-02-26", "document": "", "notes": "", "created_at": "2026-04-27T13:32:32.233Z", "updated_at": "2026-04-27T13:32:32.233Z"}}, {"model": "exploitation_app.contractexecution", "pk": 29, "fields": {"contract": 2, "year": 2026, "month": 3, "paid_amount": "1238808.79", "payment_date": "2026-03-31", "document": "", "notes": "", "created_at": "2026-04-27T13:33:13.457Z", "updated_at": "2026-04-27T13:33:13.457Z"}}, {"model": "exploitation_app.contractexecution", "pk": 30, "fields": {"contract": 13, "year": 2026, "month": 1, "paid_amount": "5773757.74", "payment_date": "2026-01-30", "document": "", "notes": "", "created_at": "2026-04-27T13:35:08.095Z", "updated_at": "2026-04-27T13:35:08.095Z"}}, {"model": "exploitation_app.contractexecution", "pk": 31, "fields": {"contract": 13, "year": 2026, "month": 2, "paid_amount": "5395046.60", "payment_date": "2026-02-27", "document": "", "notes": "", "created_at": "2026-04-27T13:35:50.527Z", "updated_at": "2026-04-27T13:35:50.527Z"}}, {"model": "exploitation_app.contractexecution", "pk": 32, "fields": {"contract": 13, "year": 2026, "month": 3, "paid_amount": "3831958.61", "payment_date": "2026-03-31", "document": "", "notes": "", "created_at": "2026-04-27T13:36:24.096Z", "updated_at": "2026-04-27T13:36:24.096Z"}}, {"model": "exploitation_app.additionalagreement", "pk": 1, "fields": {"contract": 12, "file": "additional_agreements/2026/05/04/0842_260502103059_001.pdf", "title": "Акт квартальный 01.2026", "signed_date": "2026-05-01", "notes": "", "uploaded_at": "2026-05-04T10:45:58.865Z"}}, {"model": "buildings.building", "pk": 1, "fields": {"name": "Учебный корпус", "cadastral_number": "77:06:0006001:11681", "address": "ул Академика Волгина, д 6", "residential_area": 8000.0, "non_residential_area": 15000.0, "total_area": 23000.0, "number_of_floors": 15, "year_built": 1982, "wall_material": "CN", "foundation_type": "Ленточный", "number_of_rooms": 370, "building_type": "PUB", "created_at": "2026-04-26T20:58:02.807Z", "updated_at": "2026-04-27T15:04:58.987Z"}}, {"model": "buildings.building", "pk": 2, "fields": {"name": "Студенческое общежитие", "cadastral_number": "77:06:0006001:11682", "address": "г Москва, ул Академика Волгина, д 6", "residential_area": 600.0, "non_residential_area": 2000.0, "total_area": 2600.0, "number_of_floors": 15, "year_built": 1982, "wall_material": "CN", "foundation_type": "Ленточный", "number_of_rooms": 350, "building_type": "RES", "created_at": "2026-04-27T04:46:34.552Z", "updated_at": "2026-04-27T11:11:23.144Z"}}, {"model": "buildings.building", "pk": 3, "fields": {"name": "Территория", "cadastral_number": "77:06:0006001:11683", "address": "г Москва, ул Академика Волгина, д 6", "residential_area": 0.0, "non_residential_area": 36000.0, "total_area": 36000.0, "number_of_floors": 1, "year_built": 1982, "wall_material": "BR", "foundation_type": "Ленточный", "number_of_rooms": 0, "building_type": "RES", "created_at": "2026-04-27T15:04:04.221Z", "updated_at": "2026-04-27T15:04:04.221Z"}}, {"model": "users.profile", "pk": 2, "fields": {"user": ["bikov"], "role": "ADMIN", "phone": "+79672605080", "position": "Главный инженер", "is_active": true, "last_activity": "2026-05-08T08:28:10.603Z", "login_count": 11, "avatar": ""}}, {"model": "users.profile", "pk": 3, "fields": {"user": ["viktoriya"], "role": "ADMIN", "phone": "96700000000", "position": "Специалист", "is_active": true, "last_activity": "2026-05-08T17:14:48.181Z", "login_count": 6, "avatar": ""}}, {"model": "users.profile", "pk": 4, "fields": {"user": ["penkovav"], "role": "VIEWER", "phone": "", "position": "Рабочий по эксплуатации здания", "is_active": true, "last_activity": null, "login_count": 0, "avatar": ""}}, {"model": "users.profile", "pk": 5, "fields": {"user": ["shitovav"], "role": "VIEWER", "phone": "", "position": "Рабочий по эксплуатации здания", "is_active": true, "last_activity": null, "login_count": 0, "avatar": ""}}, {"model": "users.profile", "pk": 6, "fields": {"user": ["paleychukpp"], "role": "VIEWER", "phone": "", "position": "Рабочий по эксплуатации здания", "is_active": true, "last_activity": null, "login_count": 0, "avatar": ""}}, {"model": "users.profile", "pk": 7, "fields": {"user": ["zaharchenkoap"], "role": "VIEWER", "phone": "", "position": "Рабочий по эксплуатации здания", "is_active": true, "last_activity": null, "login_count": 0, "avatar": ""}}, {"model": "users.profile", "pk": 8, "fields": {"user": ["sharafutdinoviv"], "role": "VIEWER", "phone": "", "position": "Рабочий по эксплуатации здания", "is_active": true, "last_activity": null, "login_count": 0, "avatar": ""}}, {"model": "users.profile", "pk": 9, "fields": {"user": ["proxorovvp"], "role": "VIEWER", "phone": "", "position": "Рабочий по эксплуатации здания", "is_active": true, "last_activity": null, "login_count": 0, "avatar": ""}}, {"model": "users.profile", "pk": 10, "fields": {"user": ["grishinda"], "role": "VIEWER", "phone": "", "position": "Рабочий по эксплуатации здания", "is_active": true, "last_activity": null, "login_count": 0, "avatar": ""}}, {"model": "users.profile", "pk": 11, "fields": {"user": ["guryeven"], "role": "VIEWER", "phone": "", "position": "Рабочий по эксплуатации здания", "is_active": true, "last_activity": null, "login_count": 0, "avatar": ""}}, {"model": "users.profile", "pk": 12, "fields": {"user": ["shutenkodn"], "role": "VIEWER", "phone": "", "position": "Рабочий по эксплуатации здания", "is_active": true, "last_activity": null, "login_count": 0, "avatar": ""}}, {"model": "users.profile", "pk": 13, "fields": {"user": ["ermilovgm"], "role": "VIEWER", "phone": "", "position": "Инженер", "is_active": true, "last_activity": null, "login_count": 0, "avatar": ""}}, {"model": "energy.resourcetype", "pk": 1, "fields": {"name": "Электроэнергия-одноставочный", "unit": "кВт·ч"}}, {"model": "energy.resourcetype", "pk": 2, "fields": {"name": "Электроэнергия", "unit": "кВт·ч"}}, {"model": "energy.resourcetype", "pk": 3, "fields": {"name": "Тепловая энергия", "unit": "Гкал"}}, {"model": "energy.resourcetype", "pk": 4, "fields": {"name": "Водоснабжение", "unit": "м3"}}, {"model": "energy.tariffcomponent", "pk": 1, "fields": {"resource_type": 1, "name": "Электроэнергия-одноставочный", "unit": "кВт·ч", "is_multi_tariff_zone": false, "valid_from": "2025-07-01", "valid_to": null, "price": "10.11"}}, {"model": "energy.tariffcomponent", "pk": 2, "fields": {"resource_type": 2, "name": "Т1 (пик)", "unit": "кВт·ч", "is_multi_tariff_zone": true, "valid_from": "2025-07-01", "valid_to": null, "price": "10.11"}}, {"model": "energy.tariffcomponent", "pk": 3, "fields": {"resource_type": 2, "name": "Т2 (ночь)", "unit": "кВт·ч", "is_multi_tariff_zone": true, "valid_from": "2025-07-01", "valid_to": null, "price": "4.61"}}, {"model": "energy.tariffcomponent", "pk": 4, "fields": {"resource_type": 2, "name": "Т3 (полупик)", "unit": "кВт·ч", "is_multi_tariff_zone": true, "valid_from": "2025-07-01", "valid_to": null, "price": "8.46"}}, {"model": "energy.meter", "pk": 1, "fields": {"serial_number": "023240140686", "resource_type": 1, "location": "ВРУ 1 0,4кВ Ввод А", "is_active": true, "transformation_ratio": "200.000", "is_multi_tariff": false, "initial_value": "0.000"}}, {"model": "energy.meter", "pk": 2, "fields": {"serial_number": "023240140718", "resource_type": 1, "location": "ВРУ 1 0,4кВ Ввод Б", "is_active": true, "transformation_ratio": "200.000", "is_multi_tariff": false, "initial_value": "0.000"}}, {"model": "energy.meter", "pk": 3, "fields": {"serial_number": "23240140876", "resource_type": 2, "location": "ВРУ 2 0,4кВ Ввод А", "is_active": true, "transformation_ratio": "160.000", "is_multi_tariff": true, "initial_value": "0.000"}}, {"model": "energy.meter", "pk": 4, "fields": {"serial_number": "023240140296", "resource_type": 2, "location": "ВРУ 2 0,4кВ Ввод Б", "is_active": true, "transformation_ratio": "160.000", "is_multi_tariff": true, "initial_value": "0.000"}}, {"model": "energy.meter", "pk": 5, "fields": {"serial_number": "42994734", "resource_type": 1, "location": "Столовая", "is_active": true, "transformation_ratio": "1.000", "is_multi_tariff": false, "initial_value": "77841.000"}}, {"model": "energy.meter", "pk": 6, "fields": {"serial_number": "43092620", "resource_type": 1, "location": "Столовая", "is_active": true, "transformation_ratio": "1.000", "is_multi_tariff": false, "initial_value": "93368.000"}}, {"model": "energy.meter", "pk": 7, "fields": {"serial_number": "256790", "resource_type": 1, "location": "Столовая", "is_active": true, "transformation_ratio": "1.000", "is_multi_tariff": false, "initial_value": "0.000"}}, {"model": "energy.meter", "pk": 8, "fields": {"serial_number": "12103", "resource_type": 3, "location": "ЦТП", "is_active": true, "transformation_ratio": "1.000", "is_multi_tariff": false, "initial_value": "19072.780"}}, {"model": "energy.meter", "pk": 9, "fields": {"serial_number": "022101031", "resource_type": 4, "location": "Подвал учебного корпуса", "is_active": true, "transformation_ratio": "1.000", "is_multi_tariff": false, "initial_value": "188241.000"}}, {"model": "energy.initialzonereading", "pk": 1, "fields": {"meter": 1, "tariff_component": 1, "value": "0.000"}}, {"model": "energy.reading", "pk": 2, "fields": {"meter": 1, "date": "2025-10-31", "value": "20.800", "consumption": "4160.000"}}, {"model": "energy.reading", "pk": 3, "fields": {"meter": 1, "date": "2025-11-28", "value": "307.260", "consumption": "57292.000"}}, {"model": "energy.reading", "pk": 4, "fields": {"meter": 1, "date": "2025-12-30", "value": "600.830", "consumption": "58714.000"}}, {"model": "energy.reading", "pk": 5, "fields": {"meter": 1, "date": "2026-01-30", "value": "876.520", "consumption": "55138.000"}}, {"model": "energy.reading", "pk": 6, "fields": {"meter": 1, "date": "2026-02-27", "value": "1125.890", "consumption": "49874.000"}}, {"model": "energy.reading", "pk": 7, "fields": {"meter": 1, "date": "2026-03-31", "value": "1386.710", "consumption": "52164.000"}}, {"model": "energy.reading", "pk": 8, "fields": {"meter": 2, "date": "2025-11-28", "value": "0.000", "consumption": "0.000"}}, {"model": "energy.reading", "pk": 9, "fields": {"meter": 3, "date": "2025-10-31", "value": null, "consumption": null}}, {"model": "energy.reading", "pk": 10, "fields": {"meter": 3, "date": "2025-11-28", "value": null, "consumption": null}}, {"model": "energy.reading", "pk": 11, "fields": {"meter": 3, "date": "2025-12-30", "value": null, "consumption": null}}, {"model": "energy.reading", "pk": 12, "fields": {"meter": 3, "date": "2026-01-30", "value": null, "consumption": null}}, {"model": "energy.reading", "pk": 13, "fields": {"meter": 3, "date": "2026-02-27", "value": null, "consumption": null}}, {"model": "energy.reading", "pk": 14, "fields": {"meter": 3, "date": "2026-03-28", "value": null, "consumption": null}}, {"model": "energy.reading", "pk": 15, "fields": {"meter": 5, "date": "2024-04-27", "value": "79744.000", "consumption": "1903.000"}}, {"model": "energy.reading", "pk": 16, "fields": {"meter": 5, "date": "2024-05-29", "value": "87130.000", "consumption": "7386.000"}}, {"model": "energy.reading", "pk": 17, "fields": {"meter": 5, "date": "2024-06-28", "value": "90686.000", "consumption": "3556.000"}}, {"model": "energy.reading", "pk": 18, "fields": {"meter": 5, "date": "2024-07-31", "value": "94497.000", "consumption": "3811.000"}}, {"model": "energy.reading", "pk": 19, "fields": {"meter": 5, "date": "2024-08-29", "value": "98478.000", "consumption": "3981.000"}}, {"model": "energy.reading", "pk": 20, "fields": {"meter": 5, "date": "2024-10-01", "value": "102426.000", "consumption": "3948.000"}}, {"model": "energy.reading", "pk": 21, "fields": {"meter": 5, "date": "2024-11-07", "value": "109547.000", "consumption": "7121.000"}}, {"model": "energy.reading", "pk": 22, "fields": {"meter": 5, "date": "2024-12-02", "value": "113487.000", "consumption": "3940.000"}}, {"model": "energy.reading", "pk": 23, "fields": {"meter": 5, "date": "2025-01-10", "value": "119283.000", "consumption": "5796.000"}}, {"model": "energy.reading", "pk": 24, "fields": {"meter": 5, "date": "2025-01-31", "value": "122378.000", "consumption": "3095.000"}}, {"model": "energy.reading", "pk": 25, "fields": {"meter": 5, "date": "2025-02-27", "value": "126951.000", "consumption": "4573.000"}}, {"model": "energy.reading", "pk": 26, "fields": {"meter": 5, "date": "2025-03-31", "value": "132405.000", "consumption": "5454.000"}}, {"model": "energy.reading", "pk": 27, "fields": {"meter": 5, "date": "2025-04-30", "value": "138279.000", "consumption": "5874.000"}}, {"model": "energy.reading", "pk": 28, "fields": {"meter": 5, "date": "2025-05-29", "value": "141749.000", "consumption": "3470.000"}}, {"model": "energy.reading", "pk": 29, "fields": {"meter": 5, "date": "2025-06-30", "value": "146304.000", "consumption": "4555.000"}}, {"model": "energy.reading", "pk": 30, "fields": {"meter": 5, "date": "2025-07-30", "value": "149800.000", "consumption": "3496.000"}}, {"model": "energy.reading", "pk": 31, "fields": {"meter": 5, "date": "2025-08-29", "value": "152654.000", "consumption": "2854.000"}}, {"model": "energy.reading", "pk": 32, "fields": {"meter": 5, "date": "2025-09-30", "value": "157154.000", "consumption": "4500.000"}}, {"model": "energy.reading", "pk": 33, "fields": {"meter": 5, "date": "2025-10-28", "value": "161415.000", "consumption": "4261.000"}}, {"model": "energy.reading", "pk": 34, "fields": {"meter": 5, "date": "2025-11-28", "value": "166155.000", "consumption": "4740.000"}}, {"model": "energy.reading", "pk": 35, "fields": {"meter": 5, "date": "2025-12-29", "value": "170888.000", "consumption": "4733.000"}}, {"model": "energy.reading", "pk": 36, "fields": {"meter": 5, "date": "2026-01-30", "value": "174680.000", "consumption": "3792.000"}}, {"model": "energy.reading", "pk": 37, "fields": {"meter": 5, "date": "2026-02-27", "value": "178458.000", "consumption": "3778.000"}}, {"model": "energy.reading", "pk": 38, "fields": {"meter": 5, "date": "2026-03-31", "value": "182988.000", "consumption": "4530.000"}}, {"model": "energy.reading", "pk": 39, "fields": {"meter": 5, "date": "2026-04-29", "value": "187172.000", "consumption": "4184.000"}}, {"model": "energy.reading", "pk": 40, "fields": {"meter": 1, "date": "2026-04-29", "value": "1619.860", "consumption": "46630.000"}}, {"model": "energy.reading", "pk": 41, "fields": {"meter": 3, "date": "2026-04-29", "value": null, "consumption": null}}, {"model": "energy.reading", "pk": 42, "fields": {"meter": 9, "date": "2026-04-29", "value": "298867.000", "consumption": "8744.000"}}, {"model": "energy.reading", "pk": 43, "fields": {"meter": 8, "date": "2025-01-31", "value": "20512.230", "consumption": "1439.450"}}, {"model": "energy.reading", "pk": 44, "fields": {"meter": 8, "date": "2025-02-28", "value": "22053.300", "consumption": "1541.070"}}, {"model": "energy.reading", "pk": 45, "fields": {"meter": 8, "date": "2025-03-30", "value": "23062.710", "consumption": "1009.410"}}, {"model": "energy.reading", "pk": 46, "fields": {"meter": 8, "date": "2025-04-30", "value": "24016.870", "consumption": "954.160"}}, {"model": "energy.reading", "pk": 47, "fields": {"meter": 8, "date": "2025-05-31", "value": "24353.360", "consumption": "336.490"}}, {"model": "energy.reading", "pk": 48, "fields": {"meter": 8, "date": "2025-06-30", "value": "24446.370", "consumption": "93.010"}}, {"model": "energy.reading", "pk": 49, "fields": {"meter": 8, "date": "2025-07-31", "value": "24551.030", "consumption": "104.660"}}, {"model": "energy.reading", "pk": 50, "fields": {"meter": 8, "date": "2025-08-31", "value": "24650.060", "consumption": "99.030"}}, {"model": "energy.reading", "pk": 51, "fields": {"meter": 8, "date": "2025-09-30", "value": "24785.580", "consumption": "135.520"}}, {"model": "energy.reading", "pk": 52, "fields": {"meter": 8, "date": "2025-10-31", "value": "25666.390", "consumption": "880.810"}}, {"model": "energy.reading", "pk": 53, "fields": {"meter": 8, "date": "2025-11-30", "value": "26849.740", "consumption": "1183.350"}}, {"model": "energy.reading", "pk": 54, "fields": {"meter": 8, "date": "2025-12-31", "value": "28370.720", "consumption": "1520.980"}}, {"model": "energy.reading", "pk": 55, "fields": {"meter": 8, "date": "2026-01-31", "value": "30252.150", "consumption": "1881.430"}}, {"model": "energy.reading", "pk": 56, "fields": {"meter": 8, "date": "2026-02-28", "value": "32008.800", "consumption": "1756.650"}}, {"model": "energy.reading", "pk": 57, "fields": {"meter": 8, "date": "2026-03-31", "value": "33250.380", "consumption": "1241.580"}}, {"model": "energy.reading", "pk": 58, "fields": {"meter": 8, "date": "2026-04-29", "value": "34213.290", "consumption": "962.910"}}, {"model": "energy.reading", "pk": 59, "fields": {"meter": 6, "date": "2024-04-27", "value": "95659.000", "consumption": "2291.000"}}, {"model": "energy.reading", "pk": 60, "fields": {"meter": 6, "date": "2024-05-31", "value": "102191.000", "consumption": "6532.000"}}, {"model": "energy.reading", "pk": 61, "fields": {"meter": 6, "date": "2024-06-28", "value": "105784.000", "consumption": "3593.000"}}, {"model": "energy.reading", "pk": 62, "fields": {"meter": 6, "date": "2024-07-31", "value": "109827.000", "consumption": "4043.000"}}, {"model": "energy.reading", "pk": 63, "fields": {"meter": 6, "date": "2024-08-31", "value": "113757.000", "consumption": "3930.000"}}, {"model": "energy.reading", "pk": 64, "fields": {"meter": 6, "date": "2024-09-30", "value": "117575.000", "consumption": "3818.000"}}, {"model": "energy.reading", "pk": 65, "fields": {"meter": 6, "date": "2024-10-31", "value": "123622.000", "consumption": "6047.000"}}, {"model": "energy.reading", "pk": 66, "fields": {"meter": 6, "date": "2024-11-30", "value": "127609.000", "consumption": "3987.000"}}, {"model": "energy.reading", "pk": 67, "fields": {"meter": 6, "date": "2024-12-31", "value": "133712.000", "consumption": "6103.000"}}, {"model": "energy.reading", "pk": 68, "fields": {"meter": 6, "date": "2025-01-31", "value": "136610.000", "consumption": "2898.000"}}, {"model": "energy.reading", "pk": 69, "fields": {"meter": 6, "date": "2025-02-27", "value": "140956.000", "consumption": "4346.000"}}, {"model": "energy.reading", "pk": 70, "fields": {"meter": 6, "date": "2025-03-31", "value": "145714.000", "consumption": "4758.000"}}, {"model": "energy.reading", "pk": 71, "fields": {"meter": 6, "date": "2025-04-30", "value": "150942.000", "consumption": "5228.000"}}, {"model": "energy.reading", "pk": 72, "fields": {"meter": 6, "date": "2025-05-29", "value": "154397.000", "consumption": "3455.000"}}, {"model": "energy.reading", "pk": 73, "fields": {"meter": 6, "date": "2025-06-30", "value": "158551.000", "consumption": "4154.000"}}, {"model": "energy.reading", "pk": 74, "fields": {"meter": 6, "date": "2025-07-30", "value": "162415.000", "consumption": "3864.000"}}, {"model": "energy.reading", "pk": 75, "fields": {"meter": 9, "date": "2025-01-31", "value": "194713.000", "consumption": "6472.000"}}, {"model": "energy.reading", "pk": 76, "fields": {"meter": 9, "date": "2025-02-28", "value": "201069.000", "consumption": "6356.000"}}, {"model": "energy.reading", "pk": 77, "fields": {"meter": 9, "date": "2025-03-31", "value": "208940.000", "consumption": "7871.000"}}, {"model": "energy.reading", "pk": 78, "fields": {"meter": 9, "date": "2025-04-30", "value": "216437.000", "consumption": "7497.000"}}, {"model": "energy.reading", "pk": 79, "fields": {"meter": 9, "date": "2025-05-31", "value": "223694.000", "consumption": "7257.000"}}, {"model": "energy.reading", "pk": 80, "fields": {"meter": 9, "date": "2025-06-30", "value": "230104.000", "consumption": "6410.000"}}, {"model": "energy.reading", "pk": 81, "fields": {"meter": 9, "date": "2025-07-31", "value": "234542.000", "consumption": "4438.000"}}, {"model": "energy.reading", "pk": 82, "fields": {"meter": 9, "date": "2025-08-31", "value": "237856.000", "consumption": "3314.000"}}, {"model": "energy.reading", "pk": 83, "fields": {"meter": 9, "date": "2025-09-30", "value": "243266.000", "consumption": "5410.000"}}, {"model": "energy.reading", "pk": 84, "fields": {"meter": 9, "date": "2025-10-31", "value": "248976.000", "consumption": "5710.000"}}, {"model": "energy.reading", "pk": 85, "fields": {"meter": 9, "date": "2025-11-30", "value": "256662.000", "consumption": "7686.000"}}, {"model": "energy.reading", "pk": 86, "fields": {"meter": 9, "date": "2025-12-31", "value": "265044.000", "consumption": "8382.000"}}, {"model": "energy.reading", "pk": 87, "fields": {"meter": 9, "date": "2026-01-31", "value": "272714.000", "consumption": "7670.000"}}, {"model": "energy.reading", "pk": 88, "fields": {"meter": 9, "date": "2026-02-28", "value": "280165.000", "consumption": "7451.000"}}, {"model": "energy.reading", "pk": 89, "fields": {"meter": 9, "date": "2026-03-31", "value": "290123.000", "consumption": "9958.000"}}, {"model": "energy.zonereading", "pk": 1, "fields": {"reading": 9, "tariff_component": 2, "value": "7.970", "consumption": "1275.200"}}, {"model": "energy.zonereading", "pk": 2, "fields": {"reading": 9, "tariff_component": 3, "value": "4.910", "consumption": "785.600"}}, {"model": "energy.zonereading", "pk": 3, "fields": {"reading": 9, "tariff_component": 4, "value": "9.410", "consumption": "1505.600"}}, {"model": "energy.zonereading", "pk": 4, "fields": {"reading": 10, "tariff_component": 2, "value": "131.660", "consumption": "19790.400"}}, {"model": "energy.zonereading", "pk": 5, "fields": {"reading": 10, "tariff_component": 3, "value": "84.020", "consumption": "12657.600"}}, {"model": "energy.zonereading", "pk": 6, "fields": {"reading": 10, "tariff_component": 4, "value": "164.930", "consumption": "24883.200"}}, {"model": "energy.zonereading", "pk": 7, "fields": {"reading": 11, "tariff_component": 2, "value": "259.790", "consumption": "20500.800"}}, {"model": "energy.zonereading", "pk": 8, "fields": {"reading": 11, "tariff_component": 3, "value": "170.070", "consumption": "13768.000"}}, {"model": "energy.zonereading", "pk": 9, "fields": {"reading": 11, "tariff_component": 4, "value": "329.670", "consumption": "26358.400"}}, {"model": "energy.zonereading", "pk": 10, "fields": {"reading": 12, "tariff_component": 2, "value": "379.820", "consumption": "19204.800"}}, {"model": "energy.zonereading", "pk": 11, "fields": {"reading": 12, "tariff_component": 3, "value": "256.740", "consumption": "13867.200"}}, {"model": "energy.zonereading", "pk": 12, "fields": {"reading": 12, "tariff_component": 4, "value": "485.880", "consumption": "24993.600"}}, {"model": "energy.zonereading", "pk": 13, "fields": {"reading": 13, "tariff_component": 2, "value": "492.690", "consumption": "18059.200"}}, {"model": "energy.zonereading", "pk": 14, "fields": {"reading": 13, "tariff_component": 3, "value": "335.670", "consumption": "12628.800"}}, {"model": "energy.zonereading", "pk": 15, "fields": {"reading": 13, "tariff_component": 4, "value": "627.890", "consumption": "22721.600"}}, {"model": "energy.zonereading", "pk": 16, "fields": {"reading": 14, "tariff_component": 2, "value": "622.590", "consumption": "20784.000"}}, {"model": "energy.zonereading", "pk": 17, "fields": {"reading": 14, "tariff_component": 3, "value": "426.500", "consumption": "14532.800"}}, {"model": "energy.zonereading", "pk": 18, "fields": {"reading": 14, "tariff_component": 4, "value": "794.850", "consumption": "26713.600"}}, {"model": "energy.zonereading", "pk": 19, "fields": {"reading": 41, "tariff_component": 2, "value": "741.360", "consumption": "19003.200"}}, {"model": "energy.zonereading", "pk": 20, "fields": {"reading": 41, "tariff_component": 3, "value": "509.310", "consumption": "13249.600"}}, {"model": "energy.zonereading", "pk": 21, "fields": {"reading": 41, "tariff_component": 4, "value": "945.690", "consumption": "24134.400"}}, {"model": "energy.meterdocument", "pk": 1, "fields": {"meter": 1, "file": "meter_documents/2026/04/27/АДПУ_023240140686.pdf", "description": "Акт допуска", "uploaded_at": "2026-04-27T07:59:46.729Z"}}, {"model": "energy.meterdocument", "pk": 2, "fields": {"meter": 1, "file": "meter_documents/2026/04/27/Паспорта_прибор_и_ТТ_023240140686.pdf", "description": "Паспорта на прибор и трансформаторы тока", "uploaded_at": "2026-04-27T08:01:27.323Z"}}, {"model": "energy.meterdocument", "pk": 3, "fields": {"meter": 2, "file": "meter_documents/2026/04/27/АДПУ_023240140718.pdf", "description": "Акт допуска", "uploaded_at": "2026-04-27T08:15:19.291Z"}}, {"model": "energy.meterdocument", "pk": 4, "fields": {"meter": 2, "file": "meter_documents/2026/04/27/Паспорта_прибор_и_ТТ_023240140718.pdf", "description": "Паспорта на прибор и трансформаторы тока", "uploaded_at": "2026-04-27T08:15:46.104Z"}}, {"model": "energy.meterdocument", "pk": 5, "fields": {"meter": 3, "file": "meter_documents/2026/04/27/АДПУ_023240140876.pdf", "description": "Акт допуска", "uploaded_at": "2026-04-27T09:53:57.607Z"}}, {"model": "energy.meterdocument", "pk": 6, "fields": {"meter": 3, "file": "meter_documents/2026/04/27/Паспорта_прибор_и_ТТ_023240140876.pdf", "description": "Паспорта на прибор и трансформаторы тока", "uploaded_at": "2026-04-27T09:54:23.388Z"}}, {"model": "energy.meterdocument", "pk": 8, "fields": {"meter": 4, "file": "meter_documents/2026/04/27/АДПУ_023240140296.pdf", "description": "Акт допуска", "uploaded_at": "2026-04-27T09:54:58.139Z"}}, {"model": "energy.meterdocument", "pk": 9, "fields": {"meter": 4, "file": "meter_documents/2026/04/27/Паспорта_прибор_и_ТТ_023240140296.pdf", "description": "Паспорта на прибор и трансформаторы тока", "uploaded_at": "2026-04-27T09:55:18.010Z"}}, {"model": "energy.meterdocument", "pk": 10, "fields": {"meter": 8, "file": "meter_documents/2026/04/28/Скан-копия_акта_подписанного_на_бумаге_7.PDF", "description": "Акт периодической поверки июль 2025", "uploaded_at": "2026-04-28T09:34:50.501Z"}}, {"model": "energy.meterdocument", "pk": 12, "fields": {"meter": 8, "file": "meter_documents/2026/04/28/Проект.pdf", "description": "Проект узла учета тепловой энергии", "uploaded_at": "2026-04-28T09:41:23.298Z"}}, {"model": "energy.meterdocument", "pk": 13, "fields": {"meter": 8, "file": "meter_documents/2026/04/28/Паспорт_УУТЭ.pdf", "description": "Паспорт узла учета тепловой энергии", "uploaded_at": "2026-04-28T09:49:57.607Z"}}, {"model": "energy.meterdocument", "pk": 14, "fields": {"meter": 8, "file": "meter_documents/2026/04/28/паспорт_водомер_подпитки.pdf", "description": "Паспорт водомер подпитки", "uploaded_at": "2026-04-28T09:50:36.048Z"}}, {"model": "energy.meterdocument", "pk": 15, "fields": {"meter": 5, "file": "meter_documents/2026/04/29/04._акт_снятия_пу_апрель_2024.pdf", "description": "Акт снятия показаний 04.2024", "uploaded_at": "2026-04-29T12:02:42.502Z"}}, {"model": "energy.meterdocument", "pk": 16, "fields": {"meter": 5, "file": "meter_documents/2026/04/29/05._акт_снятия_пу_май_2024.pdf", "description": "Акт снятия показаний 05.2024", "uploaded_at": "2026-04-29T12:03:07.770Z"}}, {"model": "energy.meterdocument", "pk": 17, "fields": {"meter": 5, "file": "meter_documents/2026/04/29/06._акт_снятия_показаний_пу_июнь_2024.pdf", "description": "Акт снятия показаний 06.2024", "uploaded_at": "2026-04-29T12:03:53.658Z"}}, {"model": "energy.meterdocument", "pk": 18, "fields": {"meter": 5, "file": "meter_documents/2026/04/29/07._акт_снятия_пу_июль_2024.pdf", "description": "Акт снятия показаний 07.2024", "uploaded_at": "2026-04-29T12:04:19.720Z"}}, {"model": "energy.meterdocument", "pk": 19, "fields": {"meter": 5, "file": "meter_documents/2026/04/29/08._акт_снятия_показаний_пу_август_2024.pdf", "description": "Акт снятия показаний 08.2024", "uploaded_at": "2026-04-29T12:04:50.267Z"}}, {"model": "energy.meterdocument", "pk": 20, "fields": {"meter": 5, "file": "meter_documents/2026/04/29/09._акт_снятия_показаний_пу_сентябрь_2024.pdf", "description": "Акт снятия показаний 09.2024", "uploaded_at": "2026-04-29T12:05:32.362Z"}}, {"model": "energy.meterdocument", "pk": 21, "fields": {"meter": 5, "file": "meter_documents/2026/04/29/10._акт_снятия_показаний_пу_октябрь_2024.pdf", "description": "Акт снятия показаний 10.2024", "uploaded_at": "2026-04-29T12:06:07.013Z"}}, {"model": "energy.meterdocument", "pk": 22, "fields": {"meter": 5, "file": "meter_documents/2026/04/29/11._акт_снятия_показаний_пу_ноябрь_2024.pdf", "description": "Акт снятия показаний 11.2024", "uploaded_at": "2026-04-29T12:06:31.404Z"}}, {"model": "energy.meterdocument", "pk": 23, "fields": {"meter": 5, "file": "meter_documents/2026/04/29/12._акт_снятия_показаний_декабрь_2024.pdf", "description": "Акт снятия показаний 12.2024", "uploaded_at": "2026-04-29T12:06:52.424Z"}}, {"model": "energy.meterdocument", "pk": 24, "fields": {"meter": 5, "file": "meter_documents/2026/04/29/01._январь_2025.pdf", "description": "Акт снятия показаний 01.2025", "uploaded_at": "2026-04-29T12:08:22.912Z"}}, {"model": "energy.meterdocument", "pk": 25, "fields": {"meter": 5, "file": "meter_documents/2026/04/29/02._февраль_2025.pdf", "description": "Акт снятия показаний 02.2025", "uploaded_at": "2026-04-29T12:09:23.327Z"}}, {"model": "energy.meterdocument", "pk": 26, "fields": {"meter": 5, "file": "meter_documents/2026/04/29/03._март_2025.pdf", "description": "Акт снятия показаний 03.2025", "uploaded_at": "2026-04-29T12:09:56.859Z"}}, {"model": "energy.meterdocument", "pk": 27, "fields": {"meter": 5, "file": "meter_documents/2026/04/29/04._апрель_2025.pdf", "description": "Акт снятия показаний 04.2025", "uploaded_at": "2026-04-29T12:10:45.311Z"}}, {"model": "energy.meterdocument", "pk": 28, "fields": {"meter": 5, "file": "meter_documents/2026/04/29/05._май_2025.pdf", "description": "Акт снятия показаний 05.2025", "uploaded_at": "2026-04-29T12:11:21.226Z"}}, {"model": "energy.meterdocument", "pk": 29, "fields": {"meter": 5, "file": "meter_documents/2026/04/29/06._июнь_2025.pdf", "description": "Акт снятия показаний 06.2025", "uploaded_at": "2026-04-29T12:11:46.087Z"}}, {"model": "energy.meterdocument", "pk": 30, "fields": {"meter": 5, "file": "meter_documents/2026/04/29/07._июль_2025.pdf", "description": "Акт снятия показаний 07.2025", "uploaded_at": "2026-04-29T12:12:15.795Z"}}, {"model": "energy.meterdocument", "pk": 31, "fields": {"meter": 5, "file": "meter_documents/2026/04/29/08._август_2025.pdf", "description": "Акт снятия показаний 08.2025", "uploaded_at": "2026-04-29T12:12:43.594Z"}}, {"model": "energy.meterdocument", "pk": 32, "fields": {"meter": 5, "file": "meter_documents/2026/04/29/09._сентябрь_2025.pdf", "description": "Акт снятия показаний 09.2025", "uploaded_at": "2026-04-29T12:13:14.291Z"}}, {"model": "energy.meterdocument", "pk": 33, "fields": {"meter": 5, "file": "meter_documents/2026/04/29/10._октябрь_2025.pdf", "description": "Акт снятия показаний 10.2025", "uploaded_at": "2026-04-29T12:14:20.037Z"}}, {"model": "energy.meterdocument", "pk": 34, "fields": {"meter": 5, "file": "meter_documents/2026/04/29/11._ноябрь_2025.pdf", "description": "Акт снятия показаний 11.2025", "uploaded_at": "2026-04-29T12:14:42.055Z"}}, {"model": "energy.meterdocument", "pk": 35, "fields": {"meter": 5, "file": "meter_documents/2026/04/29/12._декабрь_2025.pdf", "description": "Акт снятия показаний 12.2025", "uploaded_at": "2026-04-29T12:15:12.026Z"}}, {"model": "energy.meterdocument", "pk": 36, "fields": {"meter": 5, "file": "meter_documents/2026/04/29/01._январь_2026.pdf", "description": "Акт снятия показаний 01.2026", "uploaded_at": "2026-04-29T12:18:51.949Z"}}, {"model": "energy.meterdocument", "pk": 37, "fields": {"meter": 5, "file": "meter_documents/2026/04/29/02._февраль_2026.pdf", "description": "Акт снятия показаний 02.2026", "uploaded_at": "2026-04-29T12:19:14.572Z"}}, {"model": "energy.meterdocument", "pk": 38, "fields": {"meter": 5, "file": "meter_documents/2026/04/29/03._март_2026.pdf", "description": "Акт снятия показаний 03.2026", "uploaded_at": "2026-04-29T12:19:43.536Z"}}, {"model": "energy.meterdocument", "pk": 39, "fields": {"meter": 5, "file": "meter_documents/2026/04/29/04._апрель_2026.pdf", "description": "Акт снятия показаний 04.2026", "uploaded_at": "2026-04-29T12:20:36.180Z"}}, {"model": "energy.meterdocument", "pk": 40, "fields": {"meter": 8, "file": "meter_documents/2026/05/07/С-ЕШИ_29-04-2026_524405357.2026-05-07.pdf", "description": "Свидетельство о поверке водомер 29.04.2026", "uploaded_at": "2026-05-07T07:46:47.669Z"}}, {"model": "energy.meterdocument", "pk": 41, "fields": {"meter": 8, "file": "meter_documents/2026/05/07/С-ЕШИ_29-04-2026_524401740.2026-05-07.pdf", "description": "Свидетельство о поверке термометры 29.04.2026", "uploaded_at": "2026-05-07T07:48:16.555Z"}}, {"model": "energy.meterdocument", "pk": 42, "fields": {"meter": 8, "file": "meter_documents/2026/05/07/С-ЕАЫ_29-04-2026_524402375.2026-05-07.pdf", "description": "Свидетельство о поверке прибор 29.04.2026", "uploaded_at": "2026-05-07T07:50:45.948Z"}}, {"model": "energy.meterdocument", "pk": 43, "fields": {"meter": 8, "file": "meter_documents/2026/05/07/Акт_демонтажа_29.04.2026.pdf", "description": "Акт демонтажа ПУ от 29.04.2026", "uploaded_at": "2026-05-07T08:30:36.696Z"}}, {"model": "energy.userlog", "pk": 1, "fields": {"user": ["bikov"], "action": "VIEW", "model_name": "Report", "object_id": "", "details": "Просмотр отчёта по потреблению за Апрель 2026, фильтр: all", "ip_address": "78.17.66.84", "timestamp": "2026-04-26T20:47:07.153Z"}}, {"model": "energy.userlog", "pk": 2, "fields": {"user": ["bikov"], "action": "VIEW", "model_name": "Report", "object_id": "", "details": "Просмотр отчёта по аномалиям (порог 2.0)", "ip_address": "78.17.66.84", "timestamp": "2026-04-26T20:47:11.338Z"}}, {"model": "energy.userlog", "pk": 3, "fields": {"user": ["bikov"], "action": "VIEW", "model_name": "Report", "object_id": "", "details": "Просмотр отчёта по потреблению за Апрель 2026, фильтр: all", "ip_address": "85.198.105.97", "timestamp": "2026-04-26T20:48:50.873Z"}}, {"model": "energy.userlog", "pk": 4, "fields": {"user": ["bikov"], "action": "VIEW", "model_name": "Report", "object_id": "", "details": "Просмотр отчёта по потреблению за Апрель 2026, фильтр: all", "ip_address": "85.198.105.97", "timestamp": "2026-04-26T20:54:42.789Z"}}, {"model": "energy.userlog", "pk": 5, "fields": {"user": ["bikov"], "action": "VIEW", "model_name": "Report", "object_id": "", "details": "Просмотр отчёта по аномалиям (порог 2.0)", "ip_address": "78.17.66.84", "timestamp": "2026-04-26T21:06:43.047Z"}}, {"model": "energy.userlog", "pk": 6, "fields": {"user": ["bikov"], "action": "VIEW", "model_name": "Meter", "object_id": "1", "details": "Просмотр счётчика 023240140686", "ip_address": "86.110.118.251", "timestamp": "2026-04-27T07:56:26.203Z"}}, {"model": "energy.userlog", "pk": 7, "fields": {"user": ["bikov"], "action": "CREATE", "model_name": "MeterDocument", "object_id": "1", "details": "Загружен документ для счётчика 023240140686: АДПУ_023240140686.pdf", "ip_address": "86.110.118.251", "timestamp": "2026-04-27T07:59:46.826Z"}}, {"model": "energy.userlog", "pk": 8, "fields": {"user": ["bikov"], "action": "VIEW", "model_name": "Meter", "object_id": "1", "details": "Просмотр счётчика 023240140686", "ip_address": "86.110.118.251", "timestamp": "2026-04-27T07:59:47.168Z"}}, {"model": "energy.userlog", "pk": 9, "fields": {"user": ["bikov"], "action": "CREATE", "model_name": "MeterDocument", "object_id": "2", "details": "Загружен документ для счётчика 023240140686: Паспорта_прибор_и_ТТ_023240140686.pdf", "ip_address": "86.110.118.251", "timestamp": "2026-04-27T08:01:27.355Z"}}, {"model": "energy.userlog", "pk": 10, "fields": {"user": ["bikov"], "action": "VIEW", "model_name": "Meter", "object_id": "1", "details": "Просмотр счётчика 023240140686", "ip_address": "86.110.118.251", "timestamp": "2026-04-27T08:01:27.447Z"}}, {"model": "energy.userlog", "pk": 11, "fields": {"user": ["bikov"], "action": "CREATE", "model_name": "Reading", "object_id": "1", "details": "Показание для 023240140686 от 2026-05-30: 0", "ip_address": "86.110.118.251", "timestamp": "2026-04-27T08:02:15.198Z"}}, {"model": "energy.userlog", "pk": 12, "fields": {"user": ["bikov"], "action": "VIEW", "model_name": "Meter", "object_id": "1", "details": "Просмотр счётчика 023240140686", "ip_address": "86.110.118.251", "timestamp": "2026-04-27T08:02:15.270Z"}}, {"model": "energy.userlog", "pk": 13, "fields": {"user": ["bikov"], "action": "VIEW", "model_name": "Meter", "object_id": "1", "details": "Просмотр счётчика 023240140686", "ip_address": "86.110.118.251", "timestamp": "2026-04-27T08:07:44.914Z"}}, {"model": "energy.userlog", "pk": 14, "fields": {"user": ["bikov"], "action": "CREATE", "model_name": "Meter", "object_id": "2", "details": "Добавлен счётчик: 023240140718, тип: Электроэнергия-одноставочный", "ip_address": "86.110.118.251", "timestamp": "2026-04-27T08:11:52.316Z"}}, {"model": "energy.userlog", "pk": 15, "fields": {"user": ["bikov"], "action": "EDIT", "model_name": "Meter", "object_id": "1", "details": "Редактирование счётчика 023240140686", "ip_address": "86.110.118.251", "timestamp": "2026-04-27T08:12:13.130Z"}}, {"model": "energy.userlog", "pk": 16, "fields": {"user": ["bikov"], "action": "VIEW", "model_name": "Meter", "object_id": "2", "details": "Просмотр счётчика 023240140718", "ip_address": "86.110.118.251", "timestamp": "2026-04-27T08:14:59.048Z"}}, {"model": "energy.userlog", "pk": 17, "fields": {"user": ["bikov"], "action": "CREATE", "model_name": "MeterDocument", "object_id": "3", "details": "Загружен документ для счётчика 023240140718: АДПУ_023240140718.pdf", "ip_address": "86.110.118.251", "timestamp": "2026-04-27T08:15:19.330Z"}}, {"model": "energy.userlog", "pk": 18, "fields": {"user": ["bikov"], "action": "VIEW", "model_name": "Meter", "object_id": "2", "details": "Просмотр счётчика 023240140718", "ip_address": "86.110.118.251", "timestamp": "2026-04-27T08:15:19.411Z"}}, {"model": "energy.userlog", "pk": 19, "fields": {"user": ["bikov"], "action": "CREATE", "model_name": "MeterDocument", "object_id": "4", "details": "Загружен документ для счётчика 023240140718: Паспорта_прибор_и_ТТ_023240140718.pdf", "ip_address": "86.110.118.251", "timestamp": "2026-04-27T08:15:46.149Z"}}, {"model": "energy.userlog", "pk": 20, "fields": {"user": ["bikov"], "action": "VIEW", "model_name": "Meter", "object_id": "2", "details": "Просмотр счётчика 023240140718", "ip_address": "86.110.118.251", "timestamp": "2026-04-27T08:15:46.243Z"}}, {"model": "energy.userlog", "pk": 21, "fields": {"user": ["bikov"], "action": "VIEW", "model_name": "Meter", "object_id": "1", "details": "Просмотр счётчика 023240140686", "ip_address": "86.110.118.251", "timestamp": "2026-04-27T08:19:38.410Z"}}, {"model": "energy.userlog", "pk": 22, "fields": {"user": ["bikov"], "action": "VIEW", "model_name": "Meter", "object_id": "2", "details": "Просмотр счётчика 023240140718", "ip_address": "86.110.118.251", "timestamp": "2026-04-27T08:19:44.110Z"}}, {"model": "energy.userlog", "pk": 23, "fields": {"user": ["bikov"], "action": "CREATE", "model_name": "Meter", "object_id": "3", "details": "Добавлен счётчик: 23240140876, тип: Электроэнергия", "ip_address": "86.110.118.251", "timestamp": "2026-04-27T09:44:48.797Z"}}, {"model": "energy.userlog", "pk": 24, "fields": {"user": ["bikov"], "action": "CREATE", "model_name": "Meter", "object_id": "4", "details": "Добавлен счётчик: 023240140296, тип: Электроэнергия", "ip_address": "86.110.118.251", "timestamp": "2026-04-27T09:46:37.236Z"}}, {"model": "energy.userlog", "pk": 25, "fields": {"user": ["bikov"], "action": "CREATE", "model_name": "Meter", "object_id": "5", "details": "Добавлен счётчик: 256780, тип: Электроэнергия-одноставочный", "ip_address": "86.110.118.251", "timestamp": "2026-04-27T09:48:21.426Z"}}, {"model": "energy.userlog", "pk": 26, "fields": {"user": ["bikov"], "action": "CREATE", "model_name": "Meter", "object_id": "6", "details": "Добавлен счётчик: 256789, тип: Электроэнергия-одноставочный", "ip_address": "86.110.118.251", "timestamp": "2026-04-27T09:48:43.901Z"}}, {"model": "energy.userlog", "pk": 27, "fields": {"user": ["bikov"], "action": "VIEW", "model_name": "Meter", "object_id": "3", "details": "Просмотр счётчика 23240140876", "ip_address": "86.110.118.251", "timestamp": "2026-04-27T09:53:35.423Z"}}, {"model": "energy.userlog", "pk": 28, "fields": {"user": ["bikov"], "action": "CREATE", "model_name": "MeterDocument", "object_id": "5", "details": "Загружен документ для счётчика 23240140876: АДПУ_023240140876.pdf", "ip_address": "86.110.118.251", "timestamp": "2026-04-27T09:53:57.656Z"}}, {"model": "energy.userlog", "pk": 29, "fields": {"user": ["bikov"], "action": "VIEW", "model_name": "Meter", "object_id": "3", "details": "Просмотр счётчика 23240140876", "ip_address": "86.110.118.251", "timestamp": "2026-04-27T09:53:57.765Z"}}, {"model": "energy.userlog", "pk": 30, "fields": {"user": ["bikov"], "action": "CREATE", "model_name": "MeterDocument", "object_id": "6", "details": "Загружен документ для счётчика 23240140876: Паспорта_прибор_и_ТТ_023240140876.pdf", "ip_address": "86.110.118.251", "timestamp": "2026-04-27T09:54:23.431Z"}}, {"model": "energy.userlog", "pk": 31, "fields": {"user": ["bikov"], "action": "VIEW", "model_name": "Meter", "object_id": "3", "details": "Просмотр счётчика 23240140876", "ip_address": "86.110.118.251", "timestamp": "2026-04-27T09:54:23.542Z"}}, {"model": "energy.userlog", "pk": 32, "fields": {"user": ["bikov"], "action": "CREATE", "model_name": "MeterDocument", "object_id": "7", "details": "Загружен документ для счётчика 23240140876: Паспорта_прибор_и_ТТ_023240140876_DsqWGuy.pdf", "ip_address": "86.110.118.251", "timestamp": "2026-04-27T09:54:24.875Z"}}, {"model": "energy.userlog", "pk": 33, "fields": {"user": ["bikov"], "action": "VIEW", "model_name": "Meter", "object_id": "4", "details": "Просмотр счётчика 023240140296", "ip_address": "86.110.118.251", "timestamp": "2026-04-27T09:54:42.717Z"}}, {"model": "energy.userlog", "pk": 34, "fields": {"user": ["bikov"], "action": "CREATE", "model_name": "MeterDocument", "object_id": "8", "details": "Загружен документ для счётчика 023240140296: АДПУ_023240140296.pdf", "ip_address": "86.110.118.251", "timestamp": "2026-04-27T09:54:58.196Z"}}, {"model": "energy.userlog", "pk": 35, "fields": {"user": ["bikov"], "action": "VIEW", "model_name": "Meter", "object_id": "4", "details": "Просмотр счётчика 023240140296", "ip_address": "86.110.118.251", "timestamp": "2026-04-27T09:54:58.300Z"}}, {"model": "energy.userlog", "pk": 36, "fields": {"user": ["bikov"], "action": "CREATE", "model_name": "MeterDocument", "object_id": "9", "details": "Загружен документ для счётчика 023240140296: Паспорта_прибор_и_ТТ_023240140296.pdf", "ip_address": "86.110.118.251", "timestamp": "2026-04-27T09:55:18.150Z"}}, {"model": "energy.userlog", "pk": 37, "fields": {"user": ["bikov"], "action": "VIEW", "model_name": "Meter", "object_id": "4", "details": "Просмотр счётчика 023240140296", "ip_address": "86.110.118.251", "timestamp": "2026-04-27T09:55:18.314Z"}}, {"model": "energy.userlog", "pk": 38, "fields": {"user": ["bikov"], "action": "VIEW", "model_name": "Meter", "object_id": "4", "details": "Просмотр счётчика 023240140296", "ip_address": "86.110.118.251", "timestamp": "2026-04-27T09:55:41.857Z"}}, {"model": "energy.userlog", "pk": 39, "fields": {"user": ["bikov"], "action": "CREATE", "model_name": "Meter", "object_id": "7", "details": "Добавлен счётчик: 256790, тип: Электроэнергия-одноставочный", "ip_address": "86.110.118.251", "timestamp": "2026-04-27T09:56:03.406Z"}}, {"model": "energy.userlog", "pk": 40, "fields": {"user": ["bikov"], "action": "VIEW", "model_name": "Meter", "object_id": "1", "details": "Просмотр счётчика 023240140686", "ip_address": "78.17.66.84", "timestamp": "2026-04-27T10:44:05.720Z"}}, {"model": "energy.userlog", "pk": 41, "fields": {"user": ["bikov"], "action": "VIEW", "model_name": "Report", "object_id": "", "details": "Просмотр отчёта по потреблению за Апрель 2026, фильтр: all", "ip_address": "86.110.118.251", "timestamp": "2026-04-27T13:16:51.248Z"}}, {"model": "energy.userlog", "pk": 42, "fields": {"user": ["bikov"], "action": "VIEW", "model_name": "Report", "object_id": "", "details": "Просмотр отчёта по потреблению за 2026, фильтр: all", "ip_address": "86.110.118.251", "timestamp": "2026-04-27T13:17:04.156Z"}}, {"model": "energy.userlog", "pk": 43, "fields": {"user": ["bikov"], "action": "VIEW", "model_name": "Report", "object_id": "", "details": "Просмотр отчёта по потреблению за 2026, фильтр: all", "ip_address": "86.110.118.251", "timestamp": "2026-04-27T13:17:06.382Z"}}, {"model": "energy.userlog", "pk": 44, "fields": {"user": ["bikov"], "action": "VIEW", "model_name": "Report", "object_id": "", "details": "Просмотр отчёта по потреблению за 2026, фильтр: all", "ip_address": "86.110.118.251", "timestamp": "2026-04-27T13:17:07.375Z"}}, {"model": "energy.userlog", "pk": 45, "fields": {"user": ["bikov"], "action": "VIEW", "model_name": "Report", "object_id": "", "details": "Просмотр отчёта по потреблению за 2026, фильтр: all", "ip_address": "86.110.118.251", "timestamp": "2026-04-27T13:17:07.941Z"}}, {"model": "energy.userlog", "pk": 46, "fields": {"user": ["bikov"], "action": "VIEW", "model_name": "Report", "object_id": "", "details": "Просмотр отчёта по потреблению за 2026, фильтр: all", "ip_address": "86.110.118.251", "timestamp": "2026-04-27T13:17:08.117Z"}}, {"model": "energy.userlog", "pk": 47, "fields": {"user": ["bikov"], "action": "VIEW", "model_name": "Report", "object_id": "", "details": "Просмотр отчёта по потреблению за 2026, фильтр: all", "ip_address": "86.110.118.251", "timestamp": "2026-04-27T13:17:08.292Z"}}, {"model": "energy.userlog", "pk": 48, "fields": {"user": ["bikov"], "action": "VIEW", "model_name": "Report", "object_id": "", "details": "Просмотр отчёта по потреблению за 2026, фильтр: all", "ip_address": "86.110.118.251", "timestamp": "2026-04-27T13:17:08.451Z"}}, {"model": "energy.userlog", "pk": 49, "fields": {"user": ["bikov"], "action": "VIEW", "model_name": "Report", "object_id": "", "details": "Просмотр отчёта по потреблению за 2026, фильтр: all", "ip_address": "86.110.118.251", "timestamp": "2026-04-27T13:17:08.720Z"}}, {"model": "energy.userlog", "pk": 50, "fields": {"user": ["bikov"], "action": "VIEW", "model_name": "Report", "object_id": "", "details": "Просмотр отчёта по потреблению за 2026, фильтр: all", "ip_address": "86.110.118.251", "timestamp": "2026-04-27T13:17:09.282Z"}}, {"model": "energy.userlog", "pk": 51, "fields": {"user": ["bikov"], "action": "VIEW", "model_name": "Report", "object_id": "", "details": "Просмотр отчёта по потреблению за 2026, фильтр: all", "ip_address": "86.110.118.251", "timestamp": "2026-04-27T13:17:09.487Z"}}, {"model": "energy.userlog", "pk": 52, "fields": {"user": ["bikov"], "action": "VIEW", "model_name": "Report", "object_id": "", "details": "Просмотр отчёта по потреблению за 2026, фильтр: all", "ip_address": "86.110.118.251", "timestamp": "2026-04-27T13:17:09.684Z"}}, {"model": "energy.userlog", "pk": 53, "fields": {"user": ["bikov"], "action": "VIEW", "model_name": "Report", "object_id": "", "details": "Просмотр отчёта по потреблению за 2026, фильтр: 2", "ip_address": "86.110.118.251", "timestamp": "2026-04-27T13:17:14.829Z"}}, {"model": "energy.userlog", "pk": 54, "fields": {"user": ["bikov"], "action": "VIEW", "model_name": "Report", "object_id": "", "details": "Просмотр отчёта по потреблению за 2026, фильтр: 1", "ip_address": "86.110.118.251", "timestamp": "2026-04-27T13:17:18.130Z"}}, {"model": "energy.userlog", "pk": 55, "fields": {"user": ["bikov"], "action": "VIEW", "model_name": "Report", "object_id": "", "details": "Просмотр отчёта по потреблению за 2026, фильтр: 1", "ip_address": "86.110.118.251", "timestamp": "2026-04-27T13:17:19.598Z"}}, {"model": "energy.userlog", "pk": 56, "fields": {"user": ["bikov"], "action": "VIEW", "model_name": "Report", "object_id": "", "details": "Просмотр отчёта по потреблению за 2026, фильтр: 1", "ip_address": "86.110.118.251", "timestamp": "2026-04-27T13:17:20.020Z"}}, {"model": "energy.userlog", "pk": 57, "fields": {"user": ["bikov"], "action": "VIEW", "model_name": "Report", "object_id": "", "details": "Просмотр отчёта по потреблению за 2026, фильтр: 1", "ip_address": "86.110.118.251", "timestamp": "2026-04-27T13:17:20.199Z"}}, {"model": "energy.userlog", "pk": 58, "fields": {"user": ["bikov"], "action": "VIEW", "model_name": "Report", "object_id": "", "details": "Просмотр отчёта по потреблению за 2026, фильтр: 1", "ip_address": "86.110.118.251", "timestamp": "2026-04-27T13:17:20.364Z"}}, {"model": "energy.userlog", "pk": 59, "fields": {"user": ["bikov"], "action": "VIEW", "model_name": "Meter", "object_id": "4", "details": "Просмотр счётчика 023240140296", "ip_address": "86.110.118.251", "timestamp": "2026-04-27T15:28:57.811Z"}}, {"model": "energy.userlog", "pk": 60, "fields": {"user": ["bikov"], "action": "VIEW", "model_name": "Meter", "object_id": "1", "details": "Просмотр счётчика 023240140686", "ip_address": "86.110.118.251", "timestamp": "2026-04-27T15:30:19.432Z"}}, {"model": "energy.userlog", "pk": 61, "fields": {"user": ["bikov"], "action": "CREATE", "model_name": "Reading", "object_id": "2", "details": "Показание для 023240140686 от 2025-10-31: 0", "ip_address": "86.110.118.251", "timestamp": "2026-04-27T15:31:22.321Z"}}, {"model": "energy.userlog", "pk": 62, "fields": {"user": ["bikov"], "action": "VIEW", "model_name": "Meter", "object_id": "1", "details": "Просмотр счётчика 023240140686", "ip_address": "86.110.118.251", "timestamp": "2026-04-27T15:31:22.429Z"}}, {"model": "energy.userlog", "pk": 63, "fields": {"user": ["bikov"], "action": "DELETE", "model_name": "Reading", "object_id": "1", "details": "Удалено показание для 023240140686 от 2026-05-30", "ip_address": "86.110.118.251", "timestamp": "2026-04-27T15:31:33.533Z"}}, {"model": "energy.userlog", "pk": 64, "fields": {"user": ["bikov"], "action": "VIEW", "model_name": "Meter", "object_id": "1", "details": "Просмотр счётчика 023240140686", "ip_address": "86.110.118.251", "timestamp": "2026-04-27T15:31:33.611Z"}}, {"model": "energy.userlog", "pk": 65, "fields": {"user": ["bikov"], "action": "CREATE", "model_name": "Reading", "object_id": "3", "details": "Показание для 023240140686 от 2025-11-28: 0", "ip_address": "86.110.118.251", "timestamp": "2026-04-27T15:32:27.315Z"}}, {"model": "energy.userlog", "pk": 66, "fields": {"user": ["bikov"], "action": "VIEW", "model_name": "Meter", "object_id": "1", "details": "Просмотр счётчика 023240140686", "ip_address": "86.110.118.251", "timestamp": "2026-04-27T15:32:27.427Z"}}, {"model": "energy.userlog", "pk": 67, "fields": {"user": ["bikov"], "action": "VIEW", "model_name": "Meter", "object_id": "1", "details": "Просмотр счётчика 023240140686", "ip_address": "86.110.118.251", "timestamp": "2026-04-27T15:32:52.733Z"}}, {"model": "energy.userlog", "pk": 68, "fields": {"user": ["bikov"], "action": "VIEW", "model_name": "Meter", "object_id": "1", "details": "Просмотр счётчика 023240140686", "ip_address": "86.110.118.251", "timestamp": "2026-04-27T15:33:06.014Z"}}, {"model": "energy.userlog", "pk": 69, "fields": {"user": ["bikov"], "action": "VIEW", "model_name": "Meter", "object_id": "1", "details": "Просмотр счётчика 023240140686", "ip_address": "86.110.118.251", "timestamp": "2026-04-27T15:33:10.226Z"}}, {"model": "energy.userlog", "pk": 70, "fields": {"user": ["bikov"], "action": "VIEW", "model_name": "Meter", "object_id": "1", "details": "Просмотр счётчика 023240140686", "ip_address": "86.110.118.251", "timestamp": "2026-04-27T15:33:13.063Z"}}, {"model": "energy.userlog", "pk": 71, "fields": {"user": ["bikov"], "action": "CREATE", "model_name": "Reading", "object_id": "4", "details": "Показание для 023240140686 от 2025-12-30: 0", "ip_address": "86.110.118.251", "timestamp": "2026-04-27T15:33:48.215Z"}}, {"model": "energy.userlog", "pk": 72, "fields": {"user": ["bikov"], "action": "VIEW", "model_name": "Meter", "object_id": "1", "details": "Просмотр счётчика 023240140686", "ip_address": "86.110.118.251", "timestamp": "2026-04-27T15:33:48.319Z"}}, {"model": "energy.userlog", "pk": 73, "fields": {"user": ["bikov"], "action": "CREATE", "model_name": "Reading", "object_id": "5", "details": "Показание для 023240140686 от 2026-01-30: 0", "ip_address": "86.110.118.251", "timestamp": "2026-04-27T15:35:09.523Z"}}, {"model": "energy.userlog", "pk": 74, "fields": {"user": ["bikov"], "action": "VIEW", "model_name": "Meter", "object_id": "1", "details": "Просмотр счётчика 023240140686", "ip_address": "86.110.118.251", "timestamp": "2026-04-27T15:35:09.659Z"}}, {"model": "energy.userlog", "pk": 75, "fields": {"user": ["bikov"], "action": "CREATE", "model_name": "Reading", "object_id": "6", "details": "Показание для 023240140686 от 2026-02-27: 0", "ip_address": "86.110.118.251", "timestamp": "2026-04-27T15:35:34.680Z"}}, {"model": "energy.userlog", "pk": 76, "fields": {"user": ["bikov"], "action": "VIEW", "model_name": "Meter", "object_id": "1", "details": "Просмотр счётчика 023240140686", "ip_address": "86.110.118.251", "timestamp": "2026-04-27T15:35:34.743Z"}}, {"model": "energy.userlog", "pk": 77, "fields": {"user": ["bikov"], "action": "CREATE", "model_name": "Reading", "object_id": "7", "details": "Показание для 023240140686 от 2026-03-31: 0", "ip_address": "86.110.118.251", "timestamp": "2026-04-27T15:36:05.950Z"}}, {"model": "energy.userlog", "pk": 78, "fields": {"user": ["bikov"], "action": "VIEW", "model_name": "Meter", "object_id": "1", "details": "Просмотр счётчика 023240140686", "ip_address": "86.110.118.251", "timestamp": "2026-04-27T15:36:06.022Z"}}, {"model": "energy.userlog", "pk": 79, "fields": {"user": ["bikov"], "action": "VIEW", "model_name": "Meter", "object_id": "1", "details": "Просмотр счётчика 023240140686", "ip_address": "86.110.118.251", "timestamp": "2026-04-27T15:41:35.620Z"}}, {"model": "energy.userlog", "pk": 80, "fields": {"user": ["bikov"], "action": "VIEW", "model_name": "Meter", "object_id": "1", "details": "Просмотр счётчика 023240140686", "ip_address": "86.110.118.251", "timestamp": "2026-04-27T15:42:33.433Z"}}, {"model": "energy.userlog", "pk": 81, "fields": {"user": ["bikov"], "action": "VIEW", "model_name": "Meter", "object_id": "1", "details": "Просмотр счётчика 023240140686", "ip_address": "86.110.118.251", "timestamp": "2026-04-27T15:42:37.570Z"}}, {"model": "energy.userlog", "pk": 82, "fields": {"user": ["bikov"], "action": "VIEW", "model_name": "Meter", "object_id": "1", "details": "Просмотр счётчика 023240140686", "ip_address": "86.110.118.251", "timestamp": "2026-04-27T15:42:46.067Z"}}, {"model": "energy.userlog", "pk": 83, "fields": {"user": ["bikov"], "action": "VIEW", "model_name": "Meter", "object_id": "1", "details": "Просмотр счётчика 023240140686", "ip_address": "85.198.105.97", "timestamp": "2026-04-27T17:31:10.705Z"}}, {"model": "energy.userlog", "pk": 84, "fields": {"user": ["bikov"], "action": "VIEW", "model_name": "Meter", "object_id": "1", "details": "Просмотр счётчика 023240140686", "ip_address": "78.17.66.84", "timestamp": "2026-04-27T17:41:53.200Z"}}, {"model": "energy.userlog", "pk": 85, "fields": {"user": ["bikov"], "action": "VIEW", "model_name": "Meter", "object_id": "1", "details": "Просмотр счётчика 023240140686", "ip_address": "78.17.66.84", "timestamp": "2026-04-27T17:42:10.387Z"}}, {"model": "energy.userlog", "pk": 86, "fields": {"user": ["bikov"], "action": "VIEW", "model_name": "Meter", "object_id": "1", "details": "Просмотр счётчика 023240140686", "ip_address": "78.17.66.84", "timestamp": "2026-04-27T17:42:49.371Z"}}, {"model": "energy.userlog", "pk": 87, "fields": {"user": ["bikov"], "action": "VIEW", "model_name": "Meter", "object_id": "1", "details": "Просмотр счётчика 023240140686", "ip_address": "78.17.66.84", "timestamp": "2026-04-27T17:42:59.475Z"}}, {"model": "energy.userlog", "pk": 88, "fields": {"user": ["bikov"], "action": "VIEW", "model_name": "Report", "object_id": "", "details": "Просмотр отчёта по аномалиям (порог 2.0)", "ip_address": "86.110.118.251", "timestamp": "2026-04-28T07:16:58.165Z"}}, {"model": "energy.userlog", "pk": 89, "fields": {"user": ["bikov"], "action": "VIEW", "model_name": "Report", "object_id": "", "details": "Просмотр отчёта по потреблению за Апрель 2026, фильтр: all", "ip_address": "86.110.118.251", "timestamp": "2026-04-28T07:39:36.124Z"}}, {"model": "energy.userlog", "pk": 90, "fields": {"user": ["bikov"], "action": "VIEW", "model_name": "Meter", "object_id": "1", "details": "Просмотр счётчика 023240140686", "ip_address": "86.110.118.251", "timestamp": "2026-04-28T07:40:37.031Z"}}, {"model": "energy.userlog", "pk": 91, "fields": {"user": ["bikov"], "action": "VIEW", "model_name": "Meter", "object_id": "2", "details": "Просмотр счётчика 023240140718", "ip_address": "86.110.118.251", "timestamp": "2026-04-28T07:43:47.729Z"}}, {"model": "energy.userlog", "pk": 92, "fields": {"user": ["bikov"], "action": "CREATE", "model_name": "Reading", "object_id": "8", "details": "Показание для 023240140718 от 2025-11-28: 0", "ip_address": "86.110.118.251", "timestamp": "2026-04-28T07:44:41.389Z"}}, {"model": "energy.userlog", "pk": 93, "fields": {"user": ["bikov"], "action": "VIEW", "model_name": "Meter", "object_id": "2", "details": "Просмотр счётчика 023240140718", "ip_address": "86.110.118.251", "timestamp": "2026-04-28T07:44:41.521Z"}}, {"model": "energy.userlog", "pk": 94, "fields": {"user": ["bikov"], "action": "VIEW", "model_name": "Meter", "object_id": "2", "details": "Просмотр счётчика 023240140718", "ip_address": "86.110.118.251", "timestamp": "2026-04-28T09:08:25.161Z"}}, {"model": "energy.userlog", "pk": 95, "fields": {"user": ["bikov"], "action": "VIEW", "model_name": "Meter", "object_id": "1", "details": "Просмотр счётчика 023240140686", "ip_address": "86.110.118.251", "timestamp": "2026-04-28T09:08:33.860Z"}}, {"model": "energy.userlog", "pk": 96, "fields": {"user": ["bikov"], "action": "VIEW", "model_name": "Meter", "object_id": "8", "details": "Просмотр счётчика 567-1", "ip_address": "86.110.118.251", "timestamp": "2026-04-28T09:33:53.301Z"}}, {"model": "energy.userlog", "pk": 97, "fields": {"user": ["bikov"], "action": "CREATE", "model_name": "MeterDocument", "object_id": "10", "details": "Загружен документ для счётчика 567-1: Скан-копия_акта_подписанного_на_бумаге_7.PDF", "ip_address": "86.110.118.251", "timestamp": "2026-04-28T09:34:50.529Z"}}, {"model": "energy.userlog", "pk": 98, "fields": {"user": ["bikov"], "action": "VIEW", "model_name": "Meter", "object_id": "8", "details": "Просмотр счётчика 567-1", "ip_address": "86.110.118.251", "timestamp": "2026-04-28T09:34:50.625Z"}}, {"model": "energy.userlog", "pk": 99, "fields": {"user": ["bikov"], "action": "CREATE", "model_name": "MeterDocument", "object_id": "11", "details": "Загружен документ для счётчика 567-1: Акт_демонтажа_УУТЭ_28.04.2026.pdf", "ip_address": "86.110.118.251", "timestamp": "2026-04-28T09:37:56.896Z"}}, {"model": "energy.userlog", "pk": 100, "fields": {"user": ["bikov"], "action": "VIEW", "model_name": "Meter", "object_id": "8", "details": "Просмотр счётчика 567-1", "ip_address": "86.110.118.251", "timestamp": "2026-04-28T09:37:57.228Z"}}, {"model": "energy.userlog", "pk": 101, "fields": {"user": ["bikov"], "action": "CREATE", "model_name": "MeterDocument", "object_id": "12", "details": "Загружен документ для счётчика 567-1: Проект.pdf", "ip_address": "86.110.118.251", "timestamp": "2026-04-28T09:41:23.329Z"}}, {"model": "energy.userlog", "pk": 102, "fields": {"user": ["bikov"], "action": "VIEW", "model_name": "Meter", "object_id": "8", "details": "Просмотр счётчика 567-1", "ip_address": "86.110.118.251", "timestamp": "2026-04-28T09:41:23.938Z"}}, {"model": "energy.userlog", "pk": 103, "fields": {"user": ["bikov"], "action": "CREATE", "model_name": "MeterDocument", "object_id": "13", "details": "Загружен документ для счётчика 567-1: Паспорт_УУТЭ.pdf", "ip_address": "86.110.118.251", "timestamp": "2026-04-28T09:49:57.635Z"}}, {"model": "energy.userlog", "pk": 104, "fields": {"user": ["bikov"], "action": "VIEW", "model_name": "Meter", "object_id": "8", "details": "Просмотр счётчика 567-1", "ip_address": "86.110.118.251", "timestamp": "2026-04-28T09:49:57.817Z"}}, {"model": "energy.userlog", "pk": 105, "fields": {"user": ["bikov"], "action": "CREATE", "model_name": "MeterDocument", "object_id": "14", "details": "Загружен документ для счётчика 567-1: паспорт_водомер_подпитки.pdf", "ip_address": "86.110.118.251", "timestamp": "2026-04-28T09:50:36.238Z"}}, {"model": "energy.userlog", "pk": 106, "fields": {"user": ["bikov"], "action": "VIEW", "model_name": "Meter", "object_id": "8", "details": "Просмотр счётчика 567-1", "ip_address": "86.110.118.251", "timestamp": "2026-04-28T09:50:36.468Z"}}, {"model": "energy.userlog", "pk": 107, "fields": {"user": ["bikov"], "action": "VIEW", "model_name": "Meter", "object_id": "4", "details": "Просмотр счётчика 023240140296", "ip_address": "86.110.118.251", "timestamp": "2026-04-28T10:04:21.317Z"}}, {"model": "energy.userlog", "pk": 108, "fields": {"user": ["bikov"], "action": "VIEW", "model_name": "Meter", "object_id": "3", "details": "Просмотр счётчика 23240140876", "ip_address": "86.110.118.251", "timestamp": "2026-04-28T10:05:23.286Z"}}, {"model": "energy.userlog", "pk": 109, "fields": {"user": ["bikov"], "action": "CREATE", "model_name": "Reading", "object_id": "9", "details": "Показание для 23240140876 от 2025-10-31: 3566.400", "ip_address": "86.110.118.251", "timestamp": "2026-04-28T10:07:12.142Z"}}, {"model": "energy.userlog", "pk": 110, "fields": {"user": ["bikov"], "action": "VIEW", "model_name": "Meter", "object_id": "3", "details": "Просмотр счётчика 23240140876", "ip_address": "86.110.118.251", "timestamp": "2026-04-28T10:07:12.235Z"}}, {"model": "energy.userlog", "pk": 111, "fields": {"user": ["bikov"], "action": "DELETE", "model_name": "MeterDocument", "object_id": "7", "details": "Удалён документ Паспорта_прибор_и_ТТ_023240140876_DsqWGuy.pdf для счётчика 23240140876", "ip_address": "86.110.118.251", "timestamp": "2026-04-28T10:09:44.627Z"}}, {"model": "energy.userlog", "pk": 112, "fields": {"user": ["bikov"], "action": "VIEW", "model_name": "Meter", "object_id": "3", "details": "Просмотр счётчика 23240140876", "ip_address": "86.110.118.251", "timestamp": "2026-04-28T10:09:44.715Z"}}, {"model": "energy.userlog", "pk": 113, "fields": {"user": ["bikov"], "action": "CREATE", "model_name": "Reading", "object_id": "10", "details": "Показание для 23240140876 от 2025-11-28: 57331.200", "ip_address": "86.110.118.251", "timestamp": "2026-04-28T10:10:59.395Z"}}, {"model": "energy.userlog", "pk": 114, "fields": {"user": ["bikov"], "action": "VIEW", "model_name": "Meter", "object_id": "3", "details": "Просмотр счётчика 23240140876", "ip_address": "86.110.118.251", "timestamp": "2026-04-28T10:10:59.475Z"}}, {"model": "energy.userlog", "pk": 115, "fields": {"user": ["bikov"], "action": "VIEW", "model_name": "Meter", "object_id": "3", "details": "Просмотр счётчика 23240140876", "ip_address": "86.110.118.251", "timestamp": "2026-04-28T10:11:17.137Z"}}, {"model": "energy.userlog", "pk": 116, "fields": {"user": ["bikov"], "action": "VIEW", "model_name": "Meter", "object_id": "3", "details": "Просмотр счётчика 23240140876", "ip_address": "86.110.118.251", "timestamp": "2026-04-28T10:11:33.976Z"}}, {"model": "energy.userlog", "pk": 117, "fields": {"user": ["bikov"], "action": "CREATE", "model_name": "Reading", "object_id": "11", "details": "Показание для 23240140876 от 2025-12-30: 60627.200", "ip_address": "86.110.118.251", "timestamp": "2026-04-28T10:12:18.788Z"}}, {"model": "energy.userlog", "pk": 118, "fields": {"user": ["bikov"], "action": "VIEW", "model_name": "Meter", "object_id": "3", "details": "Просмотр счётчика 23240140876", "ip_address": "86.110.118.251", "timestamp": "2026-04-28T10:12:18.878Z"}}, {"model": "energy.userlog", "pk": 119, "fields": {"user": ["bikov"], "action": "CREATE", "model_name": "Reading", "object_id": "12", "details": "Показание для 23240140876 от 2026-01-30: 58065.600", "ip_address": "86.110.118.251", "timestamp": "2026-04-28T10:14:02.653Z"}}, {"model": "energy.userlog", "pk": 120, "fields": {"user": ["bikov"], "action": "VIEW", "model_name": "Meter", "object_id": "3", "details": "Просмотр счётчика 23240140876", "ip_address": "86.110.118.251", "timestamp": "2026-04-28T10:14:02.740Z"}}, {"model": "energy.userlog", "pk": 121, "fields": {"user": ["bikov"], "action": "CREATE", "model_name": "Reading", "object_id": "13", "details": "Показание для 23240140876 от 2026-02-27: 53409.600", "ip_address": "86.110.118.251", "timestamp": "2026-04-28T10:15:27.623Z"}}, {"model": "energy.userlog", "pk": 122, "fields": {"user": ["bikov"], "action": "VIEW", "model_name": "Meter", "object_id": "3", "details": "Просмотр счётчика 23240140876", "ip_address": "86.110.118.251", "timestamp": "2026-04-28T10:15:27.686Z"}}, {"model": "energy.userlog", "pk": 123, "fields": {"user": ["bikov"], "action": "VIEW", "model_name": "Report", "object_id": "", "details": "Просмотр отчёта по потреблению за Апрель 2026, фильтр: all", "ip_address": "86.110.118.251", "timestamp": "2026-04-28T10:16:03.388Z"}}, {"model": "energy.userlog", "pk": 124, "fields": {"user": ["bikov"], "action": "VIEW", "model_name": "Report", "object_id": "", "details": "Просмотр отчёта по потреблению за Апрель 2026, фильтр: all", "ip_address": "86.110.118.251", "timestamp": "2026-04-28T10:16:05.484Z"}}, {"model": "energy.userlog", "pk": 125, "fields": {"user": ["bikov"], "action": "VIEW", "model_name": "Report", "object_id": "", "details": "Просмотр отчёта по потреблению за Апрель 2026, фильтр: all", "ip_address": "86.110.118.251", "timestamp": "2026-04-28T10:16:06.589Z"}}, {"model": "energy.userlog", "pk": 126, "fields": {"user": ["bikov"], "action": "VIEW", "model_name": "Report", "object_id": "", "details": "Просмотр отчёта по потреблению за Апрель 2026, фильтр: all", "ip_address": "86.110.118.251", "timestamp": "2026-04-28T10:16:06.990Z"}}, {"model": "energy.userlog", "pk": 127, "fields": {"user": ["bikov"], "action": "VIEW", "model_name": "Report", "object_id": "", "details": "Просмотр отчёта по потреблению за Март 2026, фильтр: all", "ip_address": "86.110.118.251", "timestamp": "2026-04-28T10:16:12.360Z"}}, {"model": "energy.userlog", "pk": 128, "fields": {"user": ["bikov"], "action": "VIEW", "model_name": "Report", "object_id": "", "details": "Просмотр отчёта по потреблению за Февраль 2026, фильтр: all", "ip_address": "86.110.118.251", "timestamp": "2026-04-28T10:16:21.606Z"}}, {"model": "energy.userlog", "pk": 129, "fields": {"user": ["bikov"], "action": "VIEW", "model_name": "Meter", "object_id": "3", "details": "Просмотр счётчика 23240140876", "ip_address": "86.110.118.251", "timestamp": "2026-04-28T10:16:50.076Z"}}, {"model": "energy.userlog", "pk": 130, "fields": {"user": ["bikov"], "action": "CREATE", "model_name": "Reading", "object_id": "14", "details": "Показание для 23240140876 от 2026-03-28: 62030.400", "ip_address": "86.110.118.251", "timestamp": "2026-04-28T10:17:51.000Z"}}, {"model": "energy.userlog", "pk": 131, "fields": {"user": ["bikov"], "action": "VIEW", "model_name": "Meter", "object_id": "3", "details": "Просмотр счётчика 23240140876", "ip_address": "86.110.118.251", "timestamp": "2026-04-28T10:17:51.216Z"}}, {"model": "energy.userlog", "pk": 132, "fields": {"user": ["bikov"], "action": "VIEW", "model_name": "Meter", "object_id": "3", "details": "Просмотр счётчика 23240140876", "ip_address": "86.110.118.251", "timestamp": "2026-04-28T10:18:32.083Z"}}, {"model": "energy.userlog", "pk": 133, "fields": {"user": ["bikov"], "action": "VIEW", "model_name": "Meter", "object_id": "1", "details": "Просмотр счётчика 023240140686", "ip_address": "86.110.118.251", "timestamp": "2026-04-28T10:20:47.062Z"}}, {"model": "energy.userlog", "pk": 134, "fields": {"user": ["bikov"], "action": "VIEW", "model_name": "Meter", "object_id": "5", "details": "Просмотр счётчика 256780", "ip_address": "86.110.118.251", "timestamp": "2026-04-28T10:20:59.274Z"}}, {"model": "energy.userlog", "pk": 135, "fields": {"user": ["bikov"], "action": "VIEW", "model_name": "Report", "object_id": "", "details": "Просмотр отчёта по потреблению за Апрель 2026, фильтр: all", "ip_address": "86.110.118.251", "timestamp": "2026-04-28T10:22:15.594Z"}}, {"model": "energy.userlog", "pk": 136, "fields": {"user": ["bikov"], "action": "VIEW", "model_name": "Meter", "object_id": "1", "details": "Просмотр счётчика 023240140686", "ip_address": "86.110.118.251", "timestamp": "2026-04-28T10:32:24.956Z"}}, {"model": "energy.userlog", "pk": 137, "fields": {"user": ["bikov"], "action": "VIEW", "model_name": "Meter", "object_id": "2", "details": "Просмотр счётчика 023240140718", "ip_address": "86.110.118.251", "timestamp": "2026-04-28T10:33:22.223Z"}}, {"model": "energy.userlog", "pk": 138, "fields": {"user": ["bikov"], "action": "VIEW", "model_name": "Meter", "object_id": "3", "details": "Просмотр счётчика 23240140876", "ip_address": "86.110.118.251", "timestamp": "2026-04-28T10:33:30.482Z"}}, {"model": "energy.userlog", "pk": 139, "fields": {"user": ["bikov"], "action": "VIEW", "model_name": "Meter", "object_id": "1", "details": "Просмотр счётчика 023240140686", "ip_address": "85.198.105.97", "timestamp": "2026-04-28T18:07:24.190Z"}}, {"model": "energy.userlog", "pk": 140, "fields": {"user": ["bikov"], "action": "VIEW", "model_name": "Meter", "object_id": "8", "details": "Просмотр счётчика 567-1", "ip_address": "85.198.105.97", "timestamp": "2026-04-28T19:35:33.048Z"}}, {"model": "energy.userlog", "pk": 141, "fields": {"user": ["bikov"], "action": "EDIT", "model_name": "Meter", "object_id": "5", "details": "Редактирование счётчика 42994734", "ip_address": "86.110.118.251", "timestamp": "2026-04-29T09:44:17.294Z"}}, {"model": "energy.userlog", "pk": 142, "fields": {"user": ["bikov"], "action": "CREATE", "model_name": "Reading", "object_id": "15", "details": "Показание для 42994734 от 2024-04-27: 0", "ip_address": "86.110.118.251", "timestamp": "2026-04-29T09:44:57.271Z"}}, {"model": "energy.userlog", "pk": 143, "fields": {"user": ["bikov"], "action": "VIEW", "model_name": "Meter", "object_id": "5", "details": "Просмотр счётчика 42994734", "ip_address": "86.110.118.251", "timestamp": "2026-04-29T09:45:06.387Z"}}, {"model": "energy.userlog", "pk": 144, "fields": {"user": ["bikov"], "action": "CREATE", "model_name": "Reading", "object_id": "16", "details": "Показание для 42994734 от 2025-05-29: 0", "ip_address": "86.110.118.251", "timestamp": "2026-04-29T09:47:41.594Z"}}, {"model": "energy.userlog", "pk": 145, "fields": {"user": ["bikov"], "action": "VIEW", "model_name": "Meter", "object_id": "5", "details": "Просмотр счётчика 42994734", "ip_address": "86.110.118.251", "timestamp": "2026-04-29T09:47:41.658Z"}}, {"model": "energy.userlog", "pk": 146, "fields": {"user": ["bikov"], "action": "EDIT", "model_name": "Reading", "object_id": "16", "details": "Показание для 42994734 от 2024-05-29: 7386.000000", "ip_address": "86.110.118.251", "timestamp": "2026-04-29T09:48:18.813Z"}}, {"model": "energy.userlog", "pk": 147, "fields": {"user": ["bikov"], "action": "VIEW", "model_name": "Meter", "object_id": "5", "details": "Просмотр счётчика 42994734", "ip_address": "86.110.118.251", "timestamp": "2026-04-29T09:48:18.899Z"}}, {"model": "energy.userlog", "pk": 148, "fields": {"user": ["bikov"], "action": "CREATE", "model_name": "Reading", "object_id": "17", "details": "Показание для 42994734 от 2024-06-28: 0", "ip_address": "86.110.118.251", "timestamp": "2026-04-29T09:50:15.558Z"}}, {"model": "energy.userlog", "pk": 149, "fields": {"user": ["bikov"], "action": "VIEW", "model_name": "Meter", "object_id": "5", "details": "Просмотр счётчика 42994734", "ip_address": "86.110.118.251", "timestamp": "2026-04-29T09:50:15.674Z"}}, {"model": "energy.userlog", "pk": 150, "fields": {"user": ["bikov"], "action": "CREATE", "model_name": "Reading", "object_id": "18", "details": "Показание для 42994734 от 2024-07-31: 0", "ip_address": "86.110.118.251", "timestamp": "2026-04-29T09:51:55.568Z"}}, {"model": "energy.userlog", "pk": 151, "fields": {"user": ["bikov"], "action": "VIEW", "model_name": "Meter", "object_id": "5", "details": "Просмотр счётчика 42994734", "ip_address": "86.110.118.251", "timestamp": "2026-04-29T09:51:55.638Z"}}, {"model": "energy.userlog", "pk": 152, "fields": {"user": ["bikov"], "action": "VIEW", "model_name": "Report", "object_id": "", "details": "Просмотр отчёта по потреблению за Апрель 2026, фильтр: all", "ip_address": "86.110.118.251", "timestamp": "2026-04-29T09:52:18.528Z"}}, {"model": "energy.userlog", "pk": 153, "fields": {"user": ["bikov"], "action": "VIEW", "model_name": "Report", "object_id": "", "details": "Просмотр отчёта по потреблению за 2024, фильтр: 1", "ip_address": "86.110.118.251", "timestamp": "2026-04-29T09:52:31.778Z"}}, {"model": "energy.userlog", "pk": 154, "fields": {"user": ["bikov"], "action": "VIEW", "model_name": "Meter", "object_id": "5", "details": "Просмотр счётчика 42994734", "ip_address": "86.110.118.251", "timestamp": "2026-04-29T09:52:57.062Z"}}, {"model": "energy.userlog", "pk": 155, "fields": {"user": ["bikov"], "action": "CREATE", "model_name": "Reading", "object_id": "19", "details": "Показание для 42994734 от 2024-08-29: 0", "ip_address": "86.110.118.251", "timestamp": "2026-04-29T11:36:47.015Z"}}, {"model": "energy.userlog", "pk": 156, "fields": {"user": ["bikov"], "action": "VIEW", "model_name": "Meter", "object_id": "5", "details": "Просмотр счётчика 42994734", "ip_address": "86.110.118.251", "timestamp": "2026-04-29T11:36:47.420Z"}}, {"model": "energy.userlog", "pk": 157, "fields": {"user": ["bikov"], "action": "CREATE", "model_name": "Reading", "object_id": "20", "details": "Показание для 42994734 от 2024-10-29: 0", "ip_address": "86.110.118.251", "timestamp": "2026-04-29T11:38:13.942Z"}}, {"model": "energy.userlog", "pk": 158, "fields": {"user": ["bikov"], "action": "VIEW", "model_name": "Meter", "object_id": "5", "details": "Просмотр счётчика 42994734", "ip_address": "86.110.118.251", "timestamp": "2026-04-29T11:38:14.281Z"}}, {"model": "energy.userlog", "pk": 159, "fields": {"user": ["bikov"], "action": "CREATE", "model_name": "Reading", "object_id": "21", "details": "Показание для 42994734 от 2024-11-07: 0", "ip_address": "86.110.118.251", "timestamp": "2026-04-29T11:39:25.949Z"}}, {"model": "energy.userlog", "pk": 160, "fields": {"user": ["bikov"], "action": "VIEW", "model_name": "Meter", "object_id": "5", "details": "Просмотр счётчика 42994734", "ip_address": "86.110.118.251", "timestamp": "2026-04-29T11:39:26.048Z"}}, {"model": "energy.userlog", "pk": 161, "fields": {"user": ["bikov"], "action": "CREATE", "model_name": "Reading", "object_id": "22", "details": "Показание для 42994734 от 2024-12-02: 0", "ip_address": "86.110.118.251", "timestamp": "2026-04-29T11:40:38.350Z"}}, {"model": "energy.userlog", "pk": 162, "fields": {"user": ["bikov"], "action": "VIEW", "model_name": "Meter", "object_id": "5", "details": "Просмотр счётчика 42994734", "ip_address": "86.110.118.251", "timestamp": "2026-04-29T11:40:38.464Z"}}, {"model": "energy.userlog", "pk": 163, "fields": {"user": ["bikov"], "action": "EDIT", "model_name": "Reading", "object_id": "20", "details": "Показание для 42994734 от 2024-10-01: 3948.000000", "ip_address": "86.110.118.251", "timestamp": "2026-04-29T11:41:15.740Z"}}, {"model": "energy.userlog", "pk": 164, "fields": {"user": ["bikov"], "action": "VIEW", "model_name": "Meter", "object_id": "5", "details": "Просмотр счётчика 42994734", "ip_address": "86.110.118.251", "timestamp": "2026-04-29T11:41:15.821Z"}}, {"model": "energy.userlog", "pk": 165, "fields": {"user": ["bikov"], "action": "CREATE", "model_name": "Reading", "object_id": "23", "details": "Показание для 42994734 от 2025-01-10: 0", "ip_address": "86.110.118.251", "timestamp": "2026-04-29T11:42:29.426Z"}}, {"model": "energy.userlog", "pk": 166, "fields": {"user": ["bikov"], "action": "VIEW", "model_name": "Meter", "object_id": "5", "details": "Просмотр счётчика 42994734", "ip_address": "86.110.118.251", "timestamp": "2026-04-29T11:42:29.488Z"}}, {"model": "energy.userlog", "pk": 167, "fields": {"user": ["bikov"], "action": "CREATE", "model_name": "Reading", "object_id": "24", "details": "Показание для 42994734 от 2025-01-31: 0", "ip_address": "86.110.118.251", "timestamp": "2026-04-29T11:43:33.576Z"}}, {"model": "energy.userlog", "pk": 168, "fields": {"user": ["bikov"], "action": "VIEW", "model_name": "Meter", "object_id": "5", "details": "Просмотр счётчика 42994734", "ip_address": "86.110.118.251", "timestamp": "2026-04-29T11:43:33.646Z"}}, {"model": "energy.userlog", "pk": 169, "fields": {"user": ["bikov"], "action": "CREATE", "model_name": "Reading", "object_id": "25", "details": "Показание для 42994734 от 2025-02-27: 0", "ip_address": "86.110.118.251", "timestamp": "2026-04-29T11:45:13.953Z"}}, {"model": "energy.userlog", "pk": 170, "fields": {"user": ["bikov"], "action": "VIEW", "model_name": "Meter", "object_id": "5", "details": "Просмотр счётчика 42994734", "ip_address": "86.110.118.251", "timestamp": "2026-04-29T11:45:14.019Z"}}, {"model": "energy.userlog", "pk": 171, "fields": {"user": ["bikov"], "action": "CREATE", "model_name": "Reading", "object_id": "26", "details": "Показание для 42994734 от 2025-03-31: 0", "ip_address": "86.110.118.251", "timestamp": "2026-04-29T11:46:34.666Z"}}, {"model": "energy.userlog", "pk": 172, "fields": {"user": ["bikov"], "action": "VIEW", "model_name": "Meter", "object_id": "5", "details": "Просмотр счётчика 42994734", "ip_address": "86.110.118.251", "timestamp": "2026-04-29T11:46:34.803Z"}}, {"model": "energy.userlog", "pk": 173, "fields": {"user": ["bikov"], "action": "CREATE", "model_name": "Reading", "object_id": "27", "details": "Показание для 42994734 от 2025-05-05: 0", "ip_address": "86.110.118.251", "timestamp": "2026-04-29T11:47:52.610Z"}}, {"model": "energy.userlog", "pk": 174, "fields": {"user": ["bikov"], "action": "VIEW", "model_name": "Meter", "object_id": "5", "details": "Просмотр счётчика 42994734", "ip_address": "86.110.118.251", "timestamp": "2026-04-29T11:47:52.686Z"}}, {"model": "energy.userlog", "pk": 175, "fields": {"user": ["bikov"], "action": "CREATE", "model_name": "Reading", "object_id": "28", "details": "Показание для 42994734 от 2025-05-29: 0", "ip_address": "86.110.118.251", "timestamp": "2026-04-29T11:49:00.968Z"}}, {"model": "energy.userlog", "pk": 176, "fields": {"user": ["bikov"], "action": "VIEW", "model_name": "Meter", "object_id": "5", "details": "Просмотр счётчика 42994734", "ip_address": "86.110.118.251", "timestamp": "2026-04-29T11:49:01.163Z"}}, {"model": "energy.userlog", "pk": 177, "fields": {"user": ["bikov"], "action": "EDIT", "model_name": "Reading", "object_id": "27", "details": "Показание для 42994734 от 2025-04-30: 5874.000000", "ip_address": "86.110.118.251", "timestamp": "2026-04-29T11:49:42.306Z"}}, {"model": "energy.userlog", "pk": 178, "fields": {"user": ["bikov"], "action": "VIEW", "model_name": "Meter", "object_id": "5", "details": "Просмотр счётчика 42994734", "ip_address": "86.110.118.251", "timestamp": "2026-04-29T11:49:42.395Z"}}, {"model": "energy.userlog", "pk": 179, "fields": {"user": ["bikov"], "action": "CREATE", "model_name": "Reading", "object_id": "29", "details": "Показание для 42994734 от 2025-06-30: 0", "ip_address": "86.110.118.251", "timestamp": "2026-04-29T11:50:30.371Z"}}, {"model": "energy.userlog", "pk": 180, "fields": {"user": ["bikov"], "action": "VIEW", "model_name": "Meter", "object_id": "5", "details": "Просмотр счётчика 42994734", "ip_address": "86.110.118.251", "timestamp": "2026-04-29T11:50:30.450Z"}}, {"model": "energy.userlog", "pk": 181, "fields": {"user": ["bikov"], "action": "VIEW", "model_name": "Meter", "object_id": "5", "details": "Просмотр счётчика 42994734", "ip_address": "86.110.118.251", "timestamp": "2026-04-29T11:51:41.865Z"}}, {"model": "energy.userlog", "pk": 182, "fields": {"user": ["bikov"], "action": "CREATE", "model_name": "Reading", "object_id": "30", "details": "Показание для 42994734 от 2025-07-30: 0", "ip_address": "86.110.118.251", "timestamp": "2026-04-29T11:52:09.246Z"}}, {"model": "energy.userlog", "pk": 183, "fields": {"user": ["bikov"], "action": "VIEW", "model_name": "Meter", "object_id": "5", "details": "Просмотр счётчика 42994734", "ip_address": "86.110.118.251", "timestamp": "2026-04-29T11:52:09.307Z"}}, {"model": "energy.userlog", "pk": 184, "fields": {"user": ["bikov"], "action": "CREATE", "model_name": "Reading", "object_id": "31", "details": "Показание для 42994734 от 2025-08-29: 0", "ip_address": "86.110.118.251", "timestamp": "2026-04-29T11:52:57.770Z"}}, {"model": "energy.userlog", "pk": 185, "fields": {"user": ["bikov"], "action": "VIEW", "model_name": "Meter", "object_id": "5", "details": "Просмотр счётчика 42994734", "ip_address": "86.110.118.251", "timestamp": "2026-04-29T11:52:57.834Z"}}, {"model": "energy.userlog", "pk": 186, "fields": {"user": ["bikov"], "action": "CREATE", "model_name": "Reading", "object_id": "32", "details": "Показание для 42994734 от 2025-09-30: 0", "ip_address": "86.110.118.251", "timestamp": "2026-04-29T11:53:52.203Z"}}, {"model": "energy.userlog", "pk": 187, "fields": {"user": ["bikov"], "action": "VIEW", "model_name": "Meter", "object_id": "5", "details": "Просмотр счётчика 42994734", "ip_address": "86.110.118.251", "timestamp": "2026-04-29T11:53:52.291Z"}}, {"model": "energy.userlog", "pk": 188, "fields": {"user": ["bikov"], "action": "CREATE", "model_name": "Reading", "object_id": "33", "details": "Показание для 42994734 от 2025-10-28: 0", "ip_address": "86.110.118.251", "timestamp": "2026-04-29T11:54:59.128Z"}}, {"model": "energy.userlog", "pk": 189, "fields": {"user": ["bikov"], "action": "VIEW", "model_name": "Meter", "object_id": "5", "details": "Просмотр счётчика 42994734", "ip_address": "86.110.118.251", "timestamp": "2026-04-29T11:54:59.232Z"}}, {"model": "energy.userlog", "pk": 190, "fields": {"user": ["bikov"], "action": "CREATE", "model_name": "Reading", "object_id": "34", "details": "Показание для 42994734 от 2025-11-28: 0", "ip_address": "86.110.118.251", "timestamp": "2026-04-29T11:55:47.206Z"}}, {"model": "energy.userlog", "pk": 191, "fields": {"user": ["bikov"], "action": "VIEW", "model_name": "Meter", "object_id": "5", "details": "Просмотр счётчика 42994734", "ip_address": "86.110.118.251", "timestamp": "2026-04-29T11:55:47.266Z"}}, {"model": "energy.userlog", "pk": 192, "fields": {"user": ["bikov"], "action": "CREATE", "model_name": "Reading", "object_id": "35", "details": "Показание для 42994734 от 2025-12-29: 0", "ip_address": "86.110.118.251", "timestamp": "2026-04-29T11:56:43.931Z"}}, {"model": "energy.userlog", "pk": 193, "fields": {"user": ["bikov"], "action": "VIEW", "model_name": "Meter", "object_id": "5", "details": "Просмотр счётчика 42994734", "ip_address": "86.110.118.251", "timestamp": "2026-04-29T11:56:44.013Z"}}, {"model": "energy.userlog", "pk": 194, "fields": {"user": ["bikov"], "action": "CREATE", "model_name": "Reading", "object_id": "36", "details": "Показание для 42994734 от 2026-01-30: 0", "ip_address": "86.110.118.251", "timestamp": "2026-04-29T11:57:52.361Z"}}, {"model": "energy.userlog", "pk": 195, "fields": {"user": ["bikov"], "action": "VIEW", "model_name": "Meter", "object_id": "5", "details": "Просмотр счётчика 42994734", "ip_address": "86.110.118.251", "timestamp": "2026-04-29T11:57:53.192Z"}}, {"model": "energy.userlog", "pk": 196, "fields": {"user": ["bikov"], "action": "CREATE", "model_name": "Reading", "object_id": "37", "details": "Показание для 42994734 от 2026-02-27: 0", "ip_address": "86.110.118.251", "timestamp": "2026-04-29T11:59:00.229Z"}}, {"model": "energy.userlog", "pk": 197, "fields": {"user": ["bikov"], "action": "VIEW", "model_name": "Meter", "object_id": "5", "details": "Просмотр счётчика 42994734", "ip_address": "86.110.118.251", "timestamp": "2026-04-29T11:59:00.305Z"}}, {"model": "energy.userlog", "pk": 198, "fields": {"user": ["bikov"], "action": "CREATE", "model_name": "Reading", "object_id": "38", "details": "Показание для 42994734 от 2026-03-31: 0", "ip_address": "86.110.118.251", "timestamp": "2026-04-29T11:59:47.780Z"}}, {"model": "energy.userlog", "pk": 199, "fields": {"user": ["bikov"], "action": "VIEW", "model_name": "Meter", "object_id": "5", "details": "Просмотр счётчика 42994734", "ip_address": "86.110.118.251", "timestamp": "2026-04-29T11:59:47.851Z"}}, {"model": "energy.userlog", "pk": 200, "fields": {"user": ["bikov"], "action": "CREATE", "model_name": "Reading", "object_id": "39", "details": "Показание для 42994734 от 2026-04-29: 0", "ip_address": "86.110.118.251", "timestamp": "2026-04-29T12:00:43.447Z"}}, {"model": "energy.userlog", "pk": 201, "fields": {"user": ["bikov"], "action": "VIEW", "model_name": "Meter", "object_id": "5", "details": "Просмотр счётчика 42994734", "ip_address": "86.110.118.251", "timestamp": "2026-04-29T12:00:44.161Z"}}, {"model": "energy.userlog", "pk": 202, "fields": {"user": ["bikov"], "action": "VIEW", "model_name": "Meter", "object_id": "5", "details": "Просмотр счётчика 42994734", "ip_address": "86.110.118.251", "timestamp": "2026-04-29T12:01:14.678Z"}}, {"model": "energy.userlog", "pk": 203, "fields": {"user": ["bikov"], "action": "CREATE", "model_name": "MeterDocument", "object_id": "15", "details": "Загружен документ для счётчика 42994734: 04._акт_снятия_пу_апрель_2024.pdf", "ip_address": "86.110.118.251", "timestamp": "2026-04-29T12:02:42.526Z"}}, {"model": "energy.userlog", "pk": 204, "fields": {"user": ["bikov"], "action": "VIEW", "model_name": "Meter", "object_id": "5", "details": "Просмотр счётчика 42994734", "ip_address": "86.110.118.251", "timestamp": "2026-04-29T12:02:42.648Z"}}, {"model": "energy.userlog", "pk": 205, "fields": {"user": ["bikov"], "action": "CREATE", "model_name": "MeterDocument", "object_id": "16", "details": "Загружен документ для счётчика 42994734: 05._акт_снятия_пу_май_2024.pdf", "ip_address": "86.110.118.251", "timestamp": "2026-04-29T12:03:07.836Z"}}, {"model": "energy.userlog", "pk": 206, "fields": {"user": ["bikov"], "action": "VIEW", "model_name": "Meter", "object_id": "5", "details": "Просмотр счётчика 42994734", "ip_address": "86.110.118.251", "timestamp": "2026-04-29T12:03:07.967Z"}}, {"model": "energy.userlog", "pk": 207, "fields": {"user": ["bikov"], "action": "CREATE", "model_name": "MeterDocument", "object_id": "17", "details": "Загружен документ для счётчика 42994734: 06._акт_снятия_показаний_пу_июнь_2024.pdf", "ip_address": "86.110.118.251", "timestamp": "2026-04-29T12:03:53.694Z"}}, {"model": "energy.userlog", "pk": 208, "fields": {"user": ["bikov"], "action": "VIEW", "model_name": "Meter", "object_id": "5", "details": "Просмотр счётчика 42994734", "ip_address": "86.110.118.251", "timestamp": "2026-04-29T12:03:53.826Z"}}, {"model": "energy.userlog", "pk": 209, "fields": {"user": ["bikov"], "action": "CREATE", "model_name": "MeterDocument", "object_id": "18", "details": "Загружен документ для счётчика 42994734: 07._акт_снятия_пу_июль_2024.pdf", "ip_address": "86.110.118.251", "timestamp": "2026-04-29T12:04:19.758Z"}}, {"model": "energy.userlog", "pk": 210, "fields": {"user": ["bikov"], "action": "VIEW", "model_name": "Meter", "object_id": "5", "details": "Просмотр счётчика 42994734", "ip_address": "86.110.118.251", "timestamp": "2026-04-29T12:04:19.909Z"}}, {"model": "energy.userlog", "pk": 211, "fields": {"user": ["bikov"], "action": "CREATE", "model_name": "MeterDocument", "object_id": "19", "details": "Загружен документ для счётчика 42994734: 08._акт_снятия_показаний_пу_август_2024.pdf", "ip_address": "86.110.118.251", "timestamp": "2026-04-29T12:04:50.294Z"}}, {"model": "energy.userlog", "pk": 212, "fields": {"user": ["bikov"], "action": "VIEW", "model_name": "Meter", "object_id": "5", "details": "Просмотр счётчика 42994734", "ip_address": "86.110.118.251", "timestamp": "2026-04-29T12:04:50.400Z"}}, {"model": "energy.userlog", "pk": 213, "fields": {"user": ["bikov"], "action": "CREATE", "model_name": "MeterDocument", "object_id": "20", "details": "Загружен документ для счётчика 42994734: 09._акт_снятия_показаний_пу_сентябрь_2024.pdf", "ip_address": "86.110.118.251", "timestamp": "2026-04-29T12:05:32.461Z"}}, {"model": "energy.userlog", "pk": 214, "fields": {"user": ["bikov"], "action": "VIEW", "model_name": "Meter", "object_id": "5", "details": "Просмотр счётчика 42994734", "ip_address": "86.110.118.251", "timestamp": "2026-04-29T12:05:32.854Z"}}, {"model": "energy.userlog", "pk": 215, "fields": {"user": ["bikov"], "action": "CREATE", "model_name": "MeterDocument", "object_id": "21", "details": "Загружен документ для счётчика 42994734: 10._акт_снятия_показаний_пу_октябрь_2024.pdf", "ip_address": "86.110.118.251", "timestamp": "2026-04-29T12:06:07.152Z"}}, {"model": "energy.userlog", "pk": 216, "fields": {"user": ["bikov"], "action": "VIEW", "model_name": "Meter", "object_id": "5", "details": "Просмотр счётчика 42994734", "ip_address": "86.110.118.251", "timestamp": "2026-04-29T12:06:07.384Z"}}, {"model": "energy.userlog", "pk": 217, "fields": {"user": ["bikov"], "action": "CREATE", "model_name": "MeterDocument", "object_id": "22", "details": "Загружен документ для счётчика 42994734: 11._акт_снятия_показаний_пу_ноябрь_2024.pdf", "ip_address": "86.110.118.251", "timestamp": "2026-04-29T12:06:31.439Z"}}, {"model": "energy.userlog", "pk": 218, "fields": {"user": ["bikov"], "action": "VIEW", "model_name": "Meter", "object_id": "5", "details": "Просмотр счётчика 42994734", "ip_address": "86.110.118.251", "timestamp": "2026-04-29T12:06:31.532Z"}}, {"model": "energy.userlog", "pk": 219, "fields": {"user": ["bikov"], "action": "CREATE", "model_name": "MeterDocument", "object_id": "23", "details": "Загружен документ для счётчика 42994734: 12._акт_снятия_показаний_декабрь_2024.pdf", "ip_address": "86.110.118.251", "timestamp": "2026-04-29T12:06:52.460Z"}}, {"model": "energy.userlog", "pk": 220, "fields": {"user": ["bikov"], "action": "VIEW", "model_name": "Meter", "object_id": "5", "details": "Просмотр счётчика 42994734", "ip_address": "86.110.118.251", "timestamp": "2026-04-29T12:06:52.872Z"}}, {"model": "energy.userlog", "pk": 221, "fields": {"user": ["bikov"], "action": "CREATE", "model_name": "MeterDocument", "object_id": "24", "details": "Загружен документ для счётчика 42994734: 01._январь_2025.pdf", "ip_address": "86.110.118.251", "timestamp": "2026-04-29T12:08:22.943Z"}}, {"model": "energy.userlog", "pk": 222, "fields": {"user": ["bikov"], "action": "VIEW", "model_name": "Meter", "object_id": "5", "details": "Просмотр счётчика 42994734", "ip_address": "86.110.118.251", "timestamp": "2026-04-29T12:08:23.092Z"}}, {"model": "energy.userlog", "pk": 223, "fields": {"user": ["bikov"], "action": "CREATE", "model_name": "MeterDocument", "object_id": "25", "details": "Загружен документ для счётчика 42994734: 02._февраль_2025.pdf", "ip_address": "86.110.118.251", "timestamp": "2026-04-29T12:09:23.349Z"}}, {"model": "energy.userlog", "pk": 224, "fields": {"user": ["bikov"], "action": "VIEW", "model_name": "Meter", "object_id": "5", "details": "Просмотр счётчика 42994734", "ip_address": "86.110.118.251", "timestamp": "2026-04-29T12:09:23.522Z"}}, {"model": "energy.userlog", "pk": 225, "fields": {"user": ["bikov"], "action": "CREATE", "model_name": "MeterDocument", "object_id": "26", "details": "Загружен документ для счётчика 42994734: 03._март_2025.pdf", "ip_address": "86.110.118.251", "timestamp": "2026-04-29T12:09:56.891Z"}}, {"model": "energy.userlog", "pk": 226, "fields": {"user": ["bikov"], "action": "VIEW", "model_name": "Meter", "object_id": "5", "details": "Просмотр счётчика 42994734", "ip_address": "86.110.118.251", "timestamp": "2026-04-29T12:09:57.224Z"}}, {"model": "energy.userlog", "pk": 227, "fields": {"user": ["bikov"], "action": "CREATE", "model_name": "MeterDocument", "object_id": "27", "details": "Загружен документ для счётчика 42994734: 04._апрель_2025.pdf", "ip_address": "86.110.118.251", "timestamp": "2026-04-29T12:10:45.368Z"}}, {"model": "energy.userlog", "pk": 228, "fields": {"user": ["bikov"], "action": "VIEW", "model_name": "Meter", "object_id": "5", "details": "Просмотр счётчика 42994734", "ip_address": "86.110.118.251", "timestamp": "2026-04-29T12:10:45.749Z"}}, {"model": "energy.userlog", "pk": 229, "fields": {"user": ["bikov"], "action": "CREATE", "model_name": "MeterDocument", "object_id": "28", "details": "Загружен документ для счётчика 42994734: 05._май_2025.pdf", "ip_address": "86.110.118.251", "timestamp": "2026-04-29T12:11:21.264Z"}}, {"model": "energy.userlog", "pk": 230, "fields": {"user": ["bikov"], "action": "VIEW", "model_name": "Meter", "object_id": "5", "details": "Просмотр счётчика 42994734", "ip_address": "86.110.118.251", "timestamp": "2026-04-29T12:11:21.383Z"}}, {"model": "energy.userlog", "pk": 231, "fields": {"user": ["bikov"], "action": "CREATE", "model_name": "MeterDocument", "object_id": "29", "details": "Загружен документ для счётчика 42994734: 06._июнь_2025.pdf", "ip_address": "86.110.118.251", "timestamp": "2026-04-29T12:11:46.193Z"}}, {"model": "energy.userlog", "pk": 232, "fields": {"user": ["bikov"], "action": "VIEW", "model_name": "Meter", "object_id": "5", "details": "Просмотр счётчика 42994734", "ip_address": "86.110.118.251", "timestamp": "2026-04-29T12:11:46.328Z"}}, {"model": "energy.userlog", "pk": 233, "fields": {"user": ["bikov"], "action": "CREATE", "model_name": "MeterDocument", "object_id": "30", "details": "Загружен документ для счётчика 42994734: 07._июль_2025.pdf", "ip_address": "86.110.118.251", "timestamp": "2026-04-29T12:12:15.830Z"}}, {"model": "energy.userlog", "pk": 234, "fields": {"user": ["bikov"], "action": "VIEW", "model_name": "Meter", "object_id": "5", "details": "Просмотр счётчика 42994734", "ip_address": "86.110.118.251", "timestamp": "2026-04-29T12:12:15.972Z"}}, {"model": "energy.userlog", "pk": 235, "fields": {"user": ["bikov"], "action": "CREATE", "model_name": "MeterDocument", "object_id": "31", "details": "Загружен документ для счётчика 42994734: 08._август_2025.pdf", "ip_address": "86.110.118.251", "timestamp": "2026-04-29T12:12:43.630Z"}}, {"model": "energy.userlog", "pk": 236, "fields": {"user": ["bikov"], "action": "VIEW", "model_name": "Meter", "object_id": "5", "details": "Просмотр счётчика 42994734", "ip_address": "86.110.118.251", "timestamp": "2026-04-29T12:12:43.756Z"}}, {"model": "energy.userlog", "pk": 237, "fields": {"user": ["bikov"], "action": "CREATE", "model_name": "MeterDocument", "object_id": "32", "details": "Загружен документ для счётчика 42994734: 09._сентябрь_2025.pdf", "ip_address": "86.110.118.251", "timestamp": "2026-04-29T12:13:14.324Z"}}, {"model": "energy.userlog", "pk": 238, "fields": {"user": ["bikov"], "action": "VIEW", "model_name": "Meter", "object_id": "5", "details": "Просмотр счётчика 42994734", "ip_address": "86.110.118.251", "timestamp": "2026-04-29T12:13:14.431Z"}}, {"model": "energy.userlog", "pk": 239, "fields": {"user": ["bikov"], "action": "CREATE", "model_name": "MeterDocument", "object_id": "33", "details": "Загружен документ для счётчика 42994734: 10._октябрь_2025.pdf", "ip_address": "86.110.118.251", "timestamp": "2026-04-29T12:14:20.251Z"}}, {"model": "energy.userlog", "pk": 240, "fields": {"user": ["bikov"], "action": "VIEW", "model_name": "Meter", "object_id": "5", "details": "Просмотр счётчика 42994734", "ip_address": "86.110.118.251", "timestamp": "2026-04-29T12:14:20.538Z"}}, {"model": "energy.userlog", "pk": 241, "fields": {"user": ["bikov"], "action": "CREATE", "model_name": "MeterDocument", "object_id": "34", "details": "Загружен документ для счётчика 42994734: 11._ноябрь_2025.pdf", "ip_address": "86.110.118.251", "timestamp": "2026-04-29T12:14:42.176Z"}}, {"model": "energy.userlog", "pk": 242, "fields": {"user": ["bikov"], "action": "VIEW", "model_name": "Meter", "object_id": "5", "details": "Просмотр счётчика 42994734", "ip_address": "86.110.118.251", "timestamp": "2026-04-29T12:14:42.327Z"}}, {"model": "energy.userlog", "pk": 243, "fields": {"user": ["bikov"], "action": "CREATE", "model_name": "MeterDocument", "object_id": "35", "details": "Загружен документ для счётчика 42994734: 12._декабрь_2025.pdf", "ip_address": "86.110.118.251", "timestamp": "2026-04-29T12:15:12.318Z"}}, {"model": "energy.userlog", "pk": 244, "fields": {"user": ["bikov"], "action": "VIEW", "model_name": "Meter", "object_id": "5", "details": "Просмотр счётчика 42994734", "ip_address": "86.110.118.251", "timestamp": "2026-04-29T12:15:12.630Z"}}, {"model": "energy.userlog", "pk": 245, "fields": {"user": ["bikov"], "action": "VIEW", "model_name": "Meter", "object_id": "5", "details": "Просмотр счётчика 42994734", "ip_address": "86.110.118.251", "timestamp": "2026-04-29T12:17:56.403Z"}}, {"model": "energy.userlog", "pk": 246, "fields": {"user": ["bikov"], "action": "CREATE", "model_name": "MeterDocument", "object_id": "36", "details": "Загружен документ для счётчика 42994734: 01._январь_2026.pdf", "ip_address": "86.110.118.251", "timestamp": "2026-04-29T12:18:51.976Z"}}, {"model": "energy.userlog", "pk": 247, "fields": {"user": ["bikov"], "action": "VIEW", "model_name": "Meter", "object_id": "5", "details": "Просмотр счётчика 42994734", "ip_address": "86.110.118.251", "timestamp": "2026-04-29T12:18:52.139Z"}}, {"model": "energy.userlog", "pk": 248, "fields": {"user": ["bikov"], "action": "CREATE", "model_name": "MeterDocument", "object_id": "37", "details": "Загружен документ для счётчика 42994734: 02._февраль_2026.pdf", "ip_address": "86.110.118.251", "timestamp": "2026-04-29T12:19:14.618Z"}}, {"model": "energy.userlog", "pk": 249, "fields": {"user": ["bikov"], "action": "VIEW", "model_name": "Meter", "object_id": "5", "details": "Просмотр счётчика 42994734", "ip_address": "86.110.118.251", "timestamp": "2026-04-29T12:19:14.970Z"}}, {"model": "energy.userlog", "pk": 250, "fields": {"user": ["bikov"], "action": "CREATE", "model_name": "MeterDocument", "object_id": "38", "details": "Загружен документ для счётчика 42994734: 03._март_2026.pdf", "ip_address": "86.110.118.251", "timestamp": "2026-04-29T12:19:43.591Z"}}, {"model": "energy.userlog", "pk": 251, "fields": {"user": ["bikov"], "action": "VIEW", "model_name": "Meter", "object_id": "5", "details": "Просмотр счётчика 42994734", "ip_address": "86.110.118.251", "timestamp": "2026-04-29T12:19:43.750Z"}}, {"model": "energy.userlog", "pk": 252, "fields": {"user": ["bikov"], "action": "CREATE", "model_name": "MeterDocument", "object_id": "39", "details": "Загружен документ для счётчика 42994734: 04._апрель_2026.pdf", "ip_address": "86.110.118.251", "timestamp": "2026-04-29T12:20:36.240Z"}}, {"model": "energy.userlog", "pk": 253, "fields": {"user": ["bikov"], "action": "VIEW", "model_name": "Meter", "object_id": "5", "details": "Просмотр счётчика 42994734", "ip_address": "86.110.118.251", "timestamp": "2026-04-29T12:20:36.397Z"}}, {"model": "energy.userlog", "pk": 254, "fields": {"user": ["bikov"], "action": "VIEW", "model_name": "Meter", "object_id": "5", "details": "Просмотр счётчика 42994734", "ip_address": "86.110.118.251", "timestamp": "2026-04-29T12:20:46.805Z"}}, {"model": "energy.userlog", "pk": 255, "fields": {"user": ["bikov"], "action": "VIEW", "model_name": "Meter", "object_id": "5", "details": "Просмотр счётчика 42994734", "ip_address": "86.110.118.251", "timestamp": "2026-04-29T12:20:49.247Z"}}, {"model": "energy.userlog", "pk": 256, "fields": {"user": ["bikov"], "action": "VIEW", "model_name": "Meter", "object_id": "1", "details": "Просмотр счётчика 023240140686", "ip_address": "86.110.118.251", "timestamp": "2026-04-29T12:21:05.013Z"}}, {"model": "energy.userlog", "pk": 257, "fields": {"user": ["bikov"], "action": "CREATE", "model_name": "Reading", "object_id": "40", "details": "Показание для 023240140686 от 2026-04-29: 0", "ip_address": "86.110.118.251", "timestamp": "2026-04-29T12:22:18.743Z"}}, {"model": "energy.userlog", "pk": 258, "fields": {"user": ["bikov"], "action": "VIEW", "model_name": "Meter", "object_id": "1", "details": "Просмотр счётчика 023240140686", "ip_address": "86.110.118.251", "timestamp": "2026-04-29T12:22:19.028Z"}}, {"model": "energy.userlog", "pk": 259, "fields": {"user": ["bikov"], "action": "VIEW", "model_name": "Meter", "object_id": "3", "details": "Просмотр счётчика 23240140876", "ip_address": "86.110.118.251", "timestamp": "2026-04-29T12:23:23.358Z"}}, {"model": "energy.userlog", "pk": 260, "fields": {"user": ["bikov"], "action": "CREATE", "model_name": "Reading", "object_id": "41", "details": "Показание для 23240140876 от 2026-04-29: 56387.200", "ip_address": "86.110.118.251", "timestamp": "2026-04-29T12:24:24.634Z"}}, {"model": "energy.userlog", "pk": 261, "fields": {"user": ["bikov"], "action": "VIEW", "model_name": "Meter", "object_id": "3", "details": "Просмотр счётчика 23240140876", "ip_address": "86.110.118.251", "timestamp": "2026-04-29T12:24:24.951Z"}}, {"model": "energy.userlog", "pk": 262, "fields": {"user": ["bikov"], "action": "VIEW", "model_name": "Meter", "object_id": "3", "details": "Просмотр счётчика 23240140876", "ip_address": "86.110.118.251", "timestamp": "2026-04-29T12:25:49.669Z"}}, {"model": "energy.userlog", "pk": 263, "fields": {"user": ["bikov"], "action": "VIEW", "model_name": "Meter", "object_id": "3", "details": "Просмотр счётчика 23240140876", "ip_address": "86.110.118.251", "timestamp": "2026-04-29T12:26:09.859Z"}}, {"model": "energy.userlog", "pk": 264, "fields": {"user": ["bikov"], "action": "CREATE", "model_name": "Reading", "object_id": "42", "details": "Показание для 022101031 от 2026-04-29: 0", "ip_address": "86.110.118.251", "timestamp": "2026-04-29T12:28:51.885Z"}}, {"model": "energy.userlog", "pk": 265, "fields": {"user": ["bikov"], "action": "VIEW", "model_name": "Meter", "object_id": "9", "details": "Просмотр счётчика 022101031", "ip_address": "86.110.118.251", "timestamp": "2026-04-29T12:28:54.414Z"}}, {"model": "energy.userlog", "pk": 266, "fields": {"user": ["bikov"], "action": "VIEW", "model_name": "Report", "object_id": "", "details": "Просмотр отчёта по потреблению за Апрель 2026, фильтр: all", "ip_address": "86.110.118.251", "timestamp": "2026-04-29T12:30:46.956Z"}}, {"model": "energy.userlog", "pk": 267, "fields": {"user": ["bikov"], "action": "VIEW", "model_name": "Report", "object_id": "", "details": "Просмотр отчёта по потреблению за Апрель 2026, фильтр: all", "ip_address": "78.17.66.84", "timestamp": "2026-04-30T04:34:33.141Z"}}, {"model": "energy.userlog", "pk": 268, "fields": {"user": ["bikov"], "action": "VIEW", "model_name": "Meter", "object_id": "5", "details": "Просмотр счётчика 42994734", "ip_address": "78.17.66.84", "timestamp": "2026-04-30T04:34:45.205Z"}}, {"model": "energy.userlog", "pk": 269, "fields": {"user": ["bikov"], "action": "VIEW", "model_name": "Meter", "object_id": "1", "details": "Просмотр счётчика 023240140686", "ip_address": "86.110.118.251", "timestamp": "2026-04-30T11:37:05.948Z"}}, {"model": "energy.userlog", "pk": 270, "fields": {"user": ["bikov"], "action": "VIEW", "model_name": "Meter", "object_id": "2", "details": "Просмотр счётчика 023240140718", "ip_address": "86.110.118.251", "timestamp": "2026-04-30T11:37:11.452Z"}}, {"model": "energy.userlog", "pk": 271, "fields": {"user": ["bikov"], "action": "VIEW", "model_name": "Meter", "object_id": "3", "details": "Просмотр счётчика 23240140876", "ip_address": "86.110.118.251", "timestamp": "2026-04-30T11:37:15.027Z"}}, {"model": "energy.userlog", "pk": 272, "fields": {"user": ["bikov"], "action": "VIEW", "model_name": "Report", "object_id": "", "details": "Просмотр отчёта по потреблению за Апрель 2026, фильтр: all", "ip_address": "86.110.118.251", "timestamp": "2026-04-30T11:41:18.147Z"}}, {"model": "energy.userlog", "pk": 273, "fields": {"user": ["bikov"], "action": "VIEW", "model_name": "Report", "object_id": "", "details": "Просмотр отчёта по потреблению за Март 2026, фильтр: all", "ip_address": "86.110.118.251", "timestamp": "2026-04-30T11:42:09.692Z"}}, {"model": "energy.userlog", "pk": 274, "fields": {"user": ["bikov"], "action": "VIEW", "model_name": "Report", "object_id": "", "details": "Просмотр отчёта по аномалиям (порог 2.0)", "ip_address": "86.110.118.251", "timestamp": "2026-04-30T16:26:18.042Z"}}, {"model": "energy.userlog", "pk": 275, "fields": {"user": ["bikov"], "action": "VIEW", "model_name": "Report", "object_id": "", "details": "Просмотр отчёта по потреблению за Май 2026, фильтр: all", "ip_address": "85.198.105.97", "timestamp": "2026-05-02T21:02:01.081Z"}}, {"model": "energy.userlog", "pk": 276, "fields": {"user": ["bikov"], "action": "VIEW", "model_name": "Meter", "object_id": "2", "details": "Просмотр счётчика 023240140718", "ip_address": "85.198.105.97", "timestamp": "2026-05-03T12:47:54.328Z"}}, {"model": "energy.userlog", "pk": 277, "fields": {"user": ["bikov"], "action": "VIEW", "model_name": "Meter", "object_id": "1", "details": "Просмотр счётчика 023240140686", "ip_address": "85.198.105.97", "timestamp": "2026-05-03T12:47:58.926Z"}}, {"model": "energy.userlog", "pk": 278, "fields": {"user": ["bikov"], "action": "VIEW", "model_name": "Report", "object_id": "", "details": "Просмотр отчёта по потреблению за Май 2026, фильтр: all", "ip_address": "85.198.105.97", "timestamp": "2026-05-03T14:16:30.161Z"}}, {"model": "energy.userlog", "pk": 279, "fields": {"user": ["bikov"], "action": "VIEW", "model_name": "Report", "object_id": "", "details": "Просмотр отчёта по аномалиям (порог 2.0)", "ip_address": "85.198.105.97", "timestamp": "2026-05-03T14:16:32.656Z"}}, {"model": "energy.userlog", "pk": 280, "fields": {"user": ["bikov"], "action": "VIEW", "model_name": "Meter", "object_id": "5", "details": "Просмотр счётчика 42994734", "ip_address": "85.198.105.97", "timestamp": "2026-05-04T03:21:15.524Z"}}, {"model": "energy.userlog", "pk": 281, "fields": {"user": ["bikov"], "action": "VIEW", "model_name": "Meter", "object_id": "5", "details": "Просмотр счётчика 42994734", "ip_address": "86.110.118.251", "timestamp": "2026-05-04T10:47:13.379Z"}}, {"model": "energy.userlog", "pk": 282, "fields": {"user": ["bikov"], "action": "VIEW", "model_name": "Meter", "object_id": "2", "details": "Просмотр счётчика 023240140718", "ip_address": "86.110.118.251", "timestamp": "2026-05-04T10:56:15.812Z"}}, {"model": "energy.userlog", "pk": 283, "fields": {"user": ["bikov"], "action": "VIEW", "model_name": "Meter", "object_id": "9", "details": "Просмотр счётчика 022101031", "ip_address": "86.110.118.251", "timestamp": "2026-05-04T10:56:33.609Z"}}, {"model": "energy.userlog", "pk": 284, "fields": {"user": ["bikov"], "action": "VIEW", "model_name": "Meter", "object_id": "5", "details": "Просмотр счётчика 42994734", "ip_address": "85.198.105.97", "timestamp": "2026-05-05T19:22:04.748Z"}}, {"model": "energy.userlog", "pk": 285, "fields": {"user": ["bikov"], "action": "VIEW", "model_name": "Meter", "object_id": "5", "details": "Просмотр счётчика 42994734", "ip_address": "85.198.105.97", "timestamp": "2026-05-05T19:22:35.394Z"}}, {"model": "energy.userlog", "pk": 286, "fields": {"user": ["bikov"], "action": "VIEW", "model_name": "Meter", "object_id": "5", "details": "Просмотр счётчика 42994734", "ip_address": "85.198.105.97", "timestamp": "2026-05-05T19:22:45.772Z"}}, {"model": "energy.userlog", "pk": 287, "fields": {"user": ["bikov"], "action": "VIEW", "model_name": "Meter", "object_id": "5", "details": "Просмотр счётчика 42994734", "ip_address": "85.198.105.97", "timestamp": "2026-05-05T19:23:22.800Z"}}, {"model": "energy.userlog", "pk": 288, "fields": {"user": ["bikov"], "action": "VIEW", "model_name": "Meter", "object_id": "5", "details": "Просмотр счётчика 42994734", "ip_address": "85.198.105.97", "timestamp": "2026-05-05T19:23:26.854Z"}}, {"model": "energy.userlog", "pk": 289, "fields": {"user": ["bikov"], "action": "EDIT", "model_name": "Meter", "object_id": "8", "details": "Редактирование счётчика 12103", "ip_address": "86.110.118.251", "timestamp": "2026-05-06T11:28:30.568Z"}}, {"model": "energy.userlog", "pk": 290, "fields": {"user": ["bikov"], "action": "VIEW", "model_name": "Meter", "object_id": "8", "details": "Просмотр счётчика 12103", "ip_address": "86.110.118.251", "timestamp": "2026-05-06T11:28:42.478Z"}}, {"model": "energy.userlog", "pk": 291, "fields": {"user": ["bikov"], "action": "VIEW", "model_name": "Meter", "object_id": "8", "details": "Просмотр счётчика 12103", "ip_address": "86.110.118.251", "timestamp": "2026-05-06T11:29:31.103Z"}}, {"model": "energy.userlog", "pk": 292, "fields": {"user": ["bikov"], "action": "VIEW", "model_name": "Meter", "object_id": "8", "details": "Просмотр счётчика 12103", "ip_address": "86.110.118.251", "timestamp": "2026-05-06T11:29:41.893Z"}}, {"model": "energy.userlog", "pk": 293, "fields": {"user": ["bikov"], "action": "EDIT", "model_name": "Meter", "object_id": "8", "details": "Редактирование счётчика 12103", "ip_address": "86.110.118.251", "timestamp": "2026-05-06T11:30:04.225Z"}}, {"model": "energy.userlog", "pk": 294, "fields": {"user": ["bikov"], "action": "CREATE", "model_name": "Reading", "object_id": "43", "details": "Показание для 12103 от 2025-01-31: 0", "ip_address": "86.110.118.251", "timestamp": "2026-05-06T11:30:40.800Z"}}, {"model": "energy.userlog", "pk": 295, "fields": {"user": ["bikov"], "action": "VIEW", "model_name": "Meter", "object_id": "8", "details": "Просмотр счётчика 12103", "ip_address": "86.110.118.251", "timestamp": "2026-05-06T11:30:43.086Z"}}, {"model": "energy.userlog", "pk": 296, "fields": {"user": ["bikov"], "action": "CREATE", "model_name": "Reading", "object_id": "44", "details": "Показание для 12103 от 2025-02-28: 0", "ip_address": "86.110.118.251", "timestamp": "2026-05-06T11:35:29.298Z"}}, {"model": "energy.userlog", "pk": 297, "fields": {"user": ["bikov"], "action": "VIEW", "model_name": "Meter", "object_id": "8", "details": "Просмотр счётчика 12103", "ip_address": "86.110.118.251", "timestamp": "2026-05-06T11:35:32.661Z"}}, {"model": "energy.userlog", "pk": 298, "fields": {"user": ["bikov"], "action": "CREATE", "model_name": "Reading", "object_id": "45", "details": "Показание для 12103 от 2025-03-30: 0", "ip_address": "86.110.118.251", "timestamp": "2026-05-06T11:37:53.731Z"}}, {"model": "energy.userlog", "pk": 299, "fields": {"user": ["bikov"], "action": "CREATE", "model_name": "Reading", "object_id": "46", "details": "Показание для 12103 от 2025-04-30: 0", "ip_address": "86.110.118.251", "timestamp": "2026-05-06T11:40:47.504Z"}}, {"model": "energy.userlog", "pk": 300, "fields": {"user": ["bikov"], "action": "VIEW", "model_name": "Meter", "object_id": "8", "details": "Просмотр счётчика 12103", "ip_address": "86.110.118.251", "timestamp": "2026-05-06T11:40:49.924Z"}}, {"model": "energy.userlog", "pk": 301, "fields": {"user": ["bikov"], "action": "VIEW", "model_name": "Meter", "object_id": "8", "details": "Просмотр счётчика 12103", "ip_address": "86.110.118.251", "timestamp": "2026-05-06T11:40:58.708Z"}}, {"model": "energy.userlog", "pk": 302, "fields": {"user": ["bikov"], "action": "VIEW", "model_name": "Meter", "object_id": "9", "details": "Просмотр счётчика 022101031", "ip_address": "86.110.118.251", "timestamp": "2026-05-06T11:55:57.215Z"}}, {"model": "energy.userlog", "pk": 303, "fields": {"user": ["bikov"], "action": "VIEW", "model_name": "Meter", "object_id": "9", "details": "Просмотр счётчика 022101031", "ip_address": "86.110.118.251", "timestamp": "2026-05-06T11:56:01.594Z"}}, {"model": "energy.userlog", "pk": 304, "fields": {"user": ["bikov"], "action": "VIEW", "model_name": "Meter", "object_id": "9", "details": "Просмотр счётчика 022101031", "ip_address": "86.110.118.251", "timestamp": "2026-05-06T11:56:05.292Z"}}, {"model": "energy.userlog", "pk": 305, "fields": {"user": ["bikov"], "action": "VIEW", "model_name": "Meter", "object_id": "8", "details": "Просмотр счётчика 12103", "ip_address": "86.110.118.251", "timestamp": "2026-05-06T11:56:24.682Z"}}, {"model": "energy.userlog", "pk": 306, "fields": {"user": ["bikov"], "action": "VIEW", "model_name": "Meter", "object_id": "8", "details": "Просмотр счётчика 12103", "ip_address": "86.110.118.251", "timestamp": "2026-05-06T11:56:28.041Z"}}, {"model": "energy.userlog", "pk": 307, "fields": {"user": ["bikov"], "action": "CREATE", "model_name": "Reading", "object_id": "47", "details": "Показание для 12103 от 2025-05-31: 0", "ip_address": "86.110.118.251", "timestamp": "2026-05-06T13:40:08.415Z"}}, {"model": "energy.userlog", "pk": 308, "fields": {"user": ["bikov"], "action": "CREATE", "model_name": "Reading", "object_id": "48", "details": "Показание для 12103 от 2025-06-30: 0", "ip_address": "86.110.118.251", "timestamp": "2026-05-06T13:42:02.258Z"}}, {"model": "energy.userlog", "pk": 309, "fields": {"user": ["bikov"], "action": "VIEW", "model_name": "Meter", "object_id": "8", "details": "Просмотр счётчика 12103", "ip_address": "86.110.118.251", "timestamp": "2026-05-06T13:42:06.314Z"}}, {"model": "energy.userlog", "pk": 310, "fields": {"user": ["bikov"], "action": "VIEW", "model_name": "Meter", "object_id": "8", "details": "Просмотр счётчика 12103", "ip_address": "86.110.118.251", "timestamp": "2026-05-06T13:42:10.563Z"}}, {"model": "energy.userlog", "pk": 311, "fields": {"user": ["bikov"], "action": "VIEW", "model_name": "Meter", "object_id": "8", "details": "Просмотр счётчика 12103", "ip_address": "86.110.118.251", "timestamp": "2026-05-06T13:42:41.996Z"}}, {"model": "energy.userlog", "pk": 312, "fields": {"user": ["bikov"], "action": "CREATE", "model_name": "Reading", "object_id": "49", "details": "Показание для 12103 от 2025-07-31: 0", "ip_address": "86.110.118.251", "timestamp": "2026-05-06T13:44:00.799Z"}}, {"model": "energy.userlog", "pk": 313, "fields": {"user": ["bikov"], "action": "VIEW", "model_name": "Meter", "object_id": "8", "details": "Просмотр счётчика 12103", "ip_address": "86.110.118.251", "timestamp": "2026-05-06T13:44:03.248Z"}}, {"model": "energy.userlog", "pk": 314, "fields": {"user": ["bikov"], "action": "CREATE", "model_name": "Reading", "object_id": "50", "details": "Показание для 12103 от 2025-08-31: 0", "ip_address": "86.110.118.251", "timestamp": "2026-05-06T13:45:37.867Z"}}, {"model": "energy.userlog", "pk": 315, "fields": {"user": ["bikov"], "action": "VIEW", "model_name": "Meter", "object_id": "8", "details": "Просмотр счётчика 12103", "ip_address": "86.110.118.251", "timestamp": "2026-05-06T13:45:40.156Z"}}, {"model": "energy.userlog", "pk": 316, "fields": {"user": ["bikov"], "action": "CREATE", "model_name": "Reading", "object_id": "51", "details": "Показание для 12103 от 2025-09-30: 0", "ip_address": "86.110.118.251", "timestamp": "2026-05-06T13:47:44.582Z"}}, {"model": "energy.userlog", "pk": 317, "fields": {"user": ["bikov"], "action": "CREATE", "model_name": "Reading", "object_id": "52", "details": "Показание для 12103 от 2025-10-31: 0", "ip_address": "86.110.118.251", "timestamp": "2026-05-06T13:49:28.608Z"}}, {"model": "energy.userlog", "pk": 318, "fields": {"user": ["bikov"], "action": "VIEW", "model_name": "Meter", "object_id": "8", "details": "Просмотр счётчика 12103", "ip_address": "86.110.118.251", "timestamp": "2026-05-06T13:49:32.294Z"}}, {"model": "energy.userlog", "pk": 319, "fields": {"user": ["bikov"], "action": "VIEW", "model_name": "Meter", "object_id": "8", "details": "Просмотр счётчика 12103", "ip_address": "86.110.118.251", "timestamp": "2026-05-06T13:49:36.598Z"}}, {"model": "energy.userlog", "pk": 320, "fields": {"user": ["bikov"], "action": "CREATE", "model_name": "Reading", "object_id": "53", "details": "Показание для 12103 от 2025-11-30: 0", "ip_address": "86.110.118.251", "timestamp": "2026-05-06T13:51:39.693Z"}}, {"model": "energy.userlog", "pk": 321, "fields": {"user": ["bikov"], "action": "VIEW", "model_name": "Meter", "object_id": "8", "details": "Просмотр счётчика 12103", "ip_address": "86.110.118.251", "timestamp": "2026-05-06T13:51:43.437Z"}}, {"model": "energy.userlog", "pk": 322, "fields": {"user": ["bikov"], "action": "CREATE", "model_name": "Reading", "object_id": "54", "details": "Показание для 12103 от 2025-12-31: 0", "ip_address": "86.110.118.251", "timestamp": "2026-05-06T13:53:59.204Z"}}, {"model": "energy.userlog", "pk": 323, "fields": {"user": ["bikov"], "action": "CREATE", "model_name": "Reading", "object_id": "55", "details": "Показание для 12103 от 2026-01-31: 0", "ip_address": "86.110.118.251", "timestamp": "2026-05-06T13:55:26.771Z"}}, {"model": "energy.userlog", "pk": 324, "fields": {"user": ["bikov"], "action": "VIEW", "model_name": "Meter", "object_id": "8", "details": "Просмотр счётчика 12103", "ip_address": "86.110.118.251", "timestamp": "2026-05-06T13:55:30.191Z"}}, {"model": "energy.userlog", "pk": 325, "fields": {"user": ["bikov"], "action": "VIEW", "model_name": "Meter", "object_id": "8", "details": "Просмотр счётчика 12103", "ip_address": "86.110.118.251", "timestamp": "2026-05-06T13:55:33.492Z"}}, {"model": "energy.userlog", "pk": 326, "fields": {"user": ["bikov"], "action": "CREATE", "model_name": "Reading", "object_id": "56", "details": "Показание для 12103 от 2026-02-28: 0", "ip_address": "86.110.118.251", "timestamp": "2026-05-06T13:57:15.491Z"}}, {"model": "energy.userlog", "pk": 327, "fields": {"user": ["bikov"], "action": "VIEW", "model_name": "Meter", "object_id": "8", "details": "Просмотр счётчика 12103", "ip_address": "86.110.118.251", "timestamp": "2026-05-06T13:57:19.934Z"}}, {"model": "energy.userlog", "pk": 328, "fields": {"user": ["bikov"], "action": "VIEW", "model_name": "Meter", "object_id": "8", "details": "Просмотр счётчика 12103", "ip_address": "86.110.118.251", "timestamp": "2026-05-06T13:57:26.503Z"}}, {"model": "energy.userlog", "pk": 329, "fields": {"user": ["bikov"], "action": "VIEW", "model_name": "Meter", "object_id": "8", "details": "Просмотр счётчика 12103", "ip_address": "86.110.118.251", "timestamp": "2026-05-06T13:57:38.545Z"}}, {"model": "energy.userlog", "pk": 330, "fields": {"user": ["bikov"], "action": "VIEW", "model_name": "Meter", "object_id": "8", "details": "Просмотр счётчика 12103", "ip_address": "86.110.118.251", "timestamp": "2026-05-06T13:57:58.496Z"}}, {"model": "energy.userlog", "pk": 331, "fields": {"user": ["bikov"], "action": "CREATE", "model_name": "Reading", "object_id": "57", "details": "Показание для 12103 от 2026-03-31: 0", "ip_address": "86.110.118.251", "timestamp": "2026-05-06T13:59:17.826Z"}}, {"model": "energy.userlog", "pk": 332, "fields": {"user": ["bikov"], "action": "CREATE", "model_name": "Reading", "object_id": "58", "details": "Показание для 12103 от 2026-04-29: 0", "ip_address": "86.110.118.251", "timestamp": "2026-05-06T14:00:06.964Z"}}, {"model": "energy.userlog", "pk": 333, "fields": {"user": ["bikov"], "action": "VIEW", "model_name": "Meter", "object_id": "8", "details": "Просмотр счётчика 12103", "ip_address": "86.110.118.251", "timestamp": "2026-05-06T14:01:29.961Z"}}, {"model": "energy.userlog", "pk": 334, "fields": {"user": ["bikov"], "action": "VIEW", "model_name": "Meter", "object_id": "8", "details": "Просмотр счётчика 12103", "ip_address": "86.110.118.251", "timestamp": "2026-05-06T14:01:45.167Z"}}, {"model": "energy.userlog", "pk": 335, "fields": {"user": ["bikov"], "action": "VIEW", "model_name": "Meter", "object_id": "5", "details": "Просмотр счётчика 42994734", "ip_address": "86.110.118.251", "timestamp": "2026-05-06T14:04:26.107Z"}}, {"model": "energy.userlog", "pk": 336, "fields": {"user": ["bikov"], "action": "VIEW", "model_name": "Meter", "object_id": "5", "details": "Просмотр счётчика 42994734", "ip_address": "86.110.118.251", "timestamp": "2026-05-06T14:04:29.967Z"}}, {"model": "energy.userlog", "pk": 337, "fields": {"user": ["bikov"], "action": "VIEW", "model_name": "Meter", "object_id": "6", "details": "Просмотр счётчика 256789", "ip_address": "86.110.118.251", "timestamp": "2026-05-06T14:05:38.114Z"}}, {"model": "energy.userlog", "pk": 338, "fields": {"user": ["bikov"], "action": "VIEW", "model_name": "Meter", "object_id": "6", "details": "Просмотр счётчика 256789", "ip_address": "86.110.118.251", "timestamp": "2026-05-06T14:07:01.510Z"}}, {"model": "energy.userlog", "pk": 339, "fields": {"user": ["bikov"], "action": "EDIT", "model_name": "Meter", "object_id": "6", "details": "Редактирование счётчика 43092620", "ip_address": "86.110.118.251", "timestamp": "2026-05-06T14:08:01.861Z"}}, {"model": "energy.userlog", "pk": 340, "fields": {"user": ["bikov"], "action": "CREATE", "model_name": "Reading", "object_id": "59", "details": "Показание для 43092620 от 2024-04-27: 0", "ip_address": "86.110.118.251", "timestamp": "2026-05-06T14:09:07.233Z"}}, {"model": "energy.userlog", "pk": 341, "fields": {"user": ["bikov"], "action": "VIEW", "model_name": "Meter", "object_id": "6", "details": "Просмотр счётчика 43092620", "ip_address": "86.110.118.251", "timestamp": "2026-05-06T14:09:10.955Z"}}, {"model": "energy.userlog", "pk": 342, "fields": {"user": ["bikov"], "action": "CREATE", "model_name": "Reading", "object_id": "60", "details": "Показание для 43092620 от 2024-05-31: 0", "ip_address": "86.110.118.251", "timestamp": "2026-05-06T14:10:29.388Z"}}, {"model": "energy.userlog", "pk": 343, "fields": {"user": ["bikov"], "action": "VIEW", "model_name": "Meter", "object_id": "6", "details": "Просмотр счётчика 43092620", "ip_address": "86.110.118.251", "timestamp": "2026-05-06T14:10:31.435Z"}}, {"model": "energy.userlog", "pk": 344, "fields": {"user": ["bikov"], "action": "VIEW", "model_name": "Meter", "object_id": "6", "details": "Просмотр счётчика 43092620", "ip_address": "86.110.118.251", "timestamp": "2026-05-06T14:10:34.221Z"}}, {"model": "energy.userlog", "pk": 345, "fields": {"user": ["bikov"], "action": "CREATE", "model_name": "Reading", "object_id": "61", "details": "Показание для 43092620 от 2024-06-28: 0", "ip_address": "86.110.118.251", "timestamp": "2026-05-06T14:11:44.001Z"}}, {"model": "energy.userlog", "pk": 346, "fields": {"user": ["bikov"], "action": "VIEW", "model_name": "Meter", "object_id": "6", "details": "Просмотр счётчика 43092620", "ip_address": "86.110.118.251", "timestamp": "2026-05-06T14:11:46.026Z"}}, {"model": "energy.userlog", "pk": 347, "fields": {"user": ["bikov"], "action": "VIEW", "model_name": "Meter", "object_id": "6", "details": "Просмотр счётчика 43092620", "ip_address": "86.110.118.251", "timestamp": "2026-05-06T14:11:50.469Z"}}, {"model": "energy.userlog", "pk": 348, "fields": {"user": ["bikov"], "action": "CREATE", "model_name": "Reading", "object_id": "62", "details": "Показание для 43092620 от 2024-07-31: 0", "ip_address": "86.110.118.251", "timestamp": "2026-05-06T14:13:09.526Z"}}, {"model": "energy.userlog", "pk": 349, "fields": {"user": ["bikov"], "action": "VIEW", "model_name": "Meter", "object_id": "6", "details": "Просмотр счётчика 43092620", "ip_address": "86.110.118.251", "timestamp": "2026-05-06T14:13:44.485Z"}}, {"model": "energy.userlog", "pk": 350, "fields": {"user": ["bikov"], "action": "CREATE", "model_name": "Reading", "object_id": "63", "details": "Показание для 43092620 от 2024-08-31: 0", "ip_address": "86.110.118.251", "timestamp": "2026-05-06T14:14:56.078Z"}}, {"model": "energy.userlog", "pk": 351, "fields": {"user": ["bikov"], "action": "VIEW", "model_name": "Meter", "object_id": "6", "details": "Просмотр счётчика 43092620", "ip_address": "86.110.118.251", "timestamp": "2026-05-06T14:14:58.407Z"}}, {"model": "energy.userlog", "pk": 352, "fields": {"user": ["bikov"], "action": "VIEW", "model_name": "Meter", "object_id": "6", "details": "Просмотр счётчика 43092620", "ip_address": "86.110.118.251", "timestamp": "2026-05-06T14:15:00.816Z"}}, {"model": "energy.userlog", "pk": 353, "fields": {"user": ["bikov"], "action": "CREATE", "model_name": "Reading", "object_id": "64", "details": "Показание для 43092620 от 2024-09-30: 0", "ip_address": "86.110.118.251", "timestamp": "2026-05-06T14:16:25.154Z"}}, {"model": "energy.userlog", "pk": 354, "fields": {"user": ["bikov"], "action": "VIEW", "model_name": "Meter", "object_id": "6", "details": "Просмотр счётчика 43092620", "ip_address": "86.110.118.251", "timestamp": "2026-05-06T14:16:26.794Z"}}, {"model": "energy.userlog", "pk": 355, "fields": {"user": ["bikov"], "action": "VIEW", "model_name": "Meter", "object_id": "6", "details": "Просмотр счётчика 43092620", "ip_address": "86.110.118.251", "timestamp": "2026-05-06T14:16:33.634Z"}}, {"model": "energy.userlog", "pk": 356, "fields": {"user": ["bikov"], "action": "CREATE", "model_name": "Reading", "object_id": "65", "details": "Показание для 43092620 от 2024-10-31: 0", "ip_address": "86.110.118.251", "timestamp": "2026-05-06T14:17:35.583Z"}}, {"model": "energy.userlog", "pk": 357, "fields": {"user": ["bikov"], "action": "CREATE", "model_name": "Reading", "object_id": "66", "details": "Показание для 43092620 от 2024-11-30: 0", "ip_address": "86.110.118.251", "timestamp": "2026-05-06T14:18:19.675Z"}}, {"model": "energy.userlog", "pk": 358, "fields": {"user": ["bikov"], "action": "CREATE", "model_name": "Reading", "object_id": "67", "details": "Показание для 43092620 от 2024-12-31: 0", "ip_address": "86.110.118.251", "timestamp": "2026-05-06T14:19:07.225Z"}}, {"model": "energy.userlog", "pk": 359, "fields": {"user": ["bikov"], "action": "VIEW", "model_name": "Meter", "object_id": "6", "details": "Просмотр счётчика 43092620", "ip_address": "86.110.118.251", "timestamp": "2026-05-06T14:19:09.180Z"}}, {"model": "energy.userlog", "pk": 360, "fields": {"user": ["bikov"], "action": "VIEW", "model_name": "Meter", "object_id": "6", "details": "Просмотр счётчика 43092620", "ip_address": "86.110.118.251", "timestamp": "2026-05-06T14:19:13.316Z"}}, {"model": "energy.userlog", "pk": 361, "fields": {"user": ["bikov"], "action": "VIEW", "model_name": "Meter", "object_id": "6", "details": "Просмотр счётчика 43092620", "ip_address": "86.110.118.251", "timestamp": "2026-05-06T14:46:50.372Z"}}, {"model": "energy.userlog", "pk": 362, "fields": {"user": ["bikov"], "action": "CREATE", "model_name": "Reading", "object_id": "68", "details": "Показание для 43092620 от 2025-01-31: 0", "ip_address": "86.110.118.251", "timestamp": "2026-05-06T14:47:35.500Z"}}, {"model": "energy.userlog", "pk": 363, "fields": {"user": ["bikov"], "action": "VIEW", "model_name": "Meter", "object_id": "6", "details": "Просмотр счётчика 43092620", "ip_address": "86.110.118.251", "timestamp": "2026-05-06T14:50:59.355Z"}}, {"model": "energy.userlog", "pk": 364, "fields": {"user": ["bikov"], "action": "VIEW", "model_name": "Meter", "object_id": "6", "details": "Просмотр счётчика 43092620", "ip_address": "86.110.118.251", "timestamp": "2026-05-06T14:51:06.360Z"}}, {"model": "energy.userlog", "pk": 365, "fields": {"user": ["bikov"], "action": "VIEW", "model_name": "Meter", "object_id": "6", "details": "Просмотр счётчика 43092620", "ip_address": "86.110.118.251", "timestamp": "2026-05-06T14:51:30.177Z"}}, {"model": "energy.userlog", "pk": 366, "fields": {"user": ["bikov"], "action": "CREATE", "model_name": "Reading", "object_id": "69", "details": "Показание для 43092620 от 2025-02-27: 0", "ip_address": "86.110.118.251", "timestamp": "2026-05-06T14:51:54.698Z"}}, {"model": "energy.userlog", "pk": 367, "fields": {"user": ["bikov"], "action": "CREATE", "model_name": "Reading", "object_id": "70", "details": "Показание для 43092620 от 2025-03-31: 0", "ip_address": "86.110.118.251", "timestamp": "2026-05-06T14:52:37.545Z"}}, {"model": "energy.userlog", "pk": 368, "fields": {"user": ["bikov"], "action": "CREATE", "model_name": "Reading", "object_id": "71", "details": "Показание для 43092620 от 2025-04-30: 0", "ip_address": "86.110.118.251", "timestamp": "2026-05-06T14:53:20.215Z"}}, {"model": "energy.userlog", "pk": 369, "fields": {"user": ["bikov"], "action": "CREATE", "model_name": "Reading", "object_id": "72", "details": "Показание для 43092620 от 2025-05-29: 0", "ip_address": "86.110.118.251", "timestamp": "2026-05-06T14:53:50.237Z"}}, {"model": "energy.userlog", "pk": 370, "fields": {"user": ["bikov"], "action": "CREATE", "model_name": "Reading", "object_id": "73", "details": "Показание для 43092620 от 2025-06-30: 0", "ip_address": "86.110.118.251", "timestamp": "2026-05-06T14:54:33.895Z"}}, {"model": "energy.userlog", "pk": 371, "fields": {"user": ["bikov"], "action": "CREATE", "model_name": "Reading", "object_id": "74", "details": "Показание для 43092620 от 2025-07-30: 0", "ip_address": "86.110.118.251", "timestamp": "2026-05-06T14:55:15.886Z"}}, {"model": "energy.userlog", "pk": 372, "fields": {"user": ["bikov"], "action": "VIEW", "model_name": "Meter", "object_id": "6", "details": "Просмотр счётчика 43092620", "ip_address": "86.110.118.251", "timestamp": "2026-05-06T14:55:19.457Z"}}, {"model": "energy.userlog", "pk": 373, "fields": {"user": ["bikov"], "action": "VIEW", "model_name": "Meter", "object_id": "6", "details": "Просмотр счётчика 43092620", "ip_address": "86.110.118.251", "timestamp": "2026-05-06T14:55:32.819Z"}}, {"model": "energy.userlog", "pk": 374, "fields": {"user": ["bikov"], "action": "VIEW", "model_name": "Meter", "object_id": "8", "details": "Просмотр счётчика 12103", "ip_address": "85.198.105.97", "timestamp": "2026-05-06T17:08:12.788Z"}}, {"model": "energy.userlog", "pk": 375, "fields": {"user": ["bikov"], "action": "VIEW", "model_name": "Meter", "object_id": "8", "details": "Просмотр счётчика 12103", "ip_address": "85.198.105.97", "timestamp": "2026-05-06T17:08:16.588Z"}}, {"model": "energy.userlog", "pk": 376, "fields": {"user": ["bikov"], "action": "VIEW", "model_name": "Meter", "object_id": "4", "details": "Просмотр счётчика 023240140296", "ip_address": "85.198.105.97", "timestamp": "2026-05-06T17:11:36.585Z"}}, {"model": "energy.userlog", "pk": 377, "fields": {"user": ["bikov"], "action": "VIEW", "model_name": "Meter", "object_id": "2", "details": "Просмотр счётчика 023240140718", "ip_address": "85.198.105.97", "timestamp": "2026-05-06T17:11:45.233Z"}}, {"model": "energy.userlog", "pk": 378, "fields": {"user": ["bikov"], "action": "VIEW", "model_name": "Meter", "object_id": "3", "details": "Просмотр счётчика 23240140876", "ip_address": "85.198.105.97", "timestamp": "2026-05-06T17:11:51.231Z"}}, {"model": "energy.userlog", "pk": 379, "fields": {"user": ["bikov"], "action": "VIEW", "model_name": "Meter", "object_id": "4", "details": "Просмотр счётчика 023240140296", "ip_address": "85.198.105.97", "timestamp": "2026-05-06T17:13:09.999Z"}}, {"model": "energy.userlog", "pk": 380, "fields": {"user": ["bikov"], "action": "VIEW", "model_name": "Meter", "object_id": "1", "details": "Просмотр счётчика 023240140686", "ip_address": "85.198.105.97", "timestamp": "2026-05-06T17:13:15.370Z"}}, {"model": "energy.userlog", "pk": 381, "fields": {"user": ["bikov"], "action": "VIEW", "model_name": "Meter", "object_id": "3", "details": "Просмотр счётчика 23240140876", "ip_address": "85.198.105.97", "timestamp": "2026-05-06T17:13:38.433Z"}}, {"model": "energy.userlog", "pk": 382, "fields": {"user": ["bikov"], "action": "VIEW", "model_name": "Meter", "object_id": "5", "details": "Просмотр счётчика 42994734", "ip_address": "85.198.105.97", "timestamp": "2026-05-06T17:13:47.168Z"}}, {"model": "energy.userlog", "pk": 383, "fields": {"user": ["bikov"], "action": "VIEW", "model_name": "Meter", "object_id": "9", "details": "Просмотр счётчика 022101031", "ip_address": "85.198.105.97", "timestamp": "2026-05-06T17:13:59.054Z"}}, {"model": "energy.userlog", "pk": 384, "fields": {"user": ["bikov"], "action": "VIEW", "model_name": "Meter", "object_id": "8", "details": "Просмотр счётчика 12103", "ip_address": "86.110.118.251", "timestamp": "2026-05-07T07:45:14.641Z"}}, {"model": "energy.userlog", "pk": 385, "fields": {"user": ["bikov"], "action": "DELETE", "model_name": "MeterDocument", "object_id": "11", "details": "Удалён документ Акт_демонтажа_УУТЭ_28.04.2026.pdf для счётчика 12103", "ip_address": "86.110.118.251", "timestamp": "2026-05-07T07:45:29.608Z"}}, {"model": "energy.userlog", "pk": 386, "fields": {"user": ["bikov"], "action": "VIEW", "model_name": "Meter", "object_id": "8", "details": "Просмотр счётчика 12103", "ip_address": "86.110.118.251", "timestamp": "2026-05-07T07:45:29.685Z"}}, {"model": "energy.userlog", "pk": 387, "fields": {"user": ["bikov"], "action": "CREATE", "model_name": "MeterDocument", "object_id": "40", "details": "Загружен документ для счётчика 12103: С-ЕШИ_29-04-2026_524405357.2026-05-07.pdf", "ip_address": "86.110.118.251", "timestamp": "2026-05-07T07:46:47.679Z"}}, {"model": "energy.userlog", "pk": 388, "fields": {"user": ["bikov"], "action": "VIEW", "model_name": "Meter", "object_id": "8", "details": "Просмотр счётчика 12103", "ip_address": "86.110.118.251", "timestamp": "2026-05-07T07:46:47.775Z"}}, {"model": "energy.userlog", "pk": 389, "fields": {"user": ["bikov"], "action": "CREATE", "model_name": "MeterDocument", "object_id": "41", "details": "Загружен документ для счётчика 12103: С-ЕШИ_29-04-2026_524401740.2026-05-07.pdf", "ip_address": "86.110.118.251", "timestamp": "2026-05-07T07:48:16.562Z"}}, {"model": "energy.userlog", "pk": 390, "fields": {"user": ["bikov"], "action": "VIEW", "model_name": "Meter", "object_id": "8", "details": "Просмотр счётчика 12103", "ip_address": "86.110.118.251", "timestamp": "2026-05-07T07:48:16.639Z"}}, {"model": "energy.userlog", "pk": 391, "fields": {"user": ["bikov"], "action": "CREATE", "model_name": "MeterDocument", "object_id": "42", "details": "Загружен документ для счётчика 12103: С-ЕАЫ_29-04-2026_524402375.2026-05-07.pdf", "ip_address": "86.110.118.251", "timestamp": "2026-05-07T07:50:45.954Z"}}, {"model": "energy.userlog", "pk": 392, "fields": {"user": ["bikov"], "action": "VIEW", "model_name": "Meter", "object_id": "8", "details": "Просмотр счётчика 12103", "ip_address": "86.110.118.251", "timestamp": "2026-05-07T07:50:46.069Z"}}, {"model": "energy.userlog", "pk": 393, "fields": {"user": ["bikov"], "action": "CREATE", "model_name": "MeterDocument", "object_id": "43", "details": "Загружен документ для счётчика 12103: Акт_демонтажа_29.04.2026.pdf", "ip_address": "86.110.118.251", "timestamp": "2026-05-07T08:30:36.712Z"}}, {"model": "energy.userlog", "pk": 394, "fields": {"user": ["bikov"], "action": "VIEW", "model_name": "Meter", "object_id": "8", "details": "Просмотр счётчика 12103", "ip_address": "86.110.118.251", "timestamp": "2026-05-07T08:30:36.834Z"}}, {"model": "energy.userlog", "pk": 395, "fields": {"user": ["bikov"], "action": "VIEW", "model_name": "Meter", "object_id": "8", "details": "Просмотр счётчика 12103", "ip_address": "86.110.118.251", "timestamp": "2026-05-07T08:31:55.407Z"}}, {"model": "energy.userlog", "pk": 396, "fields": {"user": ["bikov"], "action": "VIEW", "model_name": "Report", "object_id": "", "details": "Просмотр отчёта по потреблению за Май 2026, фильтр: all", "ip_address": "86.110.118.251", "timestamp": "2026-05-07T08:32:09.529Z"}}, {"model": "energy.userlog", "pk": 397, "fields": {"user": ["bikov"], "action": "VIEW", "model_name": "Report", "object_id": "", "details": "Просмотр отчёта по потреблению за Апрель 2026, фильтр: all", "ip_address": "86.110.118.251", "timestamp": "2026-05-07T08:32:19.815Z"}}, {"model": "energy.userlog", "pk": 398, "fields": {"user": ["bikov"], "action": "VIEW", "model_name": "Meter", "object_id": "8", "details": "Просмотр счётчика 12103", "ip_address": "86.110.118.251", "timestamp": "2026-05-08T08:30:24.137Z"}}, {"model": "energy.userlog", "pk": 399, "fields": {"user": ["bikov"], "action": "VIEW", "model_name": "Meter", "object_id": "3", "details": "Просмотр счётчика 23240140876", "ip_address": "86.110.118.251", "timestamp": "2026-05-08T08:36:07.208Z"}}, {"model": "energy.userlog", "pk": 400, "fields": {"user": ["bikov"], "action": "VIEW", "model_name": "Report", "object_id": "", "details": "Просмотр отчёта по потреблению за Май 2026, фильтр: all", "ip_address": "86.110.118.251", "timestamp": "2026-05-08T08:38:58.134Z"}}, {"model": "energy.userlog", "pk": 401, "fields": {"user": ["bikov"], "action": "VIEW", "model_name": "Report", "object_id": "", "details": "Просмотр отчёта по потреблению за 2026, фильтр: all", "ip_address": "86.110.118.251", "timestamp": "2026-05-08T08:39:10.122Z"}}, {"model": "energy.userlog", "pk": 402, "fields": {"user": ["bikov"], "action": "EDIT", "model_name": "Meter", "object_id": "9", "details": "Редактирование счётчика 022101031", "ip_address": "86.110.118.251", "timestamp": "2026-05-08T08:47:36.394Z"}}, {"model": "energy.userlog", "pk": 403, "fields": {"user": ["bikov"], "action": "VIEW", "model_name": "Meter", "object_id": "6", "details": "Просмотр счётчика 43092620", "ip_address": "86.110.118.251", "timestamp": "2026-05-08T08:47:43.015Z"}}, {"model": "energy.userlog", "pk": 404, "fields": {"user": ["bikov"], "action": "VIEW", "model_name": "Meter", "object_id": "9", "details": "Просмотр счётчика 022101031", "ip_address": "86.110.118.251", "timestamp": "2026-05-08T08:48:11.052Z"}}, {"model": "energy.userlog", "pk": 405, "fields": {"user": ["bikov"], "action": "EDIT", "model_name": "Reading", "object_id": "42", "details": "Показание для 022101031 от 2026-04-29: 110626.000000", "ip_address": "86.110.118.251", "timestamp": "2026-05-08T08:48:57.572Z"}}, {"model": "energy.userlog", "pk": 406, "fields": {"user": ["bikov"], "action": "VIEW", "model_name": "Meter", "object_id": "9", "details": "Просмотр счётчика 022101031", "ip_address": "86.110.118.251", "timestamp": "2026-05-08T08:48:57.634Z"}}, {"model": "energy.userlog", "pk": 407, "fields": {"user": ["bikov"], "action": "VIEW", "model_name": "Meter", "object_id": "8", "details": "Просмотр счётчика 12103", "ip_address": "86.110.118.251", "timestamp": "2026-05-08T09:11:13.169Z"}}, {"model": "energy.userlog", "pk": 408, "fields": {"user": ["bikov"], "action": "CREATE", "model_name": "Reading", "object_id": "75", "details": "Показание для 022101031 от 2025-01-31: 0", "ip_address": "86.110.118.251", "timestamp": "2026-05-08T09:12:26.983Z"}}, {"model": "energy.userlog", "pk": 409, "fields": {"user": ["bikov"], "action": "CREATE", "model_name": "Reading", "object_id": "76", "details": "Показание для 022101031 от 2025-02-28: 0", "ip_address": "86.110.118.251", "timestamp": "2026-05-08T09:13:09.539Z"}}, {"model": "energy.userlog", "pk": 410, "fields": {"user": ["bikov"], "action": "CREATE", "model_name": "Reading", "object_id": "77", "details": "Показание для 022101031 от 2025-03-31: 0", "ip_address": "86.110.118.251", "timestamp": "2026-05-08T09:14:00.907Z"}}, {"model": "energy.userlog", "pk": 411, "fields": {"user": ["bikov"], "action": "CREATE", "model_name": "Reading", "object_id": "78", "details": "Показание для 022101031 от 2025-04-30: 0", "ip_address": "86.110.118.251", "timestamp": "2026-05-08T09:14:33.571Z"}}, {"model": "energy.userlog", "pk": 412, "fields": {"user": ["bikov"], "action": "CREATE", "model_name": "Reading", "object_id": "79", "details": "Показание для 022101031 от 2025-05-31: 0", "ip_address": "86.110.118.251", "timestamp": "2026-05-08T09:15:06.193Z"}}, {"model": "energy.userlog", "pk": 413, "fields": {"user": ["bikov"], "action": "CREATE", "model_name": "Reading", "object_id": "80", "details": "Показание для 022101031 от 2025-06-30: 0", "ip_address": "86.110.118.251", "timestamp": "2026-05-08T09:15:33.953Z"}}, {"model": "energy.userlog", "pk": 414, "fields": {"user": ["bikov"], "action": "CREATE", "model_name": "Reading", "object_id": "81", "details": "Показание для 022101031 от 2025-07-31: 0", "ip_address": "86.110.118.251", "timestamp": "2026-05-08T09:16:00.624Z"}}, {"model": "energy.userlog", "pk": 415, "fields": {"user": ["bikov"], "action": "CREATE", "model_name": "Reading", "object_id": "82", "details": "Показание для 022101031 от 2025-08-31: 0", "ip_address": "86.110.118.251", "timestamp": "2026-05-08T09:16:26.488Z"}}, {"model": "energy.userlog", "pk": 416, "fields": {"user": ["bikov"], "action": "CREATE", "model_name": "Reading", "object_id": "83", "details": "Показание для 022101031 от 2025-09-30: 0", "ip_address": "86.110.118.251", "timestamp": "2026-05-08T09:16:44.401Z"}}, {"model": "energy.userlog", "pk": 417, "fields": {"user": ["bikov"], "action": "CREATE", "model_name": "Reading", "object_id": "84", "details": "Показание для 022101031 от 2025-10-31: 0", "ip_address": "86.110.118.251", "timestamp": "2026-05-08T09:17:04.654Z"}}, {"model": "energy.userlog", "pk": 418, "fields": {"user": ["bikov"], "action": "CREATE", "model_name": "Reading", "object_id": "85", "details": "Показание для 022101031 от 2025-11-30: 0", "ip_address": "86.110.118.251", "timestamp": "2026-05-08T09:21:08.929Z"}}, {"model": "energy.userlog", "pk": 419, "fields": {"user": ["bikov"], "action": "CREATE", "model_name": "Reading", "object_id": "86", "details": "Показание для 022101031 от 2025-12-31: 0", "ip_address": "86.110.118.251", "timestamp": "2026-05-08T09:21:26.267Z"}}, {"model": "energy.userlog", "pk": 420, "fields": {"user": ["bikov"], "action": "CREATE", "model_name": "Reading", "object_id": "87", "details": "Показание для 022101031 от 2026-01-31: 0", "ip_address": "86.110.118.251", "timestamp": "2026-05-08T09:22:02.909Z"}}, {"model": "energy.userlog", "pk": 421, "fields": {"user": ["bikov"], "action": "CREATE", "model_name": "Reading", "object_id": "88", "details": "Показание для 022101031 от 2026-02-28: 0", "ip_address": "86.110.118.251", "timestamp": "2026-05-08T09:22:25.270Z"}}, {"model": "energy.userlog", "pk": 422, "fields": {"user": ["bikov"], "action": "CREATE", "model_name": "Reading", "object_id": "89", "details": "Показание для 022101031 от 2026-03-31: 0", "ip_address": "86.110.118.251", "timestamp": "2026-05-08T09:22:42.490Z"}}, {"model": "energy.userlog", "pk": 423, "fields": {"user": ["bikov"], "action": "VIEW", "model_name": "Meter", "object_id": "9", "details": "Просмотр счётчика 022101031", "ip_address": "86.110.118.251", "timestamp": "2026-05-08T09:23:21.444Z"}}, {"model": "energy.userlog", "pk": 424, "fields": {"user": ["bikov"], "action": "VIEW", "model_name": "Meter", "object_id": "9", "details": "Просмотр счётчика 022101031", "ip_address": "86.110.118.251", "timestamp": "2026-05-08T09:24:04.386Z"}}, {"model": "energy.userlog", "pk": 425, "fields": {"user": ["bikov"], "action": "VIEW", "model_name": "Meter", "object_id": "9", "details": "Просмотр счётчика 022101031", "ip_address": "86.110.118.251", "timestamp": "2026-05-08T09:27:29.360Z"}}, {"model": "energy.userlog", "pk": 426, "fields": {"user": ["bikov"], "action": "VIEW", "model_name": "Meter", "object_id": "9", "details": "Просмотр счётчика 022101031", "ip_address": "86.110.118.251", "timestamp": "2026-05-08T09:27:50.647Z"}}, {"model": "energy.userlog", "pk": 427, "fields": {"user": ["bikov"], "action": "VIEW", "model_name": "Meter", "object_id": "9", "details": "Просмотр счётчика 022101031", "ip_address": "86.110.118.251", "timestamp": "2026-05-08T09:28:06.316Z"}}, {"model": "energy.userlog", "pk": 428, "fields": {"user": ["bikov"], "action": "VIEW", "model_name": "Meter", "object_id": "9", "details": "Просмотр счётчика 022101031", "ip_address": "86.110.118.251", "timestamp": "2026-05-08T09:28:13.213Z"}}, {"model": "energy.userlog", "pk": 429, "fields": {"user": ["bikov"], "action": "VIEW", "model_name": "Meter", "object_id": "8", "details": "Просмотр счётчика 12103", "ip_address": "86.110.118.251", "timestamp": "2026-05-08T09:30:00.672Z"}}, {"model": "energy.userlog", "pk": 430, "fields": {"user": ["bikov"], "action": "VIEW", "model_name": "Meter", "object_id": "8", "details": "Просмотр счётчика 12103", "ip_address": "86.110.118.251", "timestamp": "2026-05-08T09:30:05.459Z"}}, {"model": "energy.userlog", "pk": 431, "fields": {"user": ["bikov"], "action": "VIEW", "model_name": "Meter", "object_id": "9", "details": "Просмотр счётчика 022101031", "ip_address": "86.110.118.251", "timestamp": "2026-05-08T10:36:58.068Z"}}, {"model": "energy.userlog", "pk": 432, "fields": {"user": ["bikov"], "action": "VIEW", "model_name": "Report", "object_id": "", "details": "Просмотр отчёта по потреблению за Май 2026, фильтр: all", "ip_address": "86.110.118.251", "timestamp": "2026-05-08T11:17:40.128Z"}}, {"model": "energy.userlog", "pk": 433, "fields": {"user": ["bikov"], "action": "VIEW", "model_name": "Meter", "object_id": "9", "details": "Просмотр счётчика 022101031", "ip_address": "85.198.105.97", "timestamp": "2026-05-08T17:53:57.470Z"}}, {"model": "energy.userlog", "pk": 434, "fields": {"user": ["bikov"], "action": "VIEW", "model_name": "Meter", "object_id": "9", "details": "Просмотр счётчика 022101031", "ip_address": "85.198.105.97", "timestamp": "2026-05-08T17:55:15.888Z"}}, {"model": "requests_app.requesttype", "pk": 1, "fields": {"name": "Электроснабжение", "icon": "", "is_active": true, "order": 0}}, {"model": "requests_app.requesttype", "pk": 2, "fields": {"name": "Сантехника", "icon": "", "is_active": true, "order": 0}}, {"model": "requests_app.requesttype", "pk": 3, "fields": {"name": "Перемещение мебели/оборудования", "icon": "", "is_active": true, "order": 0}}, {"model": "requests_app.requesttype", "pk": 4, "fields": {"name": "Плотницкие работы", "icon": "", "is_active": true, "order": 0}}, {"model": "requests_app.requesttype", "pk": 5, "fields": {"name": "Прочие", "icon": "", "is_active": true, "order": 0}}, {"model": "requests_app.servicerequest", "pk": 1, "fields": {"request_number": "ЗЯ-000001", "building": 2, "room_number": "105", "request_type": 5, "description": "Угостить начальника вкусным чаем", "priority": "high", "status": "closed", "created_by": ["bikov"], "assigned_to": ["viktoriya"], "planned_date": "2026-04-27", "completed_date": "2026-04-27T06:25:33.345Z", "comment": "", "created_at": "2026-04-27T05:34:01.658Z", "updated_at": "2026-04-27T06:25:33.346Z", "track_time": false, "time_spent": null, "suspension_reason": null}}, {"model": "requests_app.servicerequest", "pk": 2, "fields": {"request_number": "ЗЯ-000002", "building": 2, "room_number": "205", "request_type": 2, "description": "Устранение засора ванны", "priority": "medium", "status": "closed", "created_by": ["viktoriya"], "assigned_to": ["penkovav"], "planned_date": "2026-04-27", "completed_date": "2026-04-27T15:11:32.895Z", "comment": "", "created_at": "2026-04-27T06:37:48.919Z", "updated_at": "2026-04-27T15:11:32.896Z", "track_time": false, "time_spent": null, "suspension_reason": null}}, {"model": "requests_app.servicerequest", "pk": 3, "fields": {"request_number": "ЗЯ-000003", "building": 3, "room_number": "0", "request_type": 4, "description": "Не полностью закрываются выездные ворота", "priority": "high", "status": "closed", "created_by": ["viktoriya"], "assigned_to": ["shutenkodn"], "planned_date": "2026-04-27", "completed_date": null, "comment": "Регулировка выездных ворот\r\nШитов А.В. электрик", "created_at": "2026-04-27T08:50:49.344Z", "updated_at": "2026-04-27T16:58:52.265Z", "track_time": false, "time_spent": null, "suspension_reason": null}}, {"model": "requests_app.servicerequest", "pk": 4, "fields": {"request_number": "ЗЯ-000004", "building": 3, "room_number": "0", "request_type": 5, "description": "Необходимо убрать сломавшееся дерево возле ангара", "priority": "high", "status": "closed", "created_by": ["bikov"], "assigned_to": ["penkovav"], "planned_date": "2026-04-27", "completed_date": null, "comment": "Гришин Д.А. плотник", "created_at": "2026-04-27T11:02:53.514Z", "updated_at": "2026-04-28T07:12:39.998Z", "track_time": false, "time_spent": null, "suspension_reason": null}}, {"model": "requests_app.servicerequest", "pk": 5, "fields": {"request_number": "ЗЯ-000005", "building": 1, "room_number": "0", "request_type": 2, "description": "В санузле возле столовой не работает бочок", "priority": "medium", "status": "closed", "created_by": ["viktoriya"], "assigned_to": ["penkovav"], "planned_date": "2026-04-27", "completed_date": null, "comment": "", "created_at": "2026-04-27T11:54:22.475Z", "updated_at": "2026-04-27T15:13:37.749Z", "track_time": false, "time_spent": null, "suspension_reason": null}}, {"model": "requests_app.servicerequest", "pk": 6, "fields": {"request_number": "ЗЯ-000006", "building": 2, "room_number": "1104", "request_type": 2, "description": "Ремонт душевого шланга", "priority": "medium", "status": "closed", "created_by": ["viktoriya"], "assigned_to": ["paleychukpp"], "planned_date": "2026-04-24", "completed_date": null, "comment": "", "created_at": "2026-04-27T12:00:01.147Z", "updated_at": "2026-04-27T12:00:25.270Z", "track_time": false, "time_spent": null, "suspension_reason": null}}, {"model": "requests_app.servicerequest", "pk": 7, "fields": {"request_number": "ЗЯ-000007", "building": 2, "room_number": "309", "request_type": 2, "description": "Укрепить смеситель на раковине в кухне", "priority": "medium", "status": "closed", "created_by": ["viktoriya"], "assigned_to": ["paleychukpp"], "planned_date": "2026-04-24", "completed_date": null, "comment": "", "created_at": "2026-04-27T12:03:42.968Z", "updated_at": "2026-04-27T12:04:14.136Z", "track_time": false, "time_spent": null, "suspension_reason": null}}, {"model": "requests_app.servicerequest", "pk": 8, "fields": {"request_number": "ЗЯ-000008", "building": 2, "room_number": "425", "request_type": 2, "description": "Протекает кран в ванной", "priority": "medium", "status": "closed", "created_by": ["viktoriya"], "assigned_to": ["paleychukpp"], "planned_date": "2026-04-24", "completed_date": null, "comment": "", "created_at": "2026-04-27T12:30:28.560Z", "updated_at": "2026-04-27T12:30:35.031Z", "track_time": false, "time_spent": null, "suspension_reason": null}}, {"model": "requests_app.servicerequest", "pk": 9, "fields": {"request_number": "ЗЯ-000009", "building": 2, "room_number": "309", "request_type": 2, "description": "Устранение засора раковины", "priority": "medium", "status": "closed", "created_by": ["viktoriya"], "assigned_to": ["guryeven"], "planned_date": "2026-04-25", "completed_date": null, "comment": "", "created_at": "2026-04-27T12:32:20.795Z", "updated_at": "2026-04-27T12:32:29.895Z", "track_time": false, "time_spent": null, "suspension_reason": null}}, {"model": "requests_app.servicerequest", "pk": 10, "fields": {"request_number": "ЗЯ-000010", "building": 2, "room_number": "1211", "request_type": 2, "description": "Устранение засора ванны", "priority": "medium", "status": "closed", "created_by": ["viktoriya"], "assigned_to": ["guryeven"], "planned_date": "2026-04-25", "completed_date": null, "comment": "", "created_at": "2026-04-27T12:33:58.026Z", "updated_at": "2026-04-27T12:34:06.194Z", "track_time": false, "time_spent": null, "suspension_reason": null}}, {"model": "requests_app.servicerequest", "pk": 11, "fields": {"request_number": "ЗЯ-000011", "building": 2, "room_number": "1009", "request_type": 2, "description": "Устранение засора в раковине", "priority": "medium", "status": "closed", "created_by": ["viktoriya"], "assigned_to": ["guryeven"], "planned_date": "2026-04-25", "completed_date": null, "comment": "", "created_at": "2026-04-27T12:35:12.149Z", "updated_at": "2026-04-27T12:35:20.677Z", "track_time": false, "time_spent": null, "suspension_reason": null}}, {"model": "requests_app.servicerequest", "pk": 12, "fields": {"request_number": "ЗЯ-000012", "building": 2, "room_number": "1318", "request_type": 2, "description": "Ремонт смесителя", "priority": "medium", "status": "closed", "created_by": ["viktoriya"], "assigned_to": ["guryeven"], "planned_date": "2026-04-25", "completed_date": null, "comment": "", "created_at": "2026-04-27T12:36:17.094Z", "updated_at": "2026-04-27T12:36:22.891Z", "track_time": false, "time_spent": null, "suspension_reason": null}}, {"model": "requests_app.servicerequest", "pk": 13, "fields": {"request_number": "ЗЯ-000013", "building": 2, "room_number": "425", "request_type": 2, "description": "Замена смесителя (купили студенты)", "priority": "medium", "status": "closed", "created_by": ["viktoriya"], "assigned_to": ["guryeven"], "planned_date": "2026-04-25", "completed_date": "2026-04-27T13:36:24.753Z", "comment": "", "created_at": "2026-04-27T12:37:38.578Z", "updated_at": "2026-04-27T13:36:24.755Z", "track_time": false, "time_spent": null, "suspension_reason": null}}, {"model": "requests_app.servicerequest", "pk": 14, "fields": {"request_number": "ЗЯ-000014", "building": 2, "room_number": "918", "request_type": 2, "description": "Устранение засора ванны", "priority": "medium", "status": "closed", "created_by": ["viktoriya"], "assigned_to": ["guryeven"], "planned_date": "2026-04-26", "completed_date": null, "comment": "", "created_at": "2026-04-27T12:38:55.642Z", "updated_at": "2026-04-27T12:39:06.104Z", "track_time": false, "time_spent": null, "suspension_reason": null}}, {"model": "requests_app.servicerequest", "pk": 15, "fields": {"request_number": "ЗЯ-000015", "building": 2, "room_number": "1431", "request_type": 2, "description": "Засор ванны, раковины", "priority": "medium", "status": "closed", "created_by": ["viktoriya"], "assigned_to": ["guryeven"], "planned_date": "2026-04-26", "completed_date": null, "comment": "", "created_at": "2026-04-27T12:43:58.111Z", "updated_at": "2026-04-27T12:44:07.912Z", "track_time": false, "time_spent": null, "suspension_reason": null}}, {"model": "requests_app.servicerequest", "pk": 16, "fields": {"request_number": "ЗЯ-000016", "building": 2, "room_number": "624", "request_type": 2, "description": "Засор в раковине", "priority": "medium", "status": "closed", "created_by": ["viktoriya"], "assigned_to": ["guryeven"], "planned_date": "2026-04-26", "completed_date": null, "comment": "", "created_at": "2026-04-27T12:45:58.215Z", "updated_at": "2026-04-27T12:51:25.920Z", "track_time": false, "time_spent": null, "suspension_reason": null}}, {"model": "requests_app.servicerequest", "pk": 17, "fields": {"request_number": "ЗЯ-000017", "building": 2, "room_number": "1030", "request_type": 2, "description": "Ремонт душевого шланга", "priority": "medium", "status": "closed", "created_by": ["viktoriya"], "assigned_to": ["guryeven"], "planned_date": "2026-04-26", "completed_date": null, "comment": "", "created_at": "2026-04-27T12:52:15.011Z", "updated_at": "2026-04-27T12:52:21.052Z", "track_time": false, "time_spent": null, "suspension_reason": null}}, {"model": "requests_app.servicerequest", "pk": 18, "fields": {"request_number": "ЗЯ-000018", "building": 2, "room_number": "932", "request_type": 2, "description": "Засор в раковине", "priority": "medium", "status": "closed", "created_by": ["viktoriya"], "assigned_to": ["guryeven"], "planned_date": "2026-04-26", "completed_date": null, "comment": "", "created_at": "2026-04-27T12:55:02.332Z", "updated_at": "2026-04-27T12:55:09.726Z", "track_time": false, "time_spent": null, "suspension_reason": null}}, {"model": "requests_app.servicerequest", "pk": 19, "fields": {"request_number": "ЗЯ-000019", "building": 2, "room_number": "331", "request_type": 2, "description": "Засор в ванне", "priority": "medium", "status": "closed", "created_by": ["viktoriya"], "assigned_to": ["guryeven"], "planned_date": null, "completed_date": null, "comment": "", "created_at": "2026-04-27T12:56:23.048Z", "updated_at": "2026-04-27T12:56:35.910Z", "track_time": false, "time_spent": null, "suspension_reason": null}}, {"model": "requests_app.servicerequest", "pk": 20, "fields": {"request_number": "ЗЯ-000020", "building": 2, "room_number": "809", "request_type": 2, "description": "Засор в раковине", "priority": "medium", "status": "closed", "created_by": ["viktoriya"], "assigned_to": ["guryeven"], "planned_date": "2026-04-26", "completed_date": null, "comment": "", "created_at": "2026-04-27T12:57:24.840Z", "updated_at": "2026-04-27T12:57:35.655Z", "track_time": false, "time_spent": null, "suspension_reason": null}}, {"model": "requests_app.servicerequest", "pk": 21, "fields": {"request_number": "ЗЯ-000021", "building": 1, "room_number": "215А", "request_type": 1, "description": "Не горит свет", "priority": "medium", "status": "closed", "created_by": ["viktoriya"], "assigned_to": ["sharafutdinoviv"], "planned_date": "2026-04-24", "completed_date": "2026-04-27T13:04:28.458Z", "comment": "", "created_at": "2026-04-27T13:02:32.296Z", "updated_at": "2026-04-27T13:04:28.459Z", "track_time": false, "time_spent": null, "suspension_reason": null}}, {"model": "requests_app.servicerequest", "pk": 22, "fields": {"request_number": "ЗЯ-000022", "building": 2, "room_number": "228", "request_type": 1, "description": "Заменить лампы (купили студенты)", "priority": "medium", "status": "closed", "created_by": ["viktoriya"], "assigned_to": ["sharafutdinoviv"], "planned_date": "2026-04-24", "completed_date": "2026-04-27T13:51:09.783Z", "comment": "", "created_at": "2026-04-27T13:43:56.553Z", "updated_at": "2026-04-27T13:51:30.151Z", "track_time": false, "time_spent": null, "suspension_reason": null}}, {"model": "requests_app.servicerequest", "pk": 23, "fields": {"request_number": "ЗЯ-000023", "building": 2, "room_number": "1225", "request_type": 1, "description": "Замена ламп (купили студенты)", "priority": "medium", "status": "closed", "created_by": ["viktoriya"], "assigned_to": ["paleychukpp"], "planned_date": "2026-04-25", "completed_date": "2026-04-27T13:56:33.642Z", "comment": "", "created_at": "2026-04-27T13:55:41.375Z", "updated_at": "2026-04-27T13:56:33.644Z", "track_time": false, "time_spent": null, "suspension_reason": null}}, {"model": "requests_app.servicerequest", "pk": 24, "fields": {"request_number": "ЗЯ-000024", "building": 2, "room_number": "1211", "request_type": 1, "description": "Замена ламп (купили студенты)", "priority": "medium", "status": "closed", "created_by": ["viktoriya"], "assigned_to": ["paleychukpp"], "planned_date": null, "completed_date": "2026-04-27T13:58:09.950Z", "comment": "", "created_at": "2026-04-27T13:57:36.633Z", "updated_at": "2026-04-27T13:58:09.951Z", "track_time": false, "time_spent": null, "suspension_reason": null}}, {"model": "requests_app.servicerequest", "pk": 25, "fields": {"request_number": "ЗЯ-000025", "building": 1, "room_number": "0", "request_type": 3, "description": "Установка стойки с логотипом Института у главного входа 1 шт., высокие стулья 2 шт.", "priority": "medium", "status": "closed", "created_by": ["viktoriya"], "assigned_to": ["proxorovvp"], "planned_date": "2026-04-24", "completed_date": "2026-04-27T14:00:43.810Z", "comment": "Гришин Д.А. плотник\r\nВремя работы: 30 мин.", "created_at": "2026-04-27T14:00:37.254Z", "updated_at": "2026-04-27T15:40:00.935Z", "track_time": false, "time_spent": null, "suspension_reason": null}}, {"model": "requests_app.servicerequest", "pk": 26, "fields": {"request_number": "ЗЯ-000026", "building": 1, "room_number": "0", "request_type": 5, "description": "Ремонт ворот на въезде в столовую. Сварочные работы (Электроды - 11 шт.)", "priority": "high", "status": "closed", "created_by": ["bikov"], "assigned_to": ["shutenkodn"], "planned_date": "2026-04-28", "completed_date": "2026-05-04T15:00:44.399Z", "comment": "", "created_at": "2026-04-27T14:21:18.283Z", "updated_at": "2026-05-04T15:03:12.134Z", "track_time": false, "time_spent": null, "suspension_reason": null}}, {"model": "requests_app.servicerequest", "pk": 27, "fields": {"request_number": "ЗЯ-000027", "building": 1, "room_number": "212", "request_type": 3, "description": "Перемещение из к. 212  журналы в к. 100", "priority": "medium", "status": "closed", "created_by": ["viktoriya"], "assigned_to": ["paleychukpp"], "planned_date": "2026-04-24", "completed_date": "2026-04-27T14:54:28.541Z", "comment": "30 мин.", "created_at": "2026-04-27T14:29:22.142Z", "updated_at": "2026-04-27T15:38:34.492Z", "track_time": false, "time_spent": null, "suspension_reason": null}}, {"model": "requests_app.servicerequest", "pk": 28, "fields": {"request_number": "ЗЯ-000028", "building": 3, "room_number": "0", "request_type": 4, "description": "Ремонт и укрепление навеса ТБО со сваркой", "priority": "medium", "status": "closed", "created_by": ["viktoriya"], "assigned_to": ["shutenkodn"], "planned_date": "2026-04-24", "completed_date": "2026-04-27T15:35:43.296Z", "comment": "", "created_at": "2026-04-27T15:28:32.516Z", "updated_at": "2026-04-27T15:35:43.297Z", "track_time": false, "time_spent": null, "suspension_reason": null}}, {"model": "requests_app.servicerequest", "pk": 29, "fields": {"request_number": "ЗЯ-000029", "building": 2, "room_number": "0", "request_type": 3, "description": "Сортировка матрасов для дальнейшей чистки", "priority": "medium", "status": "closed", "created_by": ["viktoriya"], "assigned_to": ["grishinda"], "planned_date": "2026-04-24", "completed_date": "2026-04-27T15:37:50.537Z", "comment": "20 мин.", "created_at": "2026-04-27T15:37:31.036Z", "updated_at": "2026-04-27T15:46:18.491Z", "track_time": false, "time_spent": null, "suspension_reason": null}}, {"model": "requests_app.servicerequest", "pk": 30, "fields": {"request_number": "ЗЯ-000030", "building": 1, "room_number": "112", "request_type": 4, "description": "Ремонт стула", "priority": "medium", "status": "closed", "created_by": ["viktoriya"], "assigned_to": ["proxorovvp"], "planned_date": "2026-04-24", "completed_date": "2026-04-27T15:42:02.377Z", "comment": "", "created_at": "2026-04-27T15:41:49.046Z", "updated_at": "2026-04-27T15:42:02.378Z", "track_time": false, "time_spent": null, "suspension_reason": null}}, {"model": "requests_app.servicerequest", "pk": 31, "fields": {"request_number": "ЗЯ-000031", "building": 1, "room_number": "0", "request_type": 3, "description": "Перемещение от главного входа стойки с логотипом Института 1 шт., высокие стулья 2 шт.", "priority": "medium", "status": "closed", "created_by": ["viktoriya"], "assigned_to": ["grishinda"], "planned_date": "2026-04-24", "completed_date": "2026-04-27T15:45:55.487Z", "comment": "Прохоров В.П. плотник\r\nВремя работы: 30 мин.", "created_at": "2026-04-27T15:45:28.137Z", "updated_at": "2026-04-28T03:12:35.803Z", "track_time": false, "time_spent": null, "suspension_reason": null}}, {"model": "requests_app.servicerequest", "pk": 32, "fields": {"request_number": "ЗЯ-000032", "building": 2, "room_number": "1305", "request_type": 2, "description": "Ремонт душевого шланга. Замена душевой лейки 1 шт.", "priority": "medium", "status": "closed", "created_by": ["viktoriya"], "assigned_to": ["penkovav"], "planned_date": "2026-04-27", "completed_date": "2026-04-27T16:02:24.449Z", "comment": "", "created_at": "2026-04-27T16:01:54.111Z", "updated_at": "2026-04-27T16:02:24.450Z", "track_time": false, "time_spent": null, "suspension_reason": null}}, {"model": "requests_app.servicerequest", "pk": 33, "fields": {"request_number": "ЗЯ-000033", "building": 2, "room_number": "527", "request_type": 2, "description": "Устранение засора ванны, раковины", "priority": "medium", "status": "closed", "created_by": ["viktoriya"], "assigned_to": ["penkovav"], "planned_date": "2026-04-27", "completed_date": "2026-04-27T16:33:39.450Z", "comment": "", "created_at": "2026-04-27T16:33:33.731Z", "updated_at": "2026-04-27T16:33:39.451Z", "track_time": false, "time_spent": null, "suspension_reason": null}}, {"model": "requests_app.servicerequest", "pk": 34, "fields": {"request_number": "ЗЯ-000034", "building": 2, "room_number": "305", "request_type": 2, "description": "Замена смесителя для ванны", "priority": "medium", "status": "closed", "created_by": ["viktoriya"], "assigned_to": ["penkovav"], "planned_date": "2026-04-27", "completed_date": "2026-04-27T16:38:06.044Z", "comment": "", "created_at": "2026-04-27T16:37:43.905Z", "updated_at": "2026-04-27T16:38:06.044Z", "track_time": false, "time_spent": null, "suspension_reason": null}}, {"model": "requests_app.servicerequest", "pk": 35, "fields": {"request_number": "ЗЯ-000035", "building": 2, "room_number": "835", "request_type": 2, "description": "Замена душевого шланга", "priority": "medium", "status": "closed", "created_by": ["viktoriya"], "assigned_to": ["penkovav"], "planned_date": "2026-04-27", "completed_date": "2026-04-27T16:39:15.530Z", "comment": "", "created_at": "2026-04-27T16:39:01.865Z", "updated_at": "2026-04-27T16:39:15.531Z", "track_time": false, "time_spent": null, "suspension_reason": null}}, {"model": "requests_app.servicerequest", "pk": 36, "fields": {"request_number": "ЗЯ-000036", "building": 2, "room_number": "1002", "request_type": 2, "description": "Устранение засора ванны, раковины", "priority": "medium", "status": "closed", "created_by": ["viktoriya"], "assigned_to": ["penkovav"], "planned_date": "2026-04-27", "completed_date": "2026-04-27T16:40:05.396Z", "comment": "", "created_at": "2026-04-27T16:39:55.688Z", "updated_at": "2026-04-27T16:40:05.397Z", "track_time": false, "time_spent": null, "suspension_reason": null}}, {"model": "requests_app.servicerequest", "pk": 37, "fields": {"request_number": "ЗЯ-000037", "building": 2, "room_number": "1305", "request_type": 1, "description": "Ремонт холодильника", "priority": "medium", "status": "closed", "created_by": ["viktoriya"], "assigned_to": ["shitovav"], "planned_date": "2026-04-27", "completed_date": "2026-04-27T16:46:33.968Z", "comment": "Осмотрен холодильник, регулировка дверцы холодильника, работает исправно\r\nЕрмилов Г.М.", "created_at": "2026-04-27T16:46:24.906Z", "updated_at": "2026-04-27T16:46:33.969Z", "track_time": false, "time_spent": null, "suspension_reason": null}}, {"model": "requests_app.servicerequest", "pk": 38, "fields": {"request_number": "ЗЯ-000038", "building": 2, "room_number": "1207", "request_type": 1, "description": "Замена лампы, не купили проживающие", "priority": "low", "status": "closed", "created_by": ["viktoriya"], "assigned_to": ["zaharchenkoap"], "planned_date": "2026-04-27", "completed_date": "2026-05-07T13:55:33.694Z", "comment": "", "created_at": "2026-04-27T16:57:03.543Z", "updated_at": "2026-05-07T14:07:31.100Z", "track_time": false, "time_spent": null, "suspension_reason": "нет ламп, должны купить проживающие"}}, {"model": "requests_app.servicerequest", "pk": 39, "fields": {"request_number": "ЗЯ-000039", "building": 3, "room_number": "0", "request_type": 4, "description": "Не закрываются полностью выездные ворота", "priority": "high", "status": "closed", "created_by": ["viktoriya"], "assigned_to": ["shutenkodn"], "planned_date": "2026-04-27", "completed_date": "2026-04-27T17:08:15.899Z", "comment": "Сварочные работы\r\nПрохоров В.П. плотник", "created_at": "2026-04-27T17:06:58.869Z", "updated_at": "2026-04-27T17:08:15.901Z", "track_time": false, "time_spent": null, "suspension_reason": null}}, {"model": "requests_app.servicerequest", "pk": 40, "fields": {"request_number": "ЗЯ-000040", "building": 2, "room_number": "524", "request_type": 4, "description": "Ремонт, регулировка окна", "priority": "medium", "status": "closed", "created_by": ["viktoriya"], "assigned_to": ["proxorovvp"], "planned_date": "2026-04-27", "completed_date": "2026-04-27T17:09:46.185Z", "comment": "", "created_at": "2026-04-27T17:09:40.521Z", "updated_at": "2026-04-27T17:09:46.186Z", "track_time": false, "time_spent": null, "suspension_reason": null}}, {"model": "requests_app.servicerequest", "pk": 41, "fields": {"request_number": "ЗЯ-000041", "building": 2, "room_number": "926", "request_type": 4, "description": "Ремонт и регулировка двери шкафа", "priority": "medium", "status": "closed", "created_by": ["viktoriya"], "assigned_to": ["grishinda"], "planned_date": "2026-04-27", "completed_date": "2026-04-27T17:11:28.373Z", "comment": "", "created_at": "2026-04-27T17:11:22.960Z", "updated_at": "2026-04-27T17:11:28.374Z", "track_time": false, "time_spent": null, "suspension_reason": null}}, {"model": "requests_app.servicerequest", "pk": 42, "fields": {"request_number": "ЗЯ-000042", "building": 2, "room_number": "833", "request_type": 4, "description": "Ремонт и регулировка дверей шкафа", "priority": "medium", "status": "closed", "created_by": ["viktoriya"], "assigned_to": ["proxorovvp"], "planned_date": "2026-04-27", "completed_date": "2026-04-27T17:12:54.305Z", "comment": "", "created_at": "2026-04-27T17:12:47.608Z", "updated_at": "2026-04-27T17:12:54.306Z", "track_time": false, "time_spent": null, "suspension_reason": null}}, {"model": "requests_app.servicerequest", "pk": 43, "fields": {"request_number": "ЗЯ-000043", "building": 2, "room_number": "726", "request_type": 4, "description": "Замена замка в ванной", "priority": "medium", "status": "closed", "created_by": ["viktoriya"], "assigned_to": ["proxorovvp"], "planned_date": "2026-04-27", "completed_date": "2026-04-27T17:16:09.484Z", "comment": "", "created_at": "2026-04-27T17:14:58.169Z", "updated_at": "2026-04-27T17:16:09.485Z", "track_time": false, "time_spent": null, "suspension_reason": null}}, {"model": "requests_app.servicerequest", "pk": 44, "fields": {"request_number": "ЗЯ-000044", "building": 2, "room_number": "922", "request_type": 4, "description": "Ремонт, регулировка окна", "priority": "medium", "status": "closed", "created_by": ["viktoriya"], "assigned_to": ["shutenkodn"], "planned_date": "2026-04-27", "completed_date": "2026-04-27T17:19:44.204Z", "comment": "", "created_at": "2026-04-27T17:19:36.184Z", "updated_at": "2026-04-27T17:19:44.205Z", "track_time": false, "time_spent": null, "suspension_reason": null}}, {"model": "requests_app.servicerequest", "pk": 45, "fields": {"request_number": "ЗЯ-000045", "building": 2, "room_number": "1334", "request_type": 2, "description": "Ремонт сифона раковины", "priority": "medium", "status": "closed", "created_by": ["viktoriya"], "assigned_to": ["penkovav"], "planned_date": "2026-04-27", "completed_date": "2026-04-28T05:38:07.099Z", "comment": "", "created_at": "2026-04-28T05:38:01.034Z", "updated_at": "2026-04-28T05:38:07.100Z", "track_time": false, "time_spent": null, "suspension_reason": null}}, {"model": "requests_app.servicerequest", "pk": 46, "fields": {"request_number": "ЗЯ-000046", "building": 2, "room_number": "732", "request_type": 2, "description": "Ремонт душевого шланга", "priority": "medium", "status": "closed", "created_by": ["viktoriya"], "assigned_to": ["penkovav"], "planned_date": "2026-04-27", "completed_date": "2026-04-28T05:38:45.344Z", "comment": "", "created_at": "2026-04-28T05:38:40.473Z", "updated_at": "2026-04-28T05:38:45.345Z", "track_time": false, "time_spent": null, "suspension_reason": null}}, {"model": "requests_app.servicerequest", "pk": 47, "fields": {"request_number": "ЗЯ-000047", "building": 2, "room_number": "206", "request_type": 2, "description": "Ремонт душевого шланга", "priority": "medium", "status": "closed", "created_by": ["viktoriya"], "assigned_to": ["penkovav"], "planned_date": "2026-04-27", "completed_date": "2026-04-28T05:39:37.190Z", "comment": "", "created_at": "2026-04-28T05:39:31.734Z", "updated_at": "2026-04-28T05:39:37.191Z", "track_time": false, "time_spent": null, "suspension_reason": null}}, {"model": "requests_app.servicerequest", "pk": 48, "fields": {"request_number": "ЗЯ-000048", "building": 2, "room_number": "1309", "request_type": 1, "description": "Замена светильника", "priority": "medium", "status": "closed", "created_by": ["viktoriya"], "assigned_to": ["shitovav"], "planned_date": "2026-04-27", "completed_date": "2026-04-28T06:04:43.799Z", "comment": "", "created_at": "2026-04-28T06:04:19.579Z", "updated_at": "2026-04-28T06:04:43.800Z", "track_time": false, "time_spent": null, "suspension_reason": null}}, {"model": "requests_app.servicerequest", "pk": 49, "fields": {"request_number": "ЗЯ-000049", "building": 2, "room_number": "925", "request_type": 4, "description": "Ремонт кровати", "priority": "medium", "status": "closed", "created_by": ["viktoriya"], "assigned_to": ["proxorovvp"], "planned_date": "2026-04-28", "completed_date": "2026-04-28T14:24:05.724Z", "comment": "", "created_at": "2026-04-28T14:23:54.661Z", "updated_at": "2026-04-28T14:24:05.725Z", "track_time": false, "time_spent": null, "suspension_reason": null}}, {"model": "requests_app.servicerequest", "pk": 50, "fields": {"request_number": "ЗЯ-000050", "building": 2, "room_number": "1027", "request_type": 4, "description": "Регулировка двери, смазка петель\r\nСиликоновая смазка - 0,10 мг.", "priority": "medium", "status": "closed", "created_by": ["viktoriya"], "assigned_to": ["grishinda"], "planned_date": "2026-04-28", "completed_date": "2026-05-04T14:55:10.875Z", "comment": "", "created_at": "2026-04-28T14:25:09.208Z", "updated_at": "2026-05-04T14:55:49.415Z", "track_time": false, "time_spent": null, "suspension_reason": null}}, {"model": "requests_app.servicerequest", "pk": 51, "fields": {"request_number": "ЗЯ-000051", "building": 1, "room_number": "246", "request_type": 3, "description": "Перемещение со склада шкаф 1 шт., установка шкафа в к. 246", "priority": "medium", "status": "closed", "created_by": ["viktoriya"], "assigned_to": ["paleychukpp"], "planned_date": "2026-04-28", "completed_date": "2026-04-28T14:44:43.274Z", "comment": "Шутенко Д.Н. плотник\r\nВремя работы: 20 мин.", "created_at": "2026-04-28T14:44:36.817Z", "updated_at": "2026-04-28T14:44:43.275Z", "track_time": false, "time_spent": null, "suspension_reason": null}}, {"model": "requests_app.servicerequest", "pk": 52, "fields": {"request_number": "ЗЯ-000052", "building": 2, "room_number": "0", "request_type": 3, "description": "Получение товара с WB 3 тележки, доставка на склад", "priority": "medium", "status": "closed", "created_by": ["viktoriya"], "assigned_to": ["shutenkodn"], "planned_date": "2026-04-28", "completed_date": "2026-04-28T14:48:57.608Z", "comment": "Прохоров В.П. плотник\r\nГришин Д.А. плотник\r\nВремя работы: 1ч.", "created_at": "2026-04-28T14:48:51.899Z", "updated_at": "2026-04-28T19:37:09.180Z", "track_time": true, "time_spent": 40, "suspension_reason": null}}, {"model": "requests_app.servicerequest", "pk": 53, "fields": {"request_number": "ЗЯ-000053", "building": 1, "room_number": "246", "request_type": 3, "description": "Перестановка мебели внутри к. 246", "priority": "medium", "status": "closed", "created_by": ["viktoriya"], "assigned_to": ["shutenkodn"], "planned_date": null, "completed_date": "2026-04-28T14:50:50.067Z", "comment": "Палейчук П.П. сантехник\r\nВремя работы: 30 мин.", "created_at": "2026-04-28T14:50:44.896Z", "updated_at": "2026-04-28T14:50:50.068Z", "track_time": false, "time_spent": null, "suspension_reason": null}}, {"model": "requests_app.servicerequest", "pk": 54, "fields": {"request_number": "ЗЯ-000054", "building": 2, "room_number": "112", "request_type": 3, "description": "Перемещение из к. 112 (склад) 2 столов в столовую", "priority": "medium", "status": "closed", "created_by": ["viktoriya"], "assigned_to": ["grishinda"], "planned_date": "2026-04-28", "completed_date": "2026-04-28T14:52:47.070Z", "comment": "Шутенко Д,Н. плотник \r\nВремя работы: 20 мин.", "created_at": "2026-04-28T14:52:40.802Z", "updated_at": "2026-04-28T14:52:47.071Z", "track_time": false, "time_spent": null, "suspension_reason": null}}, {"model": "requests_app.servicerequest", "pk": 55, "fields": {"request_number": "ЗЯ-000055", "building": 1, "room_number": "МОП", "request_type": 3, "description": "Перемещение со склада 1 шт. регистрационная стойка, 1 шт. стул на 1 этаж к большому экрану,1 шт. парту с 1 шт. стулом установить рядом с конференц-залом", "priority": "medium", "status": "closed", "created_by": ["viktoriya"], "assigned_to": ["shutenkodn"], "planned_date": null, "completed_date": "2026-04-28T14:57:46.843Z", "comment": "Прохоров В.П. плотник\r\nВремя работы: 40 мин.", "created_at": "2026-04-28T14:57:40.916Z", "updated_at": "2026-04-28T19:34:57.380Z", "track_time": true, "time_spent": 40, "suspension_reason": null}}, {"model": "requests_app.servicerequest", "pk": 56, "fields": {"request_number": "ЗЯ-000056", "building": 1, "room_number": "МОП", "request_type": 3, "description": "Установка в конференц-зале 6 шт. белых лавочек", "priority": "medium", "status": "closed", "created_by": ["viktoriya"], "assigned_to": ["shutenkodn"], "planned_date": null, "completed_date": "2026-04-28T15:01:03.169Z", "comment": "Прохоров В.П. плотник\r\nВремя работы: 30 мин.", "created_at": "2026-04-28T15:00:53.585Z", "updated_at": "2026-04-28T15:01:03.170Z", "track_time": false, "time_spent": null, "suspension_reason": null}}, {"model": "requests_app.servicerequest", "pk": 57, "fields": {"request_number": "ЗЯ-000057", "building": 1, "room_number": "МОП", "request_type": 3, "description": "Выгрузка коробок (Ректорат)", "priority": "medium", "status": "closed", "created_by": ["viktoriya"], "assigned_to": ["paleychukpp"], "planned_date": "2026-04-28", "completed_date": "2026-04-28T15:05:13.708Z", "comment": "Время работы: 30 мин.", "created_at": "2026-04-28T15:05:08.866Z", "updated_at": "2026-04-28T19:34:38.639Z", "track_time": true, "time_spent": 30, "suspension_reason": null}}, {"model": "requests_app.servicerequest", "pk": 58, "fields": {"request_number": "ЗЯ-000058", "building": 2, "room_number": "611", "request_type": 2, "description": "Устранение засора ванны", "priority": "medium", "status": "closed", "created_by": ["viktoriya"], "assigned_to": ["paleychukpp"], "planned_date": "2026-04-28", "completed_date": "2026-04-28T15:06:53.302Z", "comment": "", "created_at": "2026-04-28T15:06:48.762Z", "updated_at": "2026-04-28T15:06:53.303Z", "track_time": false, "time_spent": null, "suspension_reason": null}}, {"model": "requests_app.servicerequest", "pk": 59, "fields": {"request_number": "ЗЯ-000059", "building": 2, "room_number": "925", "request_type": 2, "description": "Установка смесителя после ремонта", "priority": "medium", "status": "closed", "created_by": ["viktoriya"], "assigned_to": ["paleychukpp"], "planned_date": "2026-04-28", "completed_date": "2026-04-28T15:08:17.507Z", "comment": "", "created_at": "2026-04-28T15:08:13.170Z", "updated_at": "2026-04-28T15:08:17.508Z", "track_time": false, "time_spent": null, "suspension_reason": null}}, {"model": "requests_app.servicerequest", "pk": 60, "fields": {"request_number": "ЗЯ-000060", "building": 2, "room_number": "1101", "request_type": 2, "description": "Устранения засора ванны", "priority": "medium", "status": "closed", "created_by": ["viktoriya"], "assigned_to": ["paleychukpp"], "planned_date": "2026-04-28", "completed_date": "2026-04-28T15:08:53.664Z", "comment": "", "created_at": "2026-04-28T15:08:49.848Z", "updated_at": "2026-04-28T15:08:53.665Z", "track_time": false, "time_spent": null, "suspension_reason": null}}, {"model": "requests_app.servicerequest", "pk": 61, "fields": {"request_number": "ЗЯ-000061", "building": 2, "room_number": "826", "request_type": 2, "description": "Устранения засора ванны", "priority": "medium", "status": "closed", "created_by": ["viktoriya"], "assigned_to": ["paleychukpp"], "planned_date": "2026-04-28", "completed_date": "2026-04-28T15:09:34.959Z", "comment": "", "created_at": "2026-04-28T15:09:28.029Z", "updated_at": "2026-04-28T15:09:34.959Z", "track_time": false, "time_spent": null, "suspension_reason": null}}, {"model": "requests_app.servicerequest", "pk": 62, "fields": {"request_number": "ЗЯ-000062", "building": 3, "room_number": "0", "request_type": 5, "description": "Отремонтировать забор (3 секция от ул. Волгина).\r\nОсмотрено, все в порядке", "priority": "high", "status": "closed", "created_by": ["bikov"], "assigned_to": ["viktoriya"], "planned_date": "2026-04-29", "completed_date": "2026-04-29T14:46:23.321Z", "comment": "", "created_at": "2026-04-28T20:18:43.772Z", "updated_at": "2026-04-29T14:46:23.322Z", "track_time": false, "time_spent": null, "suspension_reason": null}}, {"model": "requests_app.servicerequest", "pk": 63, "fields": {"request_number": "ЗЯ-000063", "building": 2, "room_number": "1408", "request_type": 2, "description": "Устранения засора раковины", "priority": "medium", "status": "closed", "created_by": ["viktoriya"], "assigned_to": ["paleychukpp"], "planned_date": "2026-04-28", "completed_date": "2026-04-29T05:18:19.384Z", "comment": "", "created_at": "2026-04-29T05:18:11.027Z", "updated_at": "2026-04-29T05:18:19.385Z", "track_time": false, "time_spent": null, "suspension_reason": null}}, {"model": "requests_app.servicerequest", "pk": 64, "fields": {"request_number": "ЗЯ-000064", "building": 2, "room_number": "925", "request_type": 1, "description": "Замена  ламп LED медуза - 1 шт.", "priority": "medium", "status": "closed", "created_by": ["viktoriya"], "assigned_to": ["sharafutdinoviv"], "planned_date": "2026-04-28", "completed_date": "2026-05-04T12:56:04.030Z", "comment": "", "created_at": "2026-04-29T05:40:15.456Z", "updated_at": "2026-05-06T11:04:44.144Z", "track_time": false, "time_spent": null, "suspension_reason": null}}, {"model": "requests_app.servicerequest", "pk": 65, "fields": {"request_number": "ЗЯ-000065", "building": 2, "room_number": "226", "request_type": 1, "description": "Замена лампы", "priority": "medium", "status": "closed", "created_by": ["viktoriya"], "assigned_to": ["sharafutdinoviv"], "planned_date": "2026-04-28", "completed_date": "2026-04-29T05:44:46.730Z", "comment": "", "created_at": "2026-04-29T05:44:15.564Z", "updated_at": "2026-04-29T05:44:46.731Z", "track_time": false, "time_spent": null, "suspension_reason": null}}, {"model": "requests_app.servicerequest", "pk": 66, "fields": {"request_number": "ЗЯ-000066", "building": 2, "room_number": "14 этаж", "request_type": 1, "description": "Замена ламп", "priority": "medium", "status": "closed", "created_by": ["viktoriya"], "assigned_to": ["sharafutdinoviv"], "planned_date": "2026-04-28", "completed_date": "2026-04-29T06:49:24.913Z", "comment": "", "created_at": "2026-04-29T06:47:55.436Z", "updated_at": "2026-04-29T06:49:24.913Z", "track_time": false, "time_spent": null, "suspension_reason": null}}, {"model": "requests_app.servicerequest", "pk": 67, "fields": {"request_number": "ЗЯ-000067", "building": 2, "room_number": "13 этаж", "request_type": 1, "description": "Замена ламп", "priority": "medium", "status": "closed", "created_by": ["viktoriya"], "assigned_to": ["sharafutdinoviv"], "planned_date": "2026-04-28", "completed_date": "2026-04-30T07:39:52.650Z", "comment": "", "created_at": "2026-04-29T06:50:06.373Z", "updated_at": "2026-04-30T07:39:52.652Z", "track_time": false, "time_spent": null, "suspension_reason": null}}, {"model": "requests_app.servicerequest", "pk": 68, "fields": {"request_number": "ЗЯ-000068", "building": 2, "room_number": "12 этаж", "request_type": 1, "description": "Замена ламп", "priority": "medium", "status": "closed", "created_by": ["viktoriya"], "assigned_to": ["sharafutdinoviv"], "planned_date": "2026-04-28", "completed_date": "2026-04-29T07:01:53.426Z", "comment": "", "created_at": "2026-04-29T07:00:52.564Z", "updated_at": "2026-04-29T07:01:53.427Z", "track_time": false, "time_spent": null, "suspension_reason": null}}, {"model": "requests_app.servicerequest", "pk": 69, "fields": {"request_number": "ЗЯ-000069", "building": 2, "room_number": "11 этаж", "request_type": 1, "description": "Замена ламп", "priority": "medium", "status": "closed", "created_by": ["viktoriya"], "assigned_to": ["sharafutdinoviv"], "planned_date": "2026-04-28", "completed_date": "2026-05-04T08:22:19.248Z", "comment": "", "created_at": "2026-04-29T07:02:27.579Z", "updated_at": "2026-05-04T08:22:39.023Z", "track_time": false, "time_spent": null, "suspension_reason": null}}, {"model": "requests_app.servicerequest", "pk": 70, "fields": {"request_number": "ЗЯ-000070", "building": 2, "room_number": "533", "request_type": 2, "description": "Ремонт смесителя", "priority": "medium", "status": "closed", "created_by": ["viktoriya"], "assigned_to": ["guryeven"], "planned_date": "2026-04-29", "completed_date": "2026-04-29T13:29:23.415Z", "comment": "", "created_at": "2026-04-29T13:29:19.340Z", "updated_at": "2026-04-29T13:29:23.416Z", "track_time": false, "time_spent": null, "suspension_reason": null}}, {"model": "requests_app.servicerequest", "pk": 71, "fields": {"request_number": "ЗЯ-000071", "building": 2, "room_number": "1318", "request_type": 2, "description": "Устранения засора ванны", "priority": "medium", "status": "closed", "created_by": ["viktoriya"], "assigned_to": ["guryeven"], "planned_date": "2026-04-29", "completed_date": "2026-04-29T13:30:26.105Z", "comment": "", "created_at": "2026-04-29T13:30:18.997Z", "updated_at": "2026-04-29T13:30:26.106Z", "track_time": false, "time_spent": null, "suspension_reason": null}}, {"model": "requests_app.servicerequest", "pk": 72, "fields": {"request_number": "ЗЯ-000072", "building": 2, "room_number": "812", "request_type": 2, "description": "Ремонт смесителя", "priority": "medium", "status": "closed", "created_by": ["viktoriya"], "assigned_to": ["guryeven"], "planned_date": "2026-04-29", "completed_date": "2026-04-29T13:31:29.034Z", "comment": "", "created_at": "2026-04-29T13:31:06.752Z", "updated_at": "2026-04-29T13:31:29.035Z", "track_time": false, "time_spent": null, "suspension_reason": null}}, {"model": "requests_app.servicerequest", "pk": 73, "fields": {"request_number": "ЗЯ-000073", "building": 2, "room_number": "813", "request_type": 2, "description": "Осмотр смесителя и душевой лейки на предмет протечки. Оборудование находится в исправном состоянии, дополнительных работ не требуется.", "priority": "low", "status": "closed", "created_by": ["viktoriya"], "assigned_to": ["guryeven"], "planned_date": "2026-04-29", "completed_date": "2026-04-29T13:33:55.021Z", "comment": "", "created_at": "2026-04-29T13:33:50.379Z", "updated_at": "2026-04-29T13:33:55.023Z", "track_time": false, "time_spent": null, "suspension_reason": null}}, {"model": "requests_app.servicerequest", "pk": 74, "fields": {"request_number": "ЗЯ-000074", "building": 2, "room_number": "1009", "request_type": 2, "description": "Устранения засора раковины на кухне", "priority": "medium", "status": "closed", "created_by": ["viktoriya"], "assigned_to": ["guryeven"], "planned_date": "2026-04-29", "completed_date": "2026-04-29T14:07:42.140Z", "comment": "", "created_at": "2026-04-29T14:07:36.982Z", "updated_at": "2026-04-29T14:07:42.140Z", "track_time": false, "time_spent": null, "suspension_reason": null}}, {"model": "requests_app.servicerequest", "pk": 75, "fields": {"request_number": "ЗЯ-000075", "building": 2, "room_number": "521", "request_type": 4, "description": "Ремонт, регулировка двери\r\n(Силиконовая смазка - 0,10мг)", "priority": "low", "status": "closed", "created_by": ["viktoriya"], "assigned_to": ["proxorovvp"], "planned_date": "2026-04-29", "completed_date": "2026-05-04T15:04:04.125Z", "comment": "", "created_at": "2026-04-29T14:30:21.511Z", "updated_at": "2026-05-04T15:07:22.092Z", "track_time": false, "time_spent": null, "suspension_reason": null}}, {"model": "requests_app.servicerequest", "pk": 76, "fields": {"request_number": "ЗЯ-000076", "building": 2, "room_number": "1432", "request_type": 4, "description": "Ремонт замка, личинки", "priority": "medium", "status": "closed", "created_by": ["viktoriya"], "assigned_to": ["shutenkodn"], "planned_date": "2026-04-29", "completed_date": "2026-04-29T14:32:00.060Z", "comment": "", "created_at": "2026-04-29T14:31:54.380Z", "updated_at": "2026-04-29T14:32:00.061Z", "track_time": false, "time_spent": null, "suspension_reason": null}}, {"model": "requests_app.servicerequest", "pk": 77, "fields": {"request_number": "ЗЯ-000077", "building": 2, "room_number": "1101", "request_type": 4, "description": "Демонтаж повреждённой плитки, очистка поверхности, нанесение клея, укладка плитки", "priority": "medium", "status": "closed", "created_by": ["viktoriya"], "assigned_to": ["shutenkodn"], "planned_date": "2026-04-29", "completed_date": "2026-04-29T14:38:11.757Z", "comment": "", "created_at": "2026-04-29T14:37:49.534Z", "updated_at": "2026-04-29T14:38:11.758Z", "track_time": false, "time_spent": null, "suspension_reason": null}}, {"model": "requests_app.servicerequest", "pk": 78, "fields": {"request_number": "ЗЯ-000078", "building": 2, "room_number": "930", "request_type": 4, "description": "Ремонт, регулировка оконной ручки,", "priority": "medium", "status": "closed", "created_by": ["viktoriya"], "assigned_to": ["proxorovvp"], "planned_date": "2026-04-29", "completed_date": "2026-04-29T14:41:18.983Z", "comment": "", "created_at": "2026-04-29T14:41:12.668Z", "updated_at": "2026-04-29T14:41:18.983Z", "track_time": false, "time_spent": null, "suspension_reason": null}}, {"model": "requests_app.servicerequest", "pk": 79, "fields": {"request_number": "ЗЯ-000079", "building": 2, "room_number": "112", "request_type": 4, "description": "Осмотр, ремонт веерных граблей", "priority": "low", "status": "closed", "created_by": ["viktoriya"], "assigned_to": ["grishinda"], "planned_date": "2026-04-29", "completed_date": "2026-04-29T14:43:38.784Z", "comment": "Прохоров В.П. плотник\r\nШутенко Д.Н. плотник", "created_at": "2026-04-29T14:43:34.131Z", "updated_at": "2026-04-29T14:43:38.785Z", "track_time": false, "time_spent": null, "suspension_reason": null}}, {"model": "requests_app.servicerequest", "pk": 80, "fields": {"request_number": "ЗЯ-000080", "building": 2, "room_number": "1435", "request_type": 4, "description": "Ремонт и регулировка двери шкафа", "priority": "low", "status": "closed", "created_by": ["viktoriya"], "assigned_to": ["proxorovvp"], "planned_date": "2026-04-29", "completed_date": "2026-04-29T14:44:31.113Z", "comment": "", "created_at": "2026-04-29T14:44:26.359Z", "updated_at": "2026-04-29T14:45:44.856Z", "track_time": false, "time_spent": null, "suspension_reason": null}}, {"model": "requests_app.servicerequest", "pk": 81, "fields": {"request_number": "ЗЯ-000081", "building": 1, "room_number": "МОП", "request_type": 3, "description": "Перемещение от главного входа института 1 шт. стойку, 1 шт. стул; из холла конференц-зала 1 шт. парта, 1 шт. стул на склад", "priority": "medium", "status": "closed", "created_by": ["viktoriya"], "assigned_to": ["grishinda"], "planned_date": null, "completed_date": "2026-04-29T14:53:00.711Z", "comment": "Шутенко Д.Н. плотник", "created_at": "2026-04-29T14:52:26.517Z", "updated_at": "2026-04-29T14:53:00.711Z", "track_time": true, "time_spent": 40, "suspension_reason": null}}, {"model": "requests_app.servicerequest", "pk": 82, "fields": {"request_number": "ЗЯ-000082", "building": 1, "room_number": "99В", "request_type": 3, "description": "Перемещение из конференц-зала (99В) 6 шт. белых лавочек", "priority": "medium", "status": "closed", "created_by": ["viktoriya"], "assigned_to": ["paleychukpp"], "planned_date": "2026-04-29", "completed_date": "2026-04-29T14:54:58.897Z", "comment": "", "created_at": "2026-04-29T14:54:54.543Z", "updated_at": "2026-04-29T14:54:58.898Z", "track_time": true, "time_spent": 30, "suspension_reason": null}}, {"model": "requests_app.servicerequest", "pk": 83, "fields": {"request_number": "ЗЯ-000083", "building": 2, "room_number": "112", "request_type": 3, "description": "Получение товара на главном входе Института, перемещение товара на склад (к. 112)", "priority": "medium", "status": "closed", "created_by": ["viktoriya"], "assigned_to": ["grishinda"], "planned_date": "2026-04-29", "completed_date": "2026-04-29T14:57:11.299Z", "comment": "", "created_at": "2026-04-29T14:57:03.043Z", "updated_at": "2026-04-29T14:57:11.300Z", "track_time": true, "time_spent": 20, "suspension_reason": null}}, {"model": "requests_app.servicerequest", "pk": 84, "fields": {"request_number": "ЗЯ-000084", "building": 2, "room_number": "1318", "request_type": 1, "description": "Ремонт светильника", "priority": "low", "status": "closed", "created_by": ["viktoriya"], "assigned_to": ["paleychukpp"], "planned_date": "2026-04-29", "completed_date": "2026-04-30T11:55:43.871Z", "comment": "", "created_at": "2026-04-29T14:58:58.606Z", "updated_at": "2026-04-30T11:55:43.872Z", "track_time": false, "time_spent": null, "suspension_reason": null}}, {"model": "requests_app.servicerequest", "pk": 85, "fields": {"request_number": "ЗЯ-000085", "building": 2, "room_number": "612", "request_type": 2, "description": "Устранение засора ванны", "priority": "medium", "status": "closed", "created_by": ["viktoriya"], "assigned_to": ["guryeven"], "planned_date": "2026-04-29", "completed_date": "2026-04-30T11:52:37.829Z", "comment": "", "created_at": "2026-04-30T11:52:24.771Z", "updated_at": "2026-04-30T11:52:37.830Z", "track_time": false, "time_spent": null, "suspension_reason": null}}, {"model": "requests_app.servicerequest", "pk": 86, "fields": {"request_number": "ЗЯ-000086", "building": 2, "room_number": "422", "request_type": 2, "description": "Устранение засора ванны", "priority": "medium", "status": "closed", "created_by": ["viktoriya"], "assigned_to": ["guryeven"], "planned_date": "2026-04-29", "completed_date": "2026-04-30T11:53:59.721Z", "comment": "", "created_at": "2026-04-30T11:53:52.355Z", "updated_at": "2026-04-30T11:53:59.721Z", "track_time": false, "time_spent": null, "suspension_reason": null}}, {"model": "requests_app.servicerequest", "pk": 87, "fields": {"request_number": "ЗЯ-000087", "building": 2, "room_number": "213", "request_type": 2, "description": "Устранение засора ванны", "priority": "medium", "status": "closed", "created_by": ["viktoriya"], "assigned_to": ["guryeven"], "planned_date": "2026-04-29", "completed_date": "2026-04-30T11:54:39.916Z", "comment": "", "created_at": "2026-04-30T11:54:34.930Z", "updated_at": "2026-04-30T11:54:39.917Z", "track_time": false, "time_spent": null, "suspension_reason": null}}, {"model": "requests_app.servicerequest", "pk": 88, "fields": {"request_number": "ЗЯ-000088", "building": 2, "room_number": "313", "request_type": 1, "description": "Замена светильника", "priority": "low", "status": "closed", "created_by": ["viktoriya"], "assigned_to": ["paleychukpp"], "planned_date": "2026-04-29", "completed_date": "2026-04-30T12:00:31.761Z", "comment": "", "created_at": "2026-04-30T11:57:00.235Z", "updated_at": "2026-04-30T12:00:31.763Z", "track_time": false, "time_spent": null, "suspension_reason": null}}, {"model": "requests_app.servicerequest", "pk": 89, "fields": {"request_number": "ЗЯ-000089", "building": 2, "room_number": "3 этаж", "request_type": 1, "description": "Замена светильника", "priority": "low", "status": "closed", "created_by": ["viktoriya"], "assigned_to": ["paleychukpp"], "planned_date": "2026-04-29", "completed_date": "2026-04-30T11:59:49.259Z", "comment": "", "created_at": "2026-04-30T11:59:20.645Z", "updated_at": "2026-04-30T11:59:49.260Z", "track_time": false, "time_spent": null, "suspension_reason": null}}, {"model": "requests_app.servicerequest", "pk": 90, "fields": {"request_number": "ЗЯ-000090", "building": 1, "room_number": "МОП", "request_type": 1, "description": "Замена светильника", "priority": "medium", "status": "closed", "created_by": ["viktoriya"], "assigned_to": ["paleychukpp"], "planned_date": "2026-04-29", "completed_date": "2026-04-30T12:05:51.345Z", "comment": "", "created_at": "2026-04-30T12:05:20.104Z", "updated_at": "2026-04-30T12:05:51.347Z", "track_time": false, "time_spent": null, "suspension_reason": null}}, {"model": "requests_app.servicerequest", "pk": 91, "fields": {"request_number": "ЗЯ-000091", "building": 1, "room_number": "МОП", "request_type": 1, "description": "Замена ламп", "priority": "medium", "status": "closed", "created_by": ["viktoriya"], "assigned_to": ["paleychukpp"], "planned_date": "2026-04-29", "completed_date": "2026-04-30T12:07:42.959Z", "comment": "", "created_at": "2026-04-30T12:06:32.957Z", "updated_at": "2026-04-30T12:07:42.960Z", "track_time": false, "time_spent": null, "suspension_reason": null}}, {"model": "requests_app.servicerequest", "pk": 92, "fields": {"request_number": "ЗЯ-000092", "building": 2, "room_number": "1224", "request_type": 1, "description": "Осмотрен холодильник, работает исправно", "priority": "low", "status": "closed", "created_by": ["viktoriya"], "assigned_to": ["ermilovgm"], "planned_date": "2026-04-30", "completed_date": null, "comment": "", "created_at": "2026-04-30T12:08:39.020Z", "updated_at": "2026-05-06T11:32:34.330Z", "track_time": false, "time_spent": null, "suspension_reason": null}}, {"model": "requests_app.servicerequest", "pk": 93, "fields": {"request_number": "ЗЯ-000093", "building": 2, "room_number": "612", "request_type": 4, "description": "Ремонт и регулировка двери шкафа", "priority": "low", "status": "closed", "created_by": ["viktoriya"], "assigned_to": ["proxorovvp"], "planned_date": "2026-04-30", "completed_date": null, "comment": "", "created_at": "2026-04-30T12:10:51.285Z", "updated_at": "2026-05-06T11:32:18.869Z", "track_time": false, "time_spent": null, "suspension_reason": null}}, {"model": "requests_app.servicerequest", "pk": 94, "fields": {"request_number": "ЗЯ-000094", "building": 1, "room_number": "127", "request_type": 4, "description": "Ремонт офисного кресла, замена спинки и сидушки", "priority": "medium", "status": "closed", "created_by": ["viktoriya"], "assigned_to": ["shutenkodn"], "planned_date": "2026-04-30", "completed_date": null, "comment": "", "created_at": "2026-04-30T13:12:58.348Z", "updated_at": "2026-05-06T11:32:08.251Z", "track_time": false, "time_spent": null, "suspension_reason": null}}, {"model": "requests_app.servicerequest", "pk": 95, "fields": {"request_number": "ЗЯ-000095", "building": 2, "room_number": "2 этаж", "request_type": 3, "description": "Перемещение 9 кресел из холла общежития 2 этажа на 2 этаж ГУК", "priority": "low", "status": "closed", "created_by": ["viktoriya"], "assigned_to": ["grishinda"], "planned_date": "2026-04-30", "completed_date": null, "comment": "Пеньков А.В. сантехник\r\nШитов А.В. электрик", "created_at": "2026-04-30T13:28:29.038Z", "updated_at": "2026-05-06T11:31:11.705Z", "track_time": true, "time_spent": 40, "suspension_reason": null}}, {"model": "requests_app.servicerequest", "pk": 96, "fields": {"request_number": "ЗЯ-000096", "building": 2, "room_number": "103", "request_type": 4, "description": "Ремонт кресла. Замена колесиков 2 шт.", "priority": "low", "status": "closed", "created_by": ["viktoriya"], "assigned_to": ["shutenkodn"], "planned_date": "2026-04-30", "completed_date": "2026-05-04T13:17:36.500Z", "comment": "", "created_at": "2026-04-30T13:52:09.295Z", "updated_at": "2026-05-06T11:30:55.129Z", "track_time": false, "time_spent": null, "suspension_reason": null}}, {"model": "requests_app.servicerequest", "pk": 97, "fields": {"request_number": "ЗЯ-000097", "building": 2, "room_number": "709", "request_type": 4, "description": "Ремонт замка", "priority": "low", "status": "closed", "created_by": ["viktoriya"], "assigned_to": ["shutenkodn"], "planned_date": "2026-04-30", "completed_date": null, "comment": "", "created_at": "2026-04-30T13:53:20.771Z", "updated_at": "2026-05-06T11:30:40.879Z", "track_time": false, "time_spent": null, "suspension_reason": null}}, {"model": "requests_app.servicerequest", "pk": 98, "fields": {"request_number": "ЗЯ-000098", "building": 1, "room_number": "201", "request_type": 4, "description": "Осмотр оконных ручек и окон на открытие и закрытие. Все работает исправно", "priority": "medium", "status": "closed", "created_by": ["viktoriya"], "assigned_to": ["shutenkodn"], "planned_date": "2026-04-30", "completed_date": null, "comment": "Прохоров В.П.", "created_at": "2026-04-30T13:54:53.688Z", "updated_at": "2026-05-06T11:30:07.335Z", "track_time": false, "time_spent": null, "suspension_reason": null}}, {"model": "requests_app.servicerequest", "pk": 99, "fields": {"request_number": "ЗЯ-000099", "building": 2, "room_number": "206", "request_type": 2, "description": "Регулировка поплавка бочка унитаза", "priority": "low", "status": "closed", "created_by": ["viktoriya"], "assigned_to": ["penkovav"], "planned_date": "2026-04-30", "completed_date": "2026-05-03T18:15:06.486Z", "comment": "", "created_at": "2026-04-30T14:00:14.742Z", "updated_at": "2026-05-06T11:29:42.907Z", "track_time": false, "time_spent": null, "suspension_reason": null}}, {"model": "requests_app.servicerequest", "pk": 100, "fields": {"request_number": "ЗЯ-000100", "building": 2, "room_number": "813", "request_type": 2, "description": "Замена смесителя для ванны 1 шт.", "priority": "medium", "status": "closed", "created_by": ["viktoriya"], "assigned_to": ["penkovav"], "planned_date": "2026-04-30", "completed_date": "2026-05-04T13:16:23.705Z", "comment": "", "created_at": "2026-04-30T14:01:54.590Z", "updated_at": "2026-05-06T11:29:25.634Z", "track_time": false, "time_spent": null, "suspension_reason": null}}, {"model": "requests_app.servicerequest", "pk": 101, "fields": {"request_number": "ЗЯ-000101", "building": 2, "room_number": "213", "request_type": 2, "description": "Устранения засора ванны", "priority": "medium", "status": "closed", "created_by": ["viktoriya"], "assigned_to": ["penkovav"], "planned_date": "2026-04-30", "completed_date": "2026-05-04T06:42:43.199Z", "comment": "", "created_at": "2026-05-04T06:40:10.770Z", "updated_at": "2026-05-06T11:29:08.885Z", "track_time": false, "time_spent": null, "suspension_reason": null}}, {"model": "requests_app.servicerequest", "pk": 104, "fields": {"request_number": "ЗЯ-000102", "building": 1, "room_number": "МОП", "request_type": 4, "description": "В женской уборной на 1 этаже оторвался держатель для туалетной бумаги", "priority": "low", "status": "closed", "created_by": ["bikov"], "assigned_to": ["proxorovvp"], "planned_date": "2026-05-04", "completed_date": "2026-05-04T11:33:32.811Z", "comment": "", "created_at": "2026-05-04T07:42:40.414Z", "updated_at": "2026-05-06T11:28:52.577Z", "track_time": false, "time_spent": null, "suspension_reason": null}}, {"model": "requests_app.servicerequest", "pk": 105, "fields": {"request_number": "ЗЯ-000105", "building": 2, "room_number": "1412", "request_type": 2, "description": "Устранение засора ванны, раковины. Замена смесителя для ванны\r\nСмеситель для ванны- 1 шт.", "priority": "medium", "status": "closed", "created_by": ["viktoriya"], "assigned_to": ["penkovav"], "planned_date": "2026-05-01", "completed_date": "2026-05-04T07:57:19.180Z", "comment": "", "created_at": "2026-05-04T07:53:21.248Z", "updated_at": "2026-05-06T11:28:33.987Z", "track_time": false, "time_spent": null, "suspension_reason": null}}, {"model": "requests_app.servicerequest", "pk": 106, "fields": {"request_number": "ЗЯ-000106", "building": 1, "room_number": "132", "request_type": 2, "description": "Замена гибкой подводки раковины №2. Замена гибкой подводки унитаза", "priority": "medium", "status": "closed", "created_by": ["viktoriya"], "assigned_to": ["penkovav"], "planned_date": "2026-05-01", "completed_date": "2026-05-07T15:24:58.042Z", "comment": "", "created_at": "2026-05-04T07:55:52.579Z", "updated_at": "2026-05-07T15:25:19.292Z", "track_time": false, "time_spent": null, "suspension_reason": null}}, {"model": "requests_app.servicerequest", "pk": 107, "fields": {"request_number": "ЗЯ-000107", "building": 1, "room_number": "7", "request_type": 2, "description": "Замена гибкой подводки раковины. Замена гибкой подводки унитаза", "priority": "medium", "status": "closed", "created_by": ["viktoriya"], "assigned_to": ["penkovav"], "planned_date": "2026-05-01", "completed_date": "2026-05-04T08:08:32.901Z", "comment": "", "created_at": "2026-05-04T08:08:12.257Z", "updated_at": "2026-05-04T08:09:03.725Z", "track_time": false, "time_spent": null, "suspension_reason": null}}, {"model": "requests_app.servicerequest", "pk": 108, "fields": {"request_number": "ЗЯ-000108", "building": 2, "room_number": "1209", "request_type": 2, "description": "Устранение засора раковины", "priority": "low", "status": "closed", "created_by": ["viktoriya"], "assigned_to": ["paleychukpp"], "planned_date": "2026-05-02", "completed_date": "2026-05-04T08:10:16.993Z", "comment": "", "created_at": "2026-05-04T08:09:57.541Z", "updated_at": "2026-05-06T11:25:42.045Z", "track_time": false, "time_spent": null, "suspension_reason": null}}, {"model": "requests_app.servicerequest", "pk": 109, "fields": {"request_number": "ЗЯ-000109", "building": 2, "room_number": "1109", "request_type": 2, "description": "Устранение засора раковины", "priority": "low", "status": "closed", "created_by": ["viktoriya"], "assigned_to": ["paleychukpp"], "planned_date": "2026-05-02", "completed_date": "2026-05-04T08:11:04.600Z", "comment": "", "created_at": "2026-05-04T08:10:49.841Z", "updated_at": "2026-05-06T11:25:29.737Z", "track_time": false, "time_spent": null, "suspension_reason": null}}, {"model": "requests_app.servicerequest", "pk": 110, "fields": {"request_number": "ЗЯ-000110", "building": 2, "room_number": "1009", "request_type": 2, "description": "Устранение засора раковины", "priority": "low", "status": "closed", "created_by": ["viktoriya"], "assigned_to": ["paleychukpp"], "planned_date": "2026-05-02", "completed_date": "2026-05-04T08:12:05.099Z", "comment": "", "created_at": "2026-05-04T08:11:46.651Z", "updated_at": "2026-05-06T11:25:09.881Z", "track_time": false, "time_spent": null, "suspension_reason": null}}, {"model": "requests_app.servicerequest", "pk": 111, "fields": {"request_number": "ЗЯ-000111", "building": 2, "room_number": "509", "request_type": 2, "description": "Устранение засора раковины", "priority": "low", "status": "closed", "created_by": ["viktoriya"], "assigned_to": ["paleychukpp"], "planned_date": "2026-05-02", "completed_date": "2026-05-04T08:12:56.115Z", "comment": "", "created_at": "2026-05-04T08:12:42.459Z", "updated_at": "2026-05-06T11:24:58.530Z", "track_time": false, "time_spent": null, "suspension_reason": null}}, {"model": "requests_app.servicerequest", "pk": 112, "fields": {"request_number": "ЗЯ-000112", "building": 2, "room_number": "405", "request_type": 2, "description": "Ремонт бочка унитаза", "priority": "low", "status": "closed", "created_by": ["viktoriya"], "assigned_to": ["paleychukpp"], "planned_date": "2026-05-02", "completed_date": "2026-05-04T08:13:48.081Z", "comment": "", "created_at": "2026-05-04T08:13:29.979Z", "updated_at": "2026-05-06T11:24:20.040Z", "track_time": false, "time_spent": null, "suspension_reason": null}}, {"model": "requests_app.servicerequest", "pk": 113, "fields": {"request_number": "ЗЯ-000113", "building": 2, "room_number": "1006", "request_type": 2, "description": "Осмотр смесителя и гибкой подводки на предмет протечки. Оборудование находится в исправном состоянии, дополнительных работ не требуется.", "priority": "medium", "status": "closed", "created_by": ["viktoriya"], "assigned_to": ["paleychukpp"], "planned_date": "2026-05-02", "completed_date": "2026-05-04T08:16:47.832Z", "comment": "", "created_at": "2026-05-04T08:16:28.620Z", "updated_at": "2026-05-06T11:24:07.059Z", "track_time": false, "time_spent": null, "suspension_reason": null}}, {"model": "requests_app.servicerequest", "pk": 114, "fields": {"request_number": "ЗЯ-000114", "building": 2, "room_number": "706", "request_type": 2, "description": "Ремонт душевого шланга", "priority": "low", "status": "closed", "created_by": ["viktoriya"], "assigned_to": ["paleychukpp"], "planned_date": "2026-05-02", "completed_date": "2026-05-04T08:17:35.334Z", "comment": "", "created_at": "2026-05-04T08:17:22.041Z", "updated_at": "2026-05-06T11:23:50.319Z", "track_time": false, "time_spent": null, "suspension_reason": null}}, {"model": "requests_app.servicerequest", "pk": 115, "fields": {"request_number": "ЗЯ-000115", "building": 2, "room_number": "206", "request_type": 2, "description": "Замена душевого шланга", "priority": "medium", "status": "closed", "created_by": ["viktoriya"], "assigned_to": ["paleychukpp"], "planned_date": "2026-05-02", "completed_date": "2026-05-04T08:18:31.019Z", "comment": "", "created_at": "2026-05-04T08:18:16.587Z", "updated_at": "2026-05-06T11:23:36.625Z", "track_time": false, "time_spent": null, "suspension_reason": null}}, {"model": "requests_app.servicerequest", "pk": 116, "fields": {"request_number": "ЗЯ-000116", "building": 2, "room_number": "733", "request_type": 2, "description": "Ремонт смесителя для раковины. Замена кран-букса", "priority": "medium", "status": "closed", "created_by": ["viktoriya"], "assigned_to": ["paleychukpp"], "planned_date": "2026-05-02", "completed_date": "2026-05-04T08:20:09.373Z", "comment": "", "created_at": "2026-05-04T08:19:47.312Z", "updated_at": "2026-05-06T11:23:27.607Z", "track_time": false, "time_spent": null, "suspension_reason": null}}, {"model": "requests_app.servicerequest", "pk": 117, "fields": {"request_number": "ЗЯ-000117", "building": 2, "room_number": "1009", "request_type": 2, "description": "Устранение засора раковины", "priority": "low", "status": "closed", "created_by": ["viktoriya"], "assigned_to": ["guryeven"], "planned_date": "2026-05-03", "completed_date": "2026-05-04T08:23:21.852Z", "comment": "", "created_at": "2026-05-04T08:23:05.683Z", "updated_at": "2026-05-06T11:22:54.743Z", "track_time": false, "time_spent": null, "suspension_reason": null}}, {"model": "requests_app.servicerequest", "pk": 118, "fields": {"request_number": "ЗЯ-000118", "building": 2, "room_number": "809", "request_type": 2, "description": "Устранение засора раковины", "priority": "low", "status": "closed", "created_by": ["viktoriya"], "assigned_to": ["guryeven"], "planned_date": "2026-05-03", "completed_date": "2026-05-04T08:24:25.080Z", "comment": "", "created_at": "2026-05-04T08:24:10.306Z", "updated_at": "2026-05-06T11:22:32.881Z", "track_time": false, "time_spent": null, "suspension_reason": null}}, {"model": "requests_app.servicerequest", "pk": 119, "fields": {"request_number": "ЗЯ-000119", "building": 2, "room_number": "309", "request_type": 2, "description": "Устранение засора раковины", "priority": "low", "status": "closed", "created_by": ["viktoriya"], "assigned_to": ["guryeven"], "planned_date": "2026-05-03", "completed_date": "2026-05-04T08:25:21.101Z", "comment": "", "created_at": "2026-05-04T08:25:05.860Z", "updated_at": "2026-05-06T11:22:13.269Z", "track_time": false, "time_spent": null, "suspension_reason": null}}, {"model": "requests_app.servicerequest", "pk": 120, "fields": {"request_number": "ЗЯ-000120", "building": 2, "room_number": "301", "request_type": 2, "description": "Ремонт душевого шланга", "priority": "low", "status": "closed", "created_by": ["viktoriya"], "assigned_to": ["guryeven"], "planned_date": "2026-05-03", "completed_date": "2026-05-04T08:26:12.620Z", "comment": "", "created_at": "2026-05-04T08:25:59.451Z", "updated_at": "2026-05-06T11:22:04.485Z", "track_time": false, "time_spent": null, "suspension_reason": null}}, {"model": "requests_app.servicerequest", "pk": 121, "fields": {"request_number": "ЗЯ-000121", "building": 2, "room_number": "1030", "request_type": 2, "description": "Ремонт душевого шланга", "priority": "low", "status": "closed", "created_by": ["viktoriya"], "assigned_to": ["guryeven"], "planned_date": "2026-05-03", "completed_date": "2026-05-04T08:26:56.081Z", "comment": "", "created_at": "2026-05-04T08:26:41.232Z", "updated_at": "2026-05-06T11:21:56.369Z", "track_time": false, "time_spent": null, "suspension_reason": null}}, {"model": "requests_app.servicerequest", "pk": 122, "fields": {"request_number": "ЗЯ-000122", "building": 2, "room_number": "1409", "request_type": 2, "description": "Устранение засора ванны", "priority": "low", "status": "closed", "created_by": ["viktoriya"], "assigned_to": ["guryeven"], "planned_date": "2026-05-03", "completed_date": "2026-05-04T08:27:45.309Z", "comment": "", "created_at": "2026-05-04T08:27:32.241Z", "updated_at": "2026-05-06T11:21:48.453Z", "track_time": false, "time_spent": null, "suspension_reason": null}}, {"model": "requests_app.servicerequest", "pk": 123, "fields": {"request_number": "ЗЯ-000123", "building": 2, "room_number": "909", "request_type": 2, "description": "Устранение засора раковины", "priority": "low", "status": "closed", "created_by": ["viktoriya"], "assigned_to": ["guryeven"], "planned_date": "2026-05-03", "completed_date": "2026-05-04T08:28:39.424Z", "comment": "", "created_at": "2026-05-04T08:28:24.606Z", "updated_at": "2026-05-06T11:21:38.342Z", "track_time": false, "time_spent": null, "suspension_reason": null}}, {"model": "requests_app.servicerequest", "pk": 124, "fields": {"request_number": "ЗЯ-000124", "building": 2, "room_number": "1412", "request_type": 1, "description": "Выполнена процедура включения автоматического выключателя с соблюдением техники безопасности", "priority": "medium", "status": "closed", "created_by": ["viktoriya"], "assigned_to": ["shitovav"], "planned_date": "2026-04-30", "completed_date": "2026-05-04T09:03:41.208Z", "comment": "", "created_at": "2026-05-04T08:42:16.149Z", "updated_at": "2026-05-06T11:20:52.527Z", "track_time": false, "time_spent": null, "suspension_reason": null}}, {"model": "requests_app.servicerequest", "pk": 132, "fields": {"request_number": "ЗЯ-000125", "building": 1, "room_number": "201", "request_type": 1, "description": "Монтаж светильника (Светодиодная панель 600*600мм 36 Вт- 4 шт.)", "priority": "medium", "status": "closed", "created_by": ["viktoriya"], "assigned_to": ["shitovav"], "planned_date": "2026-04-30", "completed_date": "2026-05-04T09:25:09.601Z", "comment": "", "created_at": "2026-05-04T08:56:49.785Z", "updated_at": "2026-05-04T11:06:30.827Z", "track_time": false, "time_spent": null, "suspension_reason": null}}, {"model": "requests_app.servicerequest", "pk": 133, "fields": {"request_number": "ЗЯ-000133", "building": 1, "room_number": "203", "request_type": 1, "description": "Замена светильников на светодиодные", "priority": "medium", "status": "closed", "created_by": ["viktoriya"], "assigned_to": ["sharafutdinoviv"], "planned_date": "2026-05-02", "completed_date": "2026-05-04T09:29:50.141Z", "comment": "", "created_at": "2026-05-04T09:17:43.323Z", "updated_at": "2026-05-04T10:41:46.962Z", "track_time": false, "time_spent": null, "suspension_reason": null}}, {"model": "requests_app.servicerequest", "pk": 148, "fields": {"request_number": "ЗЯ-000134", "building": 2, "room_number": "1006", "request_type": 1, "description": "Замена  LED медуза 1 шт.", "priority": "low", "status": "closed", "created_by": ["viktoriya"], "assigned_to": ["sharafutdinoviv"], "planned_date": "2026-05-02", "completed_date": "2026-05-04T11:08:35.461Z", "comment": "", "created_at": "2026-05-04T11:08:15.028Z", "updated_at": "2026-05-06T11:20:36.675Z", "track_time": false, "time_spent": null, "suspension_reason": null}}, {"model": "requests_app.servicerequest", "pk": 149, "fields": {"request_number": "ЗЯ-000149", "building": 1, "room_number": "203", "request_type": 1, "description": "Замена светильников (Светодиодная панель 600*600мм 36 Вт- 2 шт.)", "priority": "medium", "status": "closed", "created_by": ["viktoriya"], "assigned_to": ["paleychukpp"], "planned_date": "2026-05-03", "completed_date": "2026-05-04T11:11:48.823Z", "comment": "", "created_at": "2026-05-04T11:11:27.098Z", "updated_at": "2026-05-04T11:12:19.618Z", "track_time": false, "time_spent": null, "suspension_reason": null}}, {"model": "requests_app.servicerequest", "pk": 150, "fields": {"request_number": "ЗЯ-000150", "building": 2, "room_number": "1202", "request_type": 1, "description": "Выполнена процедура включения автоматического выключателя с соблюдением техники безопасности", "priority": "medium", "status": "closed", "created_by": ["viktoriya"], "assigned_to": ["paleychukpp"], "planned_date": "2026-05-03", "completed_date": "2026-05-04T11:15:11.593Z", "comment": "", "created_at": "2026-05-04T11:14:33.618Z", "updated_at": "2026-05-06T11:20:28.354Z", "track_time": false, "time_spent": null, "suspension_reason": null}}, {"model": "requests_app.servicerequest", "pk": 151, "fields": {"request_number": "ЗЯ-000151", "building": 2, "room_number": "1015", "request_type": 4, "description": "Ремонт и регулировка двери шкафа", "priority": "low", "status": "closed", "created_by": ["viktoriya"], "assigned_to": ["grishinda"], "planned_date": "2026-04-30", "completed_date": "2026-05-04T11:16:54.677Z", "comment": "", "created_at": "2026-05-04T11:16:38.295Z", "updated_at": "2026-05-06T11:19:06.316Z", "track_time": false, "time_spent": null, "suspension_reason": null}}, {"model": "requests_app.servicerequest", "pk": 152, "fields": {"request_number": "ЗЯ-000152", "building": 2, "room_number": "1221", "request_type": 1, "description": "Выполнена процедура включения автоматического выключателя с соблюдением техники безопасности", "priority": "medium", "status": "closed", "created_by": ["viktoriya"], "assigned_to": ["sharafutdinoviv"], "planned_date": "2026-05-02", "completed_date": "2026-05-04T11:19:03.347Z", "comment": "", "created_at": "2026-05-04T11:18:41.155Z", "updated_at": "2026-05-06T11:18:55.276Z", "track_time": false, "time_spent": null, "suspension_reason": null}}, {"model": "requests_app.servicerequest", "pk": 153, "fields": {"request_number": "ЗЯ-000153", "building": 2, "room_number": "1 этаж", "request_type": 1, "description": "Замена лампы (ЛБ18 - 1 шт.)", "priority": "medium", "status": "closed", "created_by": ["viktoriya"], "assigned_to": ["zaharchenkoap"], "planned_date": "2026-05-04", "completed_date": "2026-05-04T11:21:44.202Z", "comment": "", "created_at": "2026-05-04T11:21:27.945Z", "updated_at": "2026-05-04T11:22:20.473Z", "track_time": false, "time_spent": null, "suspension_reason": null}}, {"model": "requests_app.servicerequest", "pk": 154, "fields": {"request_number": "ЗЯ-000154", "building": 1, "room_number": "1", "request_type": 1, "description": "Замена ламп ЛБ18 9 шт.", "priority": "medium", "status": "closed", "created_by": ["viktoriya"], "assigned_to": ["zaharchenkoap"], "planned_date": "2026-05-04", "completed_date": "2026-05-04T14:17:11.186Z", "comment": "", "created_at": "2026-05-04T11:23:34.428Z", "updated_at": "2026-05-04T14:17:39.964Z", "track_time": false, "time_spent": null, "suspension_reason": null}}, {"model": "requests_app.servicerequest", "pk": 155, "fields": {"request_number": "ЗЯ-000155", "building": 2, "room_number": "1332", "request_type": 2, "description": "Ремонт душевого шланга", "priority": "low", "status": "closed", "created_by": ["viktoriya"], "assigned_to": ["penkovav"], "planned_date": "2026-05-04", "completed_date": "2026-05-04T15:59:44.273Z", "comment": "", "created_at": "2026-05-04T11:26:47.837Z", "updated_at": "2026-05-06T11:18:41.325Z", "track_time": false, "time_spent": null, "suspension_reason": null}}, {"model": "requests_app.servicerequest", "pk": 156, "fields": {"request_number": "ЗЯ-000156", "building": 2, "room_number": "607", "request_type": 4, "description": "Ремонт и регулировка двери шкафа", "priority": "low", "status": "closed", "created_by": ["viktoriya"], "assigned_to": ["grishinda"], "planned_date": "2026-05-04", "completed_date": "2026-05-04T11:28:32.140Z", "comment": "", "created_at": "2026-05-04T11:28:07.330Z", "updated_at": "2026-05-06T11:18:17.559Z", "track_time": false, "time_spent": null, "suspension_reason": null}}, {"model": "requests_app.servicerequest", "pk": 157, "fields": {"request_number": "ЗЯ-000157", "building": 1, "room_number": "257", "request_type": 3, "description": "Перемещение дивана из к. 257 в к. 115А", "priority": "medium", "status": "closed", "created_by": ["viktoriya"], "assigned_to": ["grishinda"], "planned_date": "2026-05-04", "completed_date": "2026-05-04T11:38:01.948Z", "comment": "", "created_at": "2026-05-04T11:37:08.876Z", "updated_at": "2026-05-06T11:18:04.407Z", "track_time": false, "time_spent": null, "suspension_reason": null}}, {"model": "requests_app.servicerequest", "pk": 158, "fields": {"request_number": "ЗЯ-000158", "building": 1, "room_number": "МОП", "request_type": 4, "description": "Замена, монтаж трёх государственных флагов", "priority": "medium", "status": "closed", "created_by": ["viktoriya"], "assigned_to": ["proxorovvp"], "planned_date": "2026-05-04", "completed_date": "2026-05-04T11:42:59.531Z", "comment": "", "created_at": "2026-05-04T11:41:06.381Z", "updated_at": "2026-05-06T11:17:50.593Z", "track_time": false, "time_spent": null, "suspension_reason": null}}, {"model": "requests_app.servicerequest", "pk": 160, "fields": {"request_number": "ЗЯ-000159", "building": 1, "room_number": "Поточная аудитория 2", "request_type": 4, "description": "Закрепление трёх наличников  Поточная аудитория №2", "priority": "low", "status": "closed", "created_by": ["viktoriya"], "assigned_to": ["grishinda"], "planned_date": "2026-05-04", "completed_date": "2026-05-04T12:22:54.615Z", "comment": "", "created_at": "2026-05-04T12:22:39.687Z", "updated_at": "2026-05-06T11:17:38.994Z", "track_time": false, "time_spent": null, "suspension_reason": null}}, {"model": "requests_app.servicerequest", "pk": 161, "fields": {"request_number": "ЗЯ-000161", "building": 1, "room_number": "МОП", "request_type": 4, "description": "Срезать выступающие части на полу тактильной направляющей ленты", "priority": "medium", "status": "closed", "created_by": ["viktoriya"], "assigned_to": ["proxorovvp"], "planned_date": "2026-05-04", "completed_date": "2026-05-04T12:27:26.044Z", "comment": "", "created_at": "2026-05-04T12:27:09.386Z", "updated_at": "2026-05-06T11:17:30.304Z", "track_time": false, "time_spent": null, "suspension_reason": null}}, {"model": "requests_app.servicerequest", "pk": 162, "fields": {"request_number": "ЗЯ-000162", "building": 1, "room_number": "МОП", "request_type": 4, "description": "Восстановление рулонной шторы", "priority": "medium", "status": "closed", "created_by": ["viktoriya"], "assigned_to": ["grishinda"], "planned_date": "2026-05-04", "completed_date": "2026-05-04T12:30:23.051Z", "comment": "", "created_at": "2026-05-04T12:30:09.084Z", "updated_at": "2026-05-06T11:17:21.308Z", "track_time": false, "time_spent": null, "suspension_reason": null}}, {"model": "requests_app.servicerequest", "pk": 163, "fields": {"request_number": "ЗЯ-000163", "building": 2, "room_number": "103", "request_type": 4, "description": "Ремонт кресла", "priority": "low", "status": "closed", "created_by": ["viktoriya"], "assigned_to": ["grishinda"], "planned_date": "2026-05-04", "completed_date": "2026-05-04T12:31:15.467Z", "comment": "", "created_at": "2026-05-04T12:31:02.189Z", "updated_at": "2026-05-06T11:17:02.912Z", "track_time": false, "time_spent": null, "suspension_reason": null}}, {"model": "requests_app.servicerequest", "pk": 164, "fields": {"request_number": "ЗЯ-000164", "building": 1, "room_number": "257", "request_type": 4, "description": "Ремонт офисного кресла", "priority": "low", "status": "closed", "created_by": ["viktoriya"], "assigned_to": ["proxorovvp"], "planned_date": "2026-05-04", "completed_date": "2026-05-04T13:26:21.534Z", "comment": "", "created_at": "2026-05-04T13:26:01.567Z", "updated_at": "2026-05-06T11:16:53.644Z", "track_time": false, "time_spent": null, "suspension_reason": null}}, {"model": "requests_app.servicerequest", "pk": 165, "fields": {"request_number": "ЗЯ-000165", "building": 2, "room_number": "1107", "request_type": 1, "description": "Замена ламп \"Медуза\" - 1шт.", "priority": "low", "status": "closed", "created_by": ["viktoriya"], "assigned_to": ["zaharchenkoap"], "planned_date": "2026-05-04", "completed_date": "2026-05-04T13:39:01.558Z", "comment": "", "created_at": "2026-05-04T13:38:49.532Z", "updated_at": "2026-05-06T11:16:44.116Z", "track_time": false, "time_spent": null, "suspension_reason": null}}, {"model": "requests_app.servicerequest", "pk": 166, "fields": {"request_number": "ЗЯ-000166", "building": 2, "room_number": "1006", "request_type": 1, "description": "Крепление плафона", "priority": "low", "status": "closed", "created_by": ["viktoriya"], "assigned_to": ["zaharchenkoap"], "planned_date": "2026-05-04", "completed_date": "2026-05-04T13:39:48.407Z", "comment": "", "created_at": "2026-05-04T13:39:33.297Z", "updated_at": "2026-05-06T11:16:31.683Z", "track_time": false, "time_spent": null, "suspension_reason": null}}, {"model": "requests_app.servicerequest", "pk": 167, "fields": {"request_number": "ЗЯ-000167", "building": 2, "room_number": "1132", "request_type": 2, "description": "Устранения засора ванны", "priority": "medium", "status": "closed", "created_by": ["viktoriya"], "assigned_to": ["penkovav"], "planned_date": "2026-05-04", "completed_date": "2026-05-04T16:02:17.020Z", "comment": "", "created_at": "2026-05-04T16:01:13.339Z", "updated_at": "2026-05-06T11:16:20.423Z", "track_time": false, "time_spent": null, "suspension_reason": null}}, {"model": "requests_app.servicerequest", "pk": 168, "fields": {"request_number": "ЗЯ-000168", "building": 1, "room_number": "132", "request_type": 2, "description": "Замена смесителя для раковины 1 шт.", "priority": "high", "status": "closed", "created_by": ["viktoriya"], "assigned_to": ["penkovav"], "planned_date": "2026-05-04", "completed_date": "2026-05-04T16:05:04.514Z", "comment": "", "created_at": "2026-05-04T16:04:39.502Z", "updated_at": "2026-05-04T19:46:58.421Z", "track_time": false, "time_spent": null, "suspension_reason": null}}, {"model": "requests_app.servicerequest", "pk": 169, "fields": {"request_number": "ЗЯ-000169", "building": 2, "room_number": "427", "request_type": 2, "description": "Устранение засора ванны, раковины, трапа", "priority": "medium", "status": "closed", "created_by": ["viktoriya"], "assigned_to": ["penkovav"], "planned_date": "2026-05-05", "completed_date": "2026-05-05T11:30:20.507Z", "comment": "", "created_at": "2026-05-05T11:29:46.529Z", "updated_at": "2026-05-06T11:16:10.688Z", "track_time": false, "time_spent": null, "suspension_reason": null}}, {"model": "requests_app.servicerequest", "pk": 170, "fields": {"request_number": "ЗЯ-000170", "building": 2, "room_number": "909", "request_type": 2, "description": "Устранение засора 2-х раковин на кухне", "priority": "medium", "status": "closed", "created_by": ["viktoriya"], "assigned_to": ["penkovav"], "planned_date": "2026-05-05", "completed_date": "2026-05-05T11:32:42.250Z", "comment": "", "created_at": "2026-05-05T11:31:25.591Z", "updated_at": "2026-05-06T11:16:03.256Z", "track_time": false, "time_spent": null, "suspension_reason": null}}, {"model": "requests_app.servicerequest", "pk": 171, "fields": {"request_number": "ЗЯ-000171", "building": 2, "room_number": "425", "request_type": 2, "description": "Устранение засора ванны, раковины", "priority": "medium", "status": "closed", "created_by": ["viktoriya"], "assigned_to": ["penkovav"], "planned_date": "2026-05-05", "completed_date": "2026-05-05T11:32:45.653Z", "comment": "", "created_at": "2026-05-05T11:32:16.637Z", "updated_at": "2026-05-06T11:15:55.618Z", "track_time": false, "time_spent": null, "suspension_reason": null}}, {"model": "requests_app.servicerequest", "pk": 172, "fields": {"request_number": "ЗЯ-000172", "building": 2, "room_number": "1209", "request_type": 2, "description": "Ремонт излива раковины №2 на кухне. Замена смесителя раковины №1", "priority": "medium", "status": "closed", "created_by": ["viktoriya"], "assigned_to": ["penkovav"], "planned_date": "2026-05-05", "completed_date": "2026-05-05T13:24:53.706Z", "comment": "", "created_at": "2026-05-05T11:33:52.092Z", "updated_at": "2026-05-06T11:15:43.830Z", "track_time": false, "time_spent": null, "suspension_reason": null}}, {"model": "requests_app.servicerequest", "pk": 173, "fields": {"request_number": "ЗЯ-000173", "building": 2, "room_number": "513", "request_type": 2, "description": "Ремонт душевого шланга", "priority": "medium", "status": "closed", "created_by": ["viktoriya"], "assigned_to": ["penkovav"], "planned_date": "2026-05-05", "completed_date": "2026-05-05T14:14:52.331Z", "comment": "", "created_at": "2026-05-05T14:14:40.570Z", "updated_at": "2026-05-06T11:07:25.103Z", "track_time": false, "time_spent": null, "suspension_reason": null}}, {"model": "requests_app.servicerequest", "pk": 174, "fields": {"request_number": "ЗЯ-000174", "building": 1, "room_number": "333", "request_type": 4, "description": "Ремонт стула. Ремонт жалюзи", "priority": "medium", "status": "closed", "created_by": ["viktoriya"], "assigned_to": ["proxorovvp"], "planned_date": "2026-05-05", "completed_date": "2026-05-05T15:09:33.668Z", "comment": "", "created_at": "2026-05-05T15:09:19.782Z", "updated_at": "2026-05-06T11:07:17.372Z", "track_time": false, "time_spent": null, "suspension_reason": null}}, {"model": "requests_app.servicerequest", "pk": 175, "fields": {"request_number": "ЗЯ-000175", "building": 2, "room_number": "413", "request_type": 4, "description": "Ремонт и регулировка двери шкафа", "priority": "low", "status": "closed", "created_by": ["viktoriya"], "assigned_to": ["grishinda"], "planned_date": "2026-05-05", "completed_date": "2026-05-06T05:28:01.487Z", "comment": "", "created_at": "2026-05-05T15:10:23.423Z", "updated_at": "2026-05-06T11:07:01.344Z", "track_time": false, "time_spent": null, "suspension_reason": null}}, {"model": "requests_app.servicerequest", "pk": 176, "fields": {"request_number": "ЗЯ-000176", "building": 2, "room_number": "112", "request_type": 4, "description": "Убрать весь рабочий инвентарь после субботника в к. 112 (склад)", "priority": "medium", "status": "closed", "created_by": ["viktoriya"], "assigned_to": ["proxorovvp"], "planned_date": "2026-05-05", "completed_date": "2026-05-06T06:27:05.489Z", "comment": "", "created_at": "2026-05-05T15:12:25.857Z", "updated_at": "2026-05-06T11:06:51.138Z", "track_time": false, "time_spent": 30, "suspension_reason": null}}, {"model": "requests_app.servicerequest", "pk": 177, "fields": {"request_number": "ЗЯ-000177", "building": 2, "room_number": "1118", "request_type": 2, "description": "Устранение засора раковины", "priority": "medium", "status": "closed", "created_by": ["viktoriya"], "assigned_to": ["penkovav"], "planned_date": "2026-05-05", "completed_date": "2026-05-06T05:30:58.697Z", "comment": "", "created_at": "2026-05-06T05:30:39.100Z", "updated_at": "2026-05-06T11:06:39.103Z", "track_time": false, "time_spent": null, "suspension_reason": null}}, {"model": "requests_app.servicerequest", "pk": 178, "fields": {"request_number": "ЗЯ-000178", "building": 1, "room_number": "336", "request_type": 2, "description": "Замена гибкой подводки раковины 1 пара. Замена картриджа крана раковины 1 шт.", "priority": "medium", "status": "closed", "created_by": ["viktoriya"], "assigned_to": ["penkovav"], "planned_date": "2026-05-05", "completed_date": "2026-05-06T05:32:57.125Z", "comment": "", "created_at": "2026-05-06T05:32:41.887Z", "updated_at": "2026-05-06T05:33:43.963Z", "track_time": false, "time_spent": null, "suspension_reason": null}}, {"model": "requests_app.servicerequest", "pk": 179, "fields": {"request_number": "ЗЯ-000179", "building": 1, "room_number": "4", "request_type": 2, "description": "Регулировка запорной арматуры", "priority": "low", "status": "closed", "created_by": ["viktoriya"], "assigned_to": ["penkovav"], "planned_date": "2026-05-05", "completed_date": "2026-05-06T05:35:10.943Z", "comment": "", "created_at": "2026-05-06T05:35:02.938Z", "updated_at": "2026-05-06T11:06:30.512Z", "track_time": false, "time_spent": null, "suspension_reason": null}}, {"model": "requests_app.servicerequest", "pk": 180, "fields": {"request_number": "ЗЯ-000180", "building": 1, "room_number": "117", "request_type": 4, "description": "Ремонт офисного кресла", "priority": "medium", "status": "closed", "created_by": ["bikov"], "assigned_to": ["proxorovvp"], "planned_date": "2026-05-06", "completed_date": "2026-05-06T08:57:33.746Z", "comment": "", "created_at": "2026-05-06T07:50:32.028Z", "updated_at": "2026-05-06T11:06:23.751Z", "track_time": false, "time_spent": null, "suspension_reason": null}}, {"model": "requests_app.servicerequest", "pk": 181, "fields": {"request_number": "ЗЯ-000181", "building": 1, "room_number": "106", "request_type": 4, "description": "Ремонт парты-скамейки", "priority": "medium", "status": "closed", "created_by": ["viktoriya"], "assigned_to": ["proxorovvp"], "planned_date": "2026-05-06", "completed_date": "2026-05-06T08:00:34.395Z", "comment": "", "created_at": "2026-05-06T08:00:05.378Z", "updated_at": "2026-05-06T11:06:12.360Z", "track_time": false, "time_spent": null, "suspension_reason": null}}, {"model": "requests_app.servicerequest", "pk": 182, "fields": {"request_number": "ЗЯ-000182", "building": 3, "room_number": "0", "request_type": 4, "description": "Закрепление ролика на волейбольной сетке", "priority": "medium", "status": "closed", "created_by": ["viktoriya"], "assigned_to": ["grishinda"], "planned_date": "2026-05-06", "completed_date": "2026-05-06T11:46:45.666Z", "comment": "", "created_at": "2026-05-06T11:46:10.387Z", "updated_at": "2026-05-06T11:46:52.084Z", "track_time": false, "time_spent": null, "suspension_reason": null}}, {"model": "requests_app.servicerequest", "pk": 183, "fields": {"request_number": "ЗЯ-000183", "building": 2, "room_number": "1015", "request_type": 4, "description": "Ремонт и регулировка двери шкафа", "priority": "medium", "status": "closed", "created_by": ["viktoriya"], "assigned_to": ["proxorovvp"], "planned_date": "2026-05-06", "completed_date": "2026-05-06T15:02:01.576Z", "comment": "", "created_at": "2026-05-06T15:01:03.899Z", "updated_at": "2026-05-06T15:02:08.019Z", "track_time": false, "time_spent": null, "suspension_reason": null}}, {"model": "requests_app.servicerequest", "pk": 184, "fields": {"request_number": "ЗЯ-000184", "building": 1, "room_number": "402", "request_type": 2, "description": "Ремонт бочка унитаза", "priority": "medium", "status": "closed", "created_by": ["viktoriya"], "assigned_to": ["paleychukpp"], "planned_date": "2026-05-06", "completed_date": "2026-05-07T08:22:03.392Z", "comment": "", "created_at": "2026-05-07T08:21:44.371Z", "updated_at": "2026-05-07T08:26:49.285Z", "track_time": false, "time_spent": null, "suspension_reason": null}}, {"model": "requests_app.servicerequest", "pk": 185, "fields": {"request_number": "ЗЯ-000185", "building": 2, "room_number": "1005", "request_type": 2, "description": "Устранение засора ванны. Ремонт душевого шланга", "priority": "medium", "status": "closed", "created_by": ["viktoriya"], "assigned_to": ["paleychukpp"], "planned_date": "2026-05-06", "completed_date": "2026-05-07T08:28:18.226Z", "comment": "", "created_at": "2026-05-07T08:27:48.496Z", "updated_at": "2026-05-07T08:28:28.607Z", "track_time": false, "time_spent": null, "suspension_reason": null}}, {"model": "requests_app.servicerequest", "pk": 186, "fields": {"request_number": "ЗЯ-000186", "building": 2, "room_number": "806", "request_type": 2, "description": "Ремонт душевого шланга", "priority": "medium", "status": "closed", "created_by": ["viktoriya"], "assigned_to": ["paleychukpp"], "planned_date": "2026-05-06", "completed_date": "2026-05-07T08:47:22.422Z", "comment": "", "created_at": "2026-05-07T08:47:12.028Z", "updated_at": "2026-05-07T08:47:29.503Z", "track_time": false, "time_spent": null, "suspension_reason": null}}, {"model": "requests_app.servicerequest", "pk": 187, "fields": {"request_number": "ЗЯ-000187", "building": 1, "room_number": "МОП", "request_type": 1, "description": "Замена люминесцентных ламп ЛБ 18 - 4 шт.", "priority": "medium", "status": "closed", "created_by": ["viktoriya"], "assigned_to": ["sharafutdinoviv"], "planned_date": "2026-05-06", "completed_date": "2026-05-07T08:49:43.177Z", "comment": "", "created_at": "2026-05-07T08:49:29.378Z", "updated_at": "2026-05-07T08:50:10.389Z", "track_time": false, "time_spent": null, "suspension_reason": null}}, {"model": "requests_app.servicerequest", "pk": 188, "fields": {"request_number": "ЗЯ-000188", "building": 2, "room_number": "509", "request_type": 1, "description": "Включение электрической плиты.Проведена проверка подключения к электросети, настройка параметров, испытание работы конфорок. Дефектов не выявлено", "priority": "medium", "status": "closed", "created_by": ["viktoriya"], "assigned_to": ["sharafutdinoviv"], "planned_date": "2026-05-06", "completed_date": "2026-05-07T08:53:57.383Z", "comment": "", "created_at": "2026-05-07T08:53:45.886Z", "updated_at": "2026-05-07T08:54:04.239Z", "track_time": false, "time_spent": null, "suspension_reason": null}}, {"model": "requests_app.servicerequest", "pk": 189, "fields": {"request_number": "ЗЯ-000189", "building": 2, "room_number": "209", "request_type": 1, "description": "Выполнена процедура включения автоматического выключателя с соблюдением техники безопасности", "priority": "medium", "status": "closed", "created_by": ["viktoriya"], "assigned_to": ["sharafutdinoviv"], "planned_date": "2026-05-06", "completed_date": "2026-05-07T08:54:58.338Z", "comment": "", "created_at": "2026-05-07T08:54:39.291Z", "updated_at": "2026-05-07T08:55:14.384Z", "track_time": false, "time_spent": null, "suspension_reason": null}}, {"model": "requests_app.servicerequest", "pk": 190, "fields": {"request_number": "ЗЯ-000190", "building": 2, "room_number": "803", "request_type": 2, "description": "Устранение прорыва гибкой подводки и её замена, проверка герметичности соединений. Дефектов не выявлено", "priority": "high", "status": "closed", "created_by": ["viktoriya"], "assigned_to": ["penkovav"], "planned_date": "2026-05-07", "completed_date": "2026-05-07T15:21:19.247Z", "comment": "", "created_at": "2026-05-07T08:59:27.579Z", "updated_at": "2026-05-07T15:21:42.884Z", "track_time": false, "time_spent": null, "suspension_reason": null}}, {"model": "requests_app.servicerequest", "pk": 191, "fields": {"request_number": "ЗЯ-000191", "building": 1, "room_number": "МОП", "request_type": 2, "description": "Ремонт стульчака в 1 кабинке, санузел тестирования", "priority": "medium", "status": "closed", "created_by": ["viktoriya"], "assigned_to": ["penkovav"], "planned_date": "2026-05-07", "completed_date": "2026-05-07T09:07:50.851Z", "comment": "", "created_at": "2026-05-07T09:07:34.074Z", "updated_at": "2026-05-07T09:07:57.567Z", "track_time": false, "time_spent": null, "suspension_reason": null}}, {"model": "requests_app.servicerequest", "pk": 192, "fields": {"request_number": "ЗЯ-000192", "building": 1, "room_number": "Гараж", "request_type": 2, "description": "Перекрытие воды на кран раковины", "priority": "medium", "status": "closed", "created_by": ["viktoriya"], "assigned_to": ["penkovav"], "planned_date": "2026-05-07", "completed_date": "2026-05-07T14:51:11.373Z", "comment": "", "created_at": "2026-05-07T09:12:13.652Z", "updated_at": "2026-05-07T14:51:18.610Z", "track_time": false, "time_spent": null, "suspension_reason": null}}, {"model": "requests_app.servicerequest", "pk": 193, "fields": {"request_number": "ЗЯ-000193", "building": 1, "room_number": "МОП", "request_type": 4, "description": "Монтаж стенда ко Дню Победы", "priority": "high", "status": "closed", "created_by": ["viktoriya"], "assigned_to": ["proxorovvp"], "planned_date": "2026-05-07", "completed_date": "2026-05-07T09:15:18.511Z", "comment": "", "created_at": "2026-05-07T09:14:30.017Z", "updated_at": "2026-05-07T09:15:24.941Z", "track_time": false, "time_spent": null, "suspension_reason": null}}, {"model": "requests_app.servicerequest", "pk": 194, "fields": {"request_number": "ЗЯ-000194", "building": 3, "room_number": "0", "request_type": 5, "description": "Покраска забора", "priority": "medium", "status": "closed", "created_by": ["viktoriya"], "assigned_to": ["grishinda"], "planned_date": "2026-05-07", "completed_date": "2026-05-07T14:51:34.042Z", "comment": "", "created_at": "2026-05-07T09:17:13.185Z", "updated_at": "2026-05-07T14:51:37.440Z", "track_time": false, "time_spent": null, "suspension_reason": null}}, {"model": "requests_app.servicerequest", "pk": 195, "fields": {"request_number": "ЗЯ-000195", "building": 2, "room_number": "1331", "request_type": 2, "description": "Ремонт душевого шланга", "priority": "low", "status": "closed", "created_by": ["viktoriya"], "assigned_to": ["penkovav"], "planned_date": "2026-05-07", "completed_date": "2026-05-07T12:15:02.918Z", "comment": "", "created_at": "2026-05-07T12:14:49.776Z", "updated_at": "2026-05-07T12:15:11.816Z", "track_time": false, "time_spent": null, "suspension_reason": null}}, {"model": "requests_app.servicerequest", "pk": 196, "fields": {"request_number": "ЗЯ-000196", "building": 1, "room_number": "268", "request_type": 2, "description": "Осмотрено.Трубопровод и соединения находятся в исправном состоянии, признаков утечки воды не обнаружено", "priority": "medium", "status": "closed", "created_by": ["viktoriya"], "assigned_to": ["penkovav"], "planned_date": "2026-05-07", "completed_date": "2026-05-07T13:44:41.241Z", "comment": "", "created_at": "2026-05-07T13:44:29.410Z", "updated_at": "2026-05-07T13:44:45.104Z", "track_time": false, "time_spent": null, "suspension_reason": null}}, {"model": "requests_app.servicerequest", "pk": 197, "fields": {"request_number": "ЗЯ-000197", "building": 1, "room_number": "МОП", "request_type": 2, "description": "Санузел библиотеки. Замена гибкой подводки смесителя для раковины - 1 пара.. Регулировка поплавка унитаза.", "priority": "medium", "status": "closed", "created_by": ["viktoriya"], "assigned_to": ["penkovav"], "planned_date": "2026-05-07", "completed_date": "2026-05-07T15:20:30.933Z", "comment": "", "created_at": "2026-05-07T15:00:50.150Z", "updated_at": "2026-05-07T15:20:51.169Z", "track_time": false, "time_spent": null, "suspension_reason": null}}, {"model": "requests_app.servicerequest", "pk": 198, "fields": {"request_number": "ЗЯ-000198", "building": 1, "room_number": "МОП", "request_type": 2, "description": "Пост охраны №3 санузел. Осмотрено.Трубопровод и соединения находятся в исправном состоянии, признаков утечки воды не обнаружено", "priority": "medium", "status": "closed", "created_by": ["viktoriya"], "assigned_to": ["penkovav"], "planned_date": "2026-05-07", "completed_date": "2026-05-08T16:56:54.223Z", "comment": "", "created_at": "2026-05-07T15:11:55.904Z", "updated_at": "2026-05-08T16:57:02.809Z", "track_time": false, "time_spent": null, "suspension_reason": null}}, {"model": "requests_app.servicerequest", "pk": 199, "fields": {"request_number": "ЗЯ-000199", "building": 1, "room_number": "МОП", "request_type": 2, "description": "Тестирование санузел 2 кабинка. Замена гибкой подводки раковины - 1 пара, замена гибкой подводки унитаза - 1 шт.", "priority": "medium", "status": "closed", "created_by": ["viktoriya"], "assigned_to": ["penkovav"], "planned_date": "2026-05-07", "completed_date": "2026-05-07T15:16:18.198Z", "comment": "", "created_at": "2026-05-07T15:15:16.805Z", "updated_at": "2026-05-07T15:17:20.293Z", "track_time": false, "time_spent": null, "suspension_reason": null}}, {"model": "requests_app.servicerequest", "pk": 200, "fields": {"request_number": "ЗЯ-000200", "building": 1, "room_number": "МОП", "request_type": 2, "description": "Тестирование санузел 4 кабинка. Замена гибкой подводки унитаза - 1 шт.", "priority": "medium", "status": "closed", "created_by": ["viktoriya"], "assigned_to": ["penkovav"], "planned_date": "2026-05-07", "completed_date": "2026-05-07T15:18:45.493Z", "comment": "", "created_at": "2026-05-07T15:18:28.969Z", "updated_at": "2026-05-07T15:18:50.710Z", "track_time": false, "time_spent": null, "suspension_reason": null}}, {"model": "requests_app.servicerequest", "pk": 201, "fields": {"request_number": "ЗЯ-000201", "building": 1, "room_number": "Класс физ. культуры", "request_type": 1, "description": "Выполнена процедура включения автоматического выключателя с соблюдением техники безопасности", "priority": "medium", "status": "closed", "created_by": ["viktoriya"], "assigned_to": ["paleychukpp"], "planned_date": "2026-05-07", "completed_date": "2026-05-07T15:30:51.609Z", "comment": "", "created_at": "2026-05-07T15:30:28.227Z", "updated_at": "2026-05-07T15:30:59.044Z", "track_time": false, "time_spent": null, "suspension_reason": null}}, {"model": "requests_app.servicerequest", "pk": 202, "fields": {"request_number": "ЗЯ-000202", "building": 1, "room_number": "МОП", "request_type": 1, "description": "Замена светильника .Светодиодная панель 600*600мм 36 Вт - 1 шт.", "priority": "medium", "status": "closed", "created_by": ["viktoriya"], "assigned_to": ["paleychukpp"], "planned_date": "2026-05-07", "completed_date": "2026-05-08T08:46:46.927Z", "comment": "", "created_at": "2026-05-08T08:46:36.079Z", "updated_at": "2026-05-08T08:47:07.656Z", "track_time": false, "time_spent": null, "suspension_reason": null}}, {"model": "requests_app.servicerequest", "pk": 203, "fields": {"request_number": "ЗЯ-000203", "building": 1, "room_number": "МОП", "request_type": 1, "description": "Замена Люминесцентная лампа ЛБ 18 - 4 шт., стартер - 4 шт.", "priority": "medium", "status": "closed", "created_by": ["viktoriya"], "assigned_to": ["paleychukpp"], "planned_date": "2026-05-07", "completed_date": "2026-05-08T08:48:44.206Z", "comment": "", "created_at": "2026-05-08T08:48:28.135Z", "updated_at": "2026-05-08T08:49:22.844Z", "track_time": false, "time_spent": null, "suspension_reason": null}}, {"model": "requests_app.servicerequest", "pk": 204, "fields": {"request_number": "ЗЯ-000204", "building": 3, "room_number": "Спортивная площадка", "request_type": 4, "description": "Демонтаж баскетбольного кольца", "priority": "low", "status": "closed", "created_by": ["viktoriya"], "assigned_to": ["paleychukpp"], "planned_date": "2026-05-07", "completed_date": "2026-05-08T08:50:40.341Z", "comment": "", "created_at": "2026-05-08T08:50:29.390Z", "updated_at": "2026-05-08T08:50:45.851Z", "track_time": false, "time_spent": null, "suspension_reason": null}}, {"model": "requests_app.servicerequest", "pk": 205, "fields": {"request_number": "ЗЯ-000205", "building": 2, "room_number": "423", "request_type": 1, "description": "Замена LED лампы Е27 - 2 шт.", "priority": "medium", "status": "closed", "created_by": ["viktoriya"], "assigned_to": ["paleychukpp"], "planned_date": "2026-05-07", "completed_date": "2026-05-08T08:51:50.694Z", "comment": "", "created_at": "2026-05-08T08:51:40.143Z", "updated_at": "2026-05-08T08:52:05.385Z", "track_time": false, "time_spent": null, "suspension_reason": null}}, {"model": "requests_app.servicerequest", "pk": 206, "fields": {"request_number": "ЗЯ-000206", "building": 2, "room_number": "1405", "request_type": 2, "description": "Ремонт смесителя ванны. Кран-букса -1 шт.", "priority": "medium", "status": "closed", "created_by": ["viktoriya"], "assigned_to": ["penkovav"], "planned_date": "2026-05-07", "completed_date": "2026-05-08T08:53:55.159Z", "comment": "", "created_at": "2026-05-08T08:53:47.911Z", "updated_at": "2026-05-08T08:54:17.642Z", "track_time": false, "time_spent": null, "suspension_reason": null}}, {"model": "requests_app.servicerequest", "pk": 207, "fields": {"request_number": "ЗЯ-000207", "building": 2, "room_number": "722", "request_type": 2, "description": "Ремонт душевого шланга", "priority": "low", "status": "closed", "created_by": ["viktoriya"], "assigned_to": ["penkovav"], "planned_date": "2026-05-07", "completed_date": "2026-05-08T08:55:17.159Z", "comment": "", "created_at": "2026-05-08T08:55:08.591Z", "updated_at": "2026-05-08T08:55:19.922Z", "track_time": false, "time_spent": null, "suspension_reason": null}}, {"model": "requests_app.servicerequest", "pk": 208, "fields": {"request_number": "ЗЯ-000208", "building": 2, "room_number": "511", "request_type": 2, "description": "Устранение засора ванны. Замена душевой лейки - 1 шт.. Ремонт переключателя душа. Прокладки - 2 шт.", "priority": "medium", "status": "closed", "created_by": ["viktoriya"], "assigned_to": ["penkovav"], "planned_date": "2026-05-07", "completed_date": "2026-05-08T08:57:02.900Z", "comment": "", "created_at": "2026-05-08T08:56:53.582Z", "updated_at": "2026-05-08T08:57:51.452Z", "track_time": false, "time_spent": null, "suspension_reason": null}}, {"model": "requests_app.servicerequest", "pk": 209, "fields": {"request_number": "ЗЯ-000209", "building": 2, "room_number": "513", "request_type": 2, "description": "Устранение засора раковины. Требуется душевой шланг. Должны купить проживающие", "priority": "low", "status": "closed", "created_by": ["viktoriya"], "assigned_to": ["penkovav"], "planned_date": "2026-05-07", "completed_date": "2026-05-08T08:59:43.203Z", "comment": "", "created_at": "2026-05-08T08:59:32.647Z", "updated_at": "2026-05-08T08:59:46.987Z", "track_time": false, "time_spent": null, "suspension_reason": null}}, {"model": "requests_app.servicerequest", "pk": 210, "fields": {"request_number": "ЗЯ-000210", "building": 2, "room_number": "507", "request_type": 2, "description": "Ремонт душевого шланга. Устранение засора ванны.", "priority": "medium", "status": "closed", "created_by": ["viktoriya"], "assigned_to": ["penkovav"], "planned_date": "2026-05-08", "completed_date": "2026-05-08T09:03:23.934Z", "comment": "", "created_at": "2026-05-08T09:03:13.243Z", "updated_at": "2026-05-08T09:03:29.212Z", "track_time": false, "time_spent": null, "suspension_reason": null}}, {"model": "requests_app.servicerequest", "pk": 211, "fields": {"request_number": "ЗЯ-000211", "building": 2, "room_number": "227", "request_type": 2, "description": "Ремонт душевого шланга. Устранение засора ванны", "priority": "medium", "status": "closed", "created_by": ["viktoriya"], "assigned_to": ["penkovav"], "planned_date": "2026-05-08", "completed_date": "2026-05-08T09:04:40.818Z", "comment": "", "created_at": "2026-05-08T09:04:31.801Z", "updated_at": "2026-05-08T09:04:43.458Z", "track_time": false, "time_spent": null, "suspension_reason": null}}, {"model": "requests_app.servicerequest", "pk": 212, "fields": {"request_number": "ЗЯ-000212", "building": 2, "room_number": "114", "request_type": 2, "description": "Устранение засора ванны. Ремонт душевого шланга", "priority": "medium", "status": "closed", "created_by": ["viktoriya"], "assigned_to": ["penkovav"], "planned_date": "2026-05-08", "completed_date": "2026-05-08T09:06:51.344Z", "comment": "", "created_at": "2026-05-08T09:06:42.134Z", "updated_at": "2026-05-08T09:06:58.360Z", "track_time": false, "time_spent": null, "suspension_reason": null}}, {"model": "requests_app.servicerequest", "pk": 213, "fields": {"request_number": "ЗЯ-000213", "building": 2, "room_number": "605", "request_type": 2, "description": "Ремонт душевого шланга. Устранение засора ванны", "priority": "medium", "status": "closed", "created_by": ["viktoriya"], "assigned_to": ["penkovav"], "planned_date": "2026-05-08", "completed_date": "2026-05-08T09:10:35.204Z", "comment": "", "created_at": "2026-05-08T09:10:22.526Z", "updated_at": "2026-05-08T09:10:47.121Z", "track_time": false, "time_spent": null, "suspension_reason": null}}, {"model": "requests_app.servicerequest", "pk": 214, "fields": {"request_number": "ЗЯ-000214", "building": 3, "room_number": "Спортивная площадка", "request_type": 4, "description": "Сварочные работы и установка баскетбольного кольца и щита на спортивной площадке", "priority": "medium", "status": "closed", "created_by": ["viktoriya"], "assigned_to": ["proxorovvp"], "planned_date": "2026-05-08", "completed_date": "2026-05-08T17:15:22.361Z", "comment": "", "created_at": "2026-05-08T11:19:36.866Z", "updated_at": "2026-05-08T17:15:36.083Z", "track_time": false, "time_spent": 20, "suspension_reason": null}}, {"model": "requests_app.servicerequest", "pk": 215, "fields": {"request_number": "ЗЯ-000215", "building": 1, "room_number": "117", "request_type": 4, "description": "Установка ответной планки замка на коробку двери", "priority": "medium", "status": "closed", "created_by": ["viktoriya"], "assigned_to": ["proxorovvp"], "planned_date": "2026-05-08", "completed_date": "2026-05-08T11:32:43.334Z", "comment": "", "created_at": "2026-05-08T11:32:09.955Z", "updated_at": "2026-05-08T11:34:48.403Z", "track_time": false, "time_spent": null, "suspension_reason": null}}, {"model": "requests_app.servicerequest", "pk": 216, "fields": {"request_number": "ЗЯ-000216", "building": 2, "room_number": "408", "request_type": 2, "description": "Ремонт смесителя крана. замена кран-букса - 1 шт.", "priority": "medium", "status": "closed", "created_by": ["viktoriya"], "assigned_to": ["penkovav"], "planned_date": "2026-05-08", "completed_date": "2026-05-08T11:45:25.906Z", "comment": "", "created_at": "2026-05-08T11:45:06.687Z", "updated_at": "2026-05-08T11:45:41.846Z", "track_time": false, "time_spent": null, "suspension_reason": null}}, {"model": "requests_app.servicerequest", "pk": 217, "fields": {"request_number": "ЗЯ-000217", "building": 1, "room_number": "МОП", "request_type": 4, "description": "Перемещение из холла ученого совета 1 белую лавочку в холл 1 этажа установка около окна", "priority": "medium", "status": "closed", "created_by": ["viktoriya"], "assigned_to": ["grishinda"], "planned_date": "2026-05-08", "completed_date": "2026-05-08T14:00:55.052Z", "comment": "", "created_at": "2026-05-08T13:59:56.333Z", "updated_at": "2026-05-08T14:00:59.489Z", "track_time": false, "time_spent": null, "suspension_reason": null}}, {"model": "requests_app.servicerequest", "pk": 218, "fields": {"request_number": "ЗЯ-000218", "building": 1, "room_number": "МОП", "request_type": 2, "description": "Пост охраны №3 ванна. Замена гибкой подводки смесителя раковины - 1 пара. Замена гибкой подводки унитаза -1 шт. Устранение засора душевой кабинки", "priority": "medium", "status": "closed", "created_by": ["viktoriya"], "assigned_to": ["penkovav"], "planned_date": "2026-05-08", "completed_date": "2026-05-08T16:57:21.388Z", "comment": "", "created_at": "2026-05-08T16:54:49.133Z", "updated_at": "2026-05-08T16:58:06.411Z", "track_time": false, "time_spent": null, "suspension_reason": null}}, {"model": "requests_app.servicerequest", "pk": 219, "fields": {"request_number": "ЗЯ-000219", "building": 2, "room_number": "830", "request_type": 2, "description": "Устранение засора ванны. Замена поплавка бочка унитаза - 1 шт.", "priority": "medium", "status": "closed", "created_by": ["viktoriya"], "assigned_to": ["penkovav"], "planned_date": "2026-05-08", "completed_date": "2026-05-08T17:00:01.262Z", "comment": "", "created_at": "2026-05-08T16:59:49.120Z", "updated_at": "2026-05-08T17:01:01.669Z", "track_time": false, "time_spent": null, "suspension_reason": null}}, {"model": "requests_app.requestassignee", "pk": 1, "fields": {"request": 175, "user": ["proxorovvp"], "assigned_at": "2026-05-05T19:19:08.819Z"}}, {"model": "requests_app.requestassignee", "pk": 2, "fields": {"request": 175, "user": ["penkovav"], "assigned_at": "2026-05-05T19:20:12.751Z"}}, {"model": "requests_app.requestassignee", "pk": 3, "fields": {"request": 176, "user": ["grishinda"], "assigned_at": "2026-05-06T06:18:16.355Z"}}, {"model": "requests_app.requestassignee", "pk": 4, "fields": {"request": 183, "user": ["grishinda"], "assigned_at": "2026-05-06T15:01:51.617Z"}}, {"model": "requests_app.requestassignee", "pk": 5, "fields": {"request": 193, "user": ["grishinda"], "assigned_at": "2026-05-07T09:14:40.490Z"}}, {"model": "requests_app.requestassignee", "pk": 6, "fields": {"request": 193, "user": ["penkovav"], "assigned_at": "2026-05-07T09:15:00.816Z"}}, {"model": "requests_app.requestassignee", "pk": 7, "fields": {"request": 194, "user": ["proxorovvp"], "assigned_at": "2026-05-07T09:17:22.332Z"}}, {"model": "requests_app.requestassignee", "pk": 8, "fields": {"request": 214, "user": ["grishinda"], "assigned_at": "2026-05-08T11:20:27.757Z"}}, {"model": "requests_app.requestassignee", "pk": 9, "fields": {"request": 214, "user": ["zaharchenkoap"], "assigned_at": "2026-05-08T11:20:38.409Z"}}, {"model": "requests_app.requestassignee", "pk": 10, "fields": {"request": 215, "user": ["grishinda"], "assigned_at": "2026-05-08T11:32:36.565Z"}}, {"model": "requests_app.requestassignee", "pk": 11, "fields": {"request": 217, "user": ["proxorovvp"], "assigned_at": "2026-05-08T14:00:49.396Z"}}, {"model": "requests_app.requestfile", "pk": 1, "fields": {"request": 4, "file": "request_files/2026/04/27/3d06b0ed-3292-4542-879c-4a68c8e56ed3.jfif", "uploaded_by": null, "uploaded_at": "2026-04-27T11:02:53.552Z", "description": ""}}, {"model": "requests_app.requestfile", "pk": 2, "fields": {"request": 62, "file": "request_files/2026/04/28/291d1e05-7c9b-43c2-bdf8-2479439f1c67.jfif", "uploaded_by": null, "uploaded_at": "2026-04-28T20:18:43.816Z", "description": ""}}, {"model": "requests_app.material", "pk": 4, "fields": {"name": "Лента бордюрная для ванн", "unit": "шт.", "default_price": "10.00", "quantity_in_stock": "450.000"}}, {"model": "requests_app.material", "pk": 5, "fields": {"name": "Сифон для ван", "unit": "шт.", "default_price": "5.00", "quantity_in_stock": "350.000"}}, {"model": "requests_app.material", "pk": 6, "fields": {"name": "Сифон для раковины", "unit": "шт.", "default_price": "280.00", "quantity_in_stock": "10.000"}}, {"model": "requests_app.material", "pk": 7, "fields": {"name": "Набор сантехнических прокладок дл смесителя", "unit": "компл.", "default_price": "500.00", "quantity_in_stock": "10.000"}}, {"model": "requests_app.material", "pk": 8, "fields": {"name": "Шланг для душа рус-имп", "unit": "шт.", "default_price": "50.00", "quantity_in_stock": "105.000"}}, {"model": "requests_app.material", "pk": 9, "fields": {"name": "Шланг для душа имп-имп", "unit": "шт.", "default_price": "50.00", "quantity_in_stock": "75.000"}}, {"model": "requests_app.material", "pk": 10, "fields": {"name": "Излив смесителя для ванной", "unit": "шт.", "default_price": "25.00", "quantity_in_stock": "145.000"}}, {"model": "requests_app.material", "pk": 11, "fields": {"name": "Герметик универсальный", "unit": "шт.", "default_price": "55.00", "quantity_in_stock": "155.000"}}, {"model": "requests_app.material", "pk": 12, "fields": {"name": "Гибкая подводка для смесителя", "unit": "шт.", "default_price": "150.00", "quantity_in_stock": "118.000"}}, {"model": "requests_app.material", "pk": 13, "fields": {"name": "Клей монтажный", "unit": "шт.", "default_price": "5.00", "quantity_in_stock": "188.000"}}, {"model": "requests_app.material", "pk": 14, "fields": {"name": "Ручка для металлопластиковых окон", "unit": "шт.", "default_price": "70.00", "quantity_in_stock": "25.000"}}, {"model": "requests_app.material", "pk": 15, "fields": {"name": "Смазка силиконовая", "unit": "шт.", "default_price": "6.00", "quantity_in_stock": "349.800"}}, {"model": "requests_app.material", "pk": 16, "fields": {"name": "Скоба для степлера", "unit": "шт.", "default_price": "0.08", "quantity_in_stock": "3000.000"}}, {"model": "requests_app.material", "pk": 17, "fields": {"name": "Электроды сварочные", "unit": "шт.", "default_price": "3.68", "quantity_in_stock": "175.000"}}, {"model": "requests_app.material", "pk": 18, "fields": {"name": "Цилиндр для замка", "unit": "шт.", "default_price": "150.00", "quantity_in_stock": "15.000"}}, {"model": "requests_app.material", "pk": 19, "fields": {"name": "Ограничитель оконный для ПВХ", "unit": "шт.", "default_price": "80.00", "quantity_in_stock": "25.000"}}, {"model": "requests_app.material", "pk": 20, "fields": {"name": "Доводчик дверной 80 кг", "unit": "шт.", "default_price": "1000.00", "quantity_in_stock": "5.000"}}, {"model": "requests_app.material", "pk": 21, "fields": {"name": "Доводчик дверной 100 кг", "unit": "шт.", "default_price": "1600.00", "quantity_in_stock": "4.000"}}, {"model": "requests_app.material", "pk": 22, "fields": {"name": "Ходовой ролик для шкафа купе", "unit": "шт.", "default_price": "36.00", "quantity_in_stock": "20.000"}}, {"model": "requests_app.material", "pk": 23, "fields": {"name": "Круг отрезной по металлу", "unit": "шт.", "default_price": "30.00", "quantity_in_stock": "50.000"}}, {"model": "requests_app.material", "pk": 24, "fields": {"name": "Анкер втулочный", "unit": "шт.", "default_price": "515.60", "quantity_in_stock": "60.000"}}, {"model": "requests_app.material", "pk": 25, "fields": {"name": "Лампа люминисцентная 18W/640", "unit": "шт.", "default_price": "53.00", "quantity_in_stock": "374.000"}}, {"model": "requests_app.material", "pk": 26, "fields": {"name": "Лампа светодиодная Е27 12Вт", "unit": "шт.", "default_price": "42.00", "quantity_in_stock": "96.000"}}, {"model": "requests_app.material", "pk": 27, "fields": {"name": "Стартер для люминисцентных ламп", "unit": "шт.", "default_price": "18.00", "quantity_in_stock": "292.000"}}, {"model": "requests_app.material", "pk": 28, "fields": {"name": "Светильник светодиодный 600х600", "unit": "шт.", "default_price": "761.64", "quantity_in_stock": "110.000"}}, {"model": "requests_app.usedmaterial", "pk": 4, "fields": {"request": 107, "material": 12, "name": "Гибкая подводка для смесителя", "quantity": "1.00", "unit": "пара", "price_per_unit": "150.00", "total_price": "150.00"}}, {"model": "requests_app.usedmaterial", "pk": 5, "fields": {"request": 107, "material": 12, "name": "Гибкая подводка для смесителя", "quantity": "1.00", "unit": "шт.", "price_per_unit": "150.00", "total_price": "150.00"}}, {"model": "requests_app.usedmaterial", "pk": 6, "fields": {"request": 69, "material": 28, "name": "Светильник светодиодный 600х600", "quantity": "1.00", "unit": "шт.", "price_per_unit": "761.64", "total_price": "761.64"}}, {"model": "requests_app.usedmaterial", "pk": 7, "fields": {"request": 133, "material": 28, "name": "Светильник светодиодный 600х600", "quantity": "2.00", "unit": "шт.", "price_per_unit": "761.64", "total_price": "1523.28"}}, {"model": "requests_app.usedmaterial", "pk": 8, "fields": {"request": 132, "material": 28, "name": "Светильник светодиодный 600х600", "quantity": "4.00", "unit": "шт.", "price_per_unit": "761.64", "total_price": "3046.56"}}, {"model": "requests_app.usedmaterial", "pk": 9, "fields": {"request": 149, "material": 28, "name": "Светильник светодиодный 600х600", "quantity": "2.00", "unit": "шт.", "price_per_unit": "761.64", "total_price": "1523.28"}}, {"model": "requests_app.usedmaterial", "pk": 10, "fields": {"request": 153, "material": 25, "name": "Лампа люминисцентная 18W/640", "quantity": "1.00", "unit": "шт.", "price_per_unit": "53.00", "total_price": "53.00"}}, {"model": "requests_app.usedmaterial", "pk": 12, "fields": {"request": 154, "material": 25, "name": "Лампа люминисцентная 18W/640", "quantity": "9.00", "unit": "шт.", "price_per_unit": "53.00", "total_price": "477.00"}}, {"model": "requests_app.usedmaterial", "pk": 13, "fields": {"request": 50, "material": 15, "name": "Смазка силиконовая", "quantity": "0.10", "unit": "шт.", "price_per_unit": "6.00", "total_price": "0.60"}}, {"model": "requests_app.usedmaterial", "pk": 14, "fields": {"request": 26, "material": 17, "name": "Электроды сварочные", "quantity": "11.00", "unit": "шт.", "price_per_unit": "3.68", "total_price": "40.48"}}, {"model": "requests_app.usedmaterial", "pk": 15, "fields": {"request": 75, "material": 15, "name": "Смазка силиконовая", "quantity": "0.10", "unit": "шт.", "price_per_unit": "6.00", "total_price": "0.60"}}, {"model": "requests_app.usedmaterial", "pk": 16, "fields": {"request": 168, "material": 12, "name": "Гибкая подводка для смесителя", "quantity": "1.00", "unit": "пара", "price_per_unit": "150.00", "total_price": "150.00"}}, {"model": "requests_app.usedmaterial", "pk": 17, "fields": {"request": 178, "material": 12, "name": "Гибкая подводка для смесителя", "quantity": "1.00", "unit": "пара", "price_per_unit": "150.00", "total_price": "150.00"}}, {"model": "requests_app.usedmaterial", "pk": 18, "fields": {"request": 187, "material": 25, "name": "Лампа люминисцентная 18W/640", "quantity": "4.00", "unit": "шт.", "price_per_unit": "53.00", "total_price": "212.00"}}, {"model": "requests_app.usedmaterial", "pk": 19, "fields": {"request": 187, "material": 27, "name": "Стартер для люминисцентных ламп", "quantity": "4.00", "unit": "шт.", "price_per_unit": "18.00", "total_price": "72.00"}}, {"model": "requests_app.usedmaterial", "pk": 22, "fields": {"request": 199, "material": 12, "name": "Гибкая подводка для смесителя", "quantity": "1.00", "unit": "пара", "price_per_unit": "150.00", "total_price": "150.00"}}, {"model": "requests_app.usedmaterial", "pk": 23, "fields": {"request": 197, "material": 12, "name": "Гибкая подводка для смесителя", "quantity": "1.00", "unit": "пара", "price_per_unit": "150.00", "total_price": "150.00"}}, {"model": "requests_app.usedmaterial", "pk": 24, "fields": {"request": 190, "material": 12, "name": "Гибкая подводка для смесителя", "quantity": "1.00", "unit": "пара", "price_per_unit": "150.00", "total_price": "150.00"}}, {"model": "requests_app.usedmaterial", "pk": 25, "fields": {"request": 106, "material": 12, "name": "Гибкая подводка для смесителя", "quantity": "1.00", "unit": "пара", "price_per_unit": "150.00", "total_price": "150.00"}}, {"model": "requests_app.usedmaterial", "pk": 26, "fields": {"request": 202, "material": 28, "name": "Светильник светодиодный 600х600", "quantity": "1.00", "unit": "шт.", "price_per_unit": "761.64", "total_price": "761.64"}}, {"model": "requests_app.usedmaterial", "pk": 27, "fields": {"request": 203, "material": 25, "name": "Лампа люминисцентная 18W/640", "quantity": "4.00", "unit": "шт.", "price_per_unit": "53.00", "total_price": "212.00"}}, {"model": "requests_app.usedmaterial", "pk": 28, "fields": {"request": 203, "material": 27, "name": "Стартер для люминисцентных ламп", "quantity": "4.00", "unit": "шт.", "price_per_unit": "18.00", "total_price": "72.00"}}, {"model": "requests_app.usedmaterial", "pk": 29, "fields": {"request": 205, "material": 26, "name": "Лампа светодиодная Е27 12Вт", "quantity": "2.00", "unit": "шт.", "price_per_unit": "42.00", "total_price": "84.00"}}, {"model": "requests_app.usedmaterial", "pk": 31, "fields": {"request": 218, "material": 12, "name": "Гибкая подводка для смесителя", "quantity": "1.00", "unit": "пара", "price_per_unit": "150.00", "total_price": "150.00"}}, {"model": "requests_app.usedmaterial", "pk": 32, "fields": {"request": 214, "material": 17, "name": "Электроды сварочные", "quantity": "4.00", "unit": "шт.", "price_per_unit": "3.68", "total_price": "14.72"}}, {"model": "requests_app.requesthistory", "pk": 1, "fields": {"request": 168, "user": ["bikov"], "action": "Заявка отредактирована", "old_value": null, "new_value": null, "created_at": "2026-05-04T19:11:30.707Z"}}, {"model": "requests_app.requesthistory", "pk": 2, "fields": {"request": 168, "user": ["bikov"], "action": "Заявка отредактирована", "old_value": null, "new_value": null, "created_at": "2026-05-04T19:19:23.588Z"}}, {"model": "requests_app.requesthistory", "pk": 3, "fields": {"request": 168, "user": ["bikov"], "action": "Заявка отредактирована", "old_value": null, "new_value": null, "created_at": "2026-05-04T19:27:25.407Z"}}, {"model": "requests_app.requesthistory", "pk": 4, "fields": {"request": 168, "user": ["bikov"], "action": "Заявка отредактирована", "old_value": null, "new_value": null, "created_at": "2026-05-04T19:35:40.216Z"}}, {"model": "requests_app.requesthistory", "pk": 5, "fields": {"request": 168, "user": ["bikov"], "action": "Заявка отредактирована", "old_value": null, "new_value": null, "created_at": "2026-05-04T19:38:17.045Z"}}, {"model": "requests_app.requesthistory", "pk": 6, "fields": {"request": 168, "user": ["bikov"], "action": "Заявка отредактирована", "old_value": null, "new_value": null, "created_at": "2026-05-04T19:38:34.500Z"}}, {"model": "requests_app.requesthistory", "pk": 7, "fields": {"request": 168, "user": ["bikov"], "action": "Заявка отредактирована", "old_value": null, "new_value": null, "created_at": "2026-05-04T19:39:29.971Z"}}, {"model": "requests_app.requesthistory", "pk": 8, "fields": {"request": 168, "user": ["bikov"], "action": "Заявка отредактирована", "old_value": null, "new_value": null, "created_at": "2026-05-04T19:43:52.801Z"}}, {"model": "requests_app.requesthistory", "pk": 9, "fields": {"request": 168, "user": ["bikov"], "action": "Заявка отредактирована", "old_value": null, "new_value": null, "created_at": "2026-05-04T19:45:00.541Z"}}, {"model": "requests_app.requesthistory", "pk": 10, "fields": {"request": 168, "user": ["bikov"], "action": "Заявка отредактирована", "old_value": null, "new_value": null, "created_at": "2026-05-04T19:46:58.429Z"}}, {"model": "requests_app.requesthistory", "pk": 11, "fields": {"request": 169, "user": ["viktoriya"], "action": "Создана заявка №ЗЯ-000169", "old_value": null, "new_value": null, "created_at": "2026-05-05T11:29:46.547Z"}}, {"model": "requests_app.requesthistory", "pk": 12, "fields": {"request": 169, "user": ["viktoriya"], "action": "Назначен исполнитель: Александр Пеньков", "old_value": null, "new_value": null, "created_at": "2026-05-05T11:30:12.727Z"}}, {"model": "requests_app.requesthistory", "pk": 13, "fields": {"request": 169, "user": ["viktoriya"], "action": "Заявка отмечена как выполненная", "old_value": null, "new_value": null, "created_at": "2026-05-05T11:30:20.515Z"}}, {"model": "requests_app.requesthistory", "pk": 14, "fields": {"request": 170, "user": ["viktoriya"], "action": "Создана заявка №ЗЯ-000170", "old_value": null, "new_value": null, "created_at": "2026-05-05T11:31:25.601Z"}}, {"model": "requests_app.requesthistory", "pk": 15, "fields": {"request": 170, "user": ["viktoriya"], "action": "Назначен исполнитель: Александр Пеньков", "old_value": null, "new_value": null, "created_at": "2026-05-05T11:31:34.333Z"}}, {"model": "requests_app.requesthistory", "pk": 16, "fields": {"request": 171, "user": ["viktoriya"], "action": "Создана заявка №ЗЯ-000171", "old_value": null, "new_value": null, "created_at": "2026-05-05T11:32:16.651Z"}}, {"model": "requests_app.requesthistory", "pk": 17, "fields": {"request": 171, "user": ["viktoriya"], "action": "Назначен исполнитель: Александр Пеньков", "old_value": null, "new_value": null, "created_at": "2026-05-05T11:32:26.541Z"}}, {"model": "requests_app.requesthistory", "pk": 18, "fields": {"request": 170, "user": ["viktoriya"], "action": "Заявка отмечена как выполненная", "old_value": null, "new_value": null, "created_at": "2026-05-05T11:32:42.258Z"}}, {"model": "requests_app.requesthistory", "pk": 19, "fields": {"request": 171, "user": ["viktoriya"], "action": "Заявка отмечена как выполненная", "old_value": null, "new_value": null, "created_at": "2026-05-05T11:32:45.661Z"}}, {"model": "requests_app.requesthistory", "pk": 20, "fields": {"request": 172, "user": ["viktoriya"], "action": "Создана заявка №ЗЯ-000172", "old_value": null, "new_value": null, "created_at": "2026-05-05T11:33:52.188Z"}}, {"model": "requests_app.requesthistory", "pk": 21, "fields": {"request": 172, "user": ["viktoriya"], "action": "Назначен исполнитель: Александр Пеньков", "old_value": null, "new_value": null, "created_at": "2026-05-05T11:34:00.830Z"}}, {"model": "requests_app.requesthistory", "pk": 22, "fields": {"request": 169, "user": ["viktoriya"], "action": "Заявка отредактирована", "old_value": null, "new_value": null, "created_at": "2026-05-05T13:19:37.407Z"}}, {"model": "requests_app.requesthistory", "pk": 23, "fields": {"request": 171, "user": ["viktoriya"], "action": "Заявка отредактирована", "old_value": null, "new_value": null, "created_at": "2026-05-05T13:20:20.323Z"}}, {"model": "requests_app.requesthistory", "pk": 24, "fields": {"request": 170, "user": ["viktoriya"], "action": "Заявка отредактирована", "old_value": null, "new_value": null, "created_at": "2026-05-05T13:20:56.147Z"}}, {"model": "requests_app.requesthistory", "pk": 25, "fields": {"request": 172, "user": ["viktoriya"], "action": "Заявка отредактирована", "old_value": null, "new_value": null, "created_at": "2026-05-05T13:23:44.959Z"}}, {"model": "requests_app.requesthistory", "pk": 26, "fields": {"request": 172, "user": ["viktoriya"], "action": "Заявка отмечена как выполненная", "old_value": null, "new_value": null, "created_at": "2026-05-05T13:24:53.731Z"}}, {"model": "requests_app.requesthistory", "pk": 27, "fields": {"request": 173, "user": ["viktoriya"], "action": "Создана заявка №ЗЯ-000173", "old_value": null, "new_value": null, "created_at": "2026-05-05T14:14:40.581Z"}}, {"model": "requests_app.requesthistory", "pk": 28, "fields": {"request": 173, "user": ["viktoriya"], "action": "Назначен исполнитель: Александр Пеньков", "old_value": null, "new_value": null, "created_at": "2026-05-05T14:14:48.172Z"}}, {"model": "requests_app.requesthistory", "pk": 29, "fields": {"request": 173, "user": ["viktoriya"], "action": "Заявка отмечена как выполненная", "old_value": null, "new_value": null, "created_at": "2026-05-05T14:14:52.339Z"}}, {"model": "requests_app.requesthistory", "pk": 30, "fields": {"request": 174, "user": ["viktoriya"], "action": "Создана заявка №ЗЯ-000174", "old_value": null, "new_value": null, "created_at": "2026-05-05T15:09:19.792Z"}}, {"model": "requests_app.requesthistory", "pk": 31, "fields": {"request": 174, "user": ["viktoriya"], "action": "Назначен исполнитель: Виктор Прохоров", "old_value": null, "new_value": null, "created_at": "2026-05-05T15:09:28.667Z"}}, {"model": "requests_app.requesthistory", "pk": 32, "fields": {"request": 174, "user": ["viktoriya"], "action": "Заявка отмечена как выполненная", "old_value": null, "new_value": null, "created_at": "2026-05-05T15:09:33.695Z"}}, {"model": "requests_app.requesthistory", "pk": 33, "fields": {"request": 175, "user": ["viktoriya"], "action": "Создана заявка №ЗЯ-000175", "old_value": null, "new_value": null, "created_at": "2026-05-05T15:10:23.446Z"}}, {"model": "requests_app.requesthistory", "pk": 34, "fields": {"request": 175, "user": ["viktoriya"], "action": "Назначен исполнитель: Дмитрий Гришин", "old_value": null, "new_value": null, "created_at": "2026-05-05T15:10:32.934Z"}}, {"model": "requests_app.requesthistory", "pk": 35, "fields": {"request": 175, "user": ["viktoriya"], "action": "Заявка отмечена как выполненная", "old_value": null, "new_value": null, "created_at": "2026-05-05T15:10:36.680Z"}}, {"model": "requests_app.requesthistory", "pk": 36, "fields": {"request": 176, "user": ["viktoriya"], "action": "Создана заявка №ЗЯ-000176", "old_value": null, "new_value": null, "created_at": "2026-05-05T15:12:25.873Z"}}, {"model": "requests_app.requesthistory", "pk": 37, "fields": {"request": 176, "user": ["viktoriya"], "action": "Назначен исполнитель: Дмитрий Гришин", "old_value": null, "new_value": null, "created_at": "2026-05-05T15:12:41.179Z"}}, {"model": "requests_app.requesthistory", "pk": 38, "fields": {"request": 176, "user": ["viktoriya"], "action": "Заявка отмечена как выполненная", "old_value": null, "new_value": null, "created_at": "2026-05-05T15:13:04.552Z"}}, {"model": "requests_app.requesthistory", "pk": 39, "fields": {"request": 161, "user": ["viktoriya"], "action": "Заявка отредактирована", "old_value": null, "new_value": null, "created_at": "2026-05-05T15:30:07.189Z"}}, {"model": "requests_app.requesthistory", "pk": 40, "fields": {"request": 176, "user": ["bikov"], "action": "Назначен исполнитель: Геннадий Ермилов", "old_value": null, "new_value": null, "created_at": "2026-05-05T18:48:56.985Z"}}, {"model": "requests_app.requesthistory", "pk": 41, "fields": {"request": 175, "user": ["bikov"], "action": "Заявка возобновлена", "old_value": null, "new_value": null, "created_at": "2026-05-05T19:19:00.416Z"}}, {"model": "requests_app.requesthistory", "pk": 42, "fields": {"request": 175, "user": ["bikov"], "action": "Добавлен исполнитель: Виктор Прохоров", "old_value": null, "new_value": null, "created_at": "2026-05-05T19:19:08.832Z"}}, {"model": "requests_app.requesthistory", "pk": 43, "fields": {"request": 175, "user": ["bikov"], "action": "Добавлен исполнитель: Александр Пеньков", "old_value": null, "new_value": null, "created_at": "2026-05-05T19:20:12.758Z"}}, {"model": "requests_app.requesthistory", "pk": 44, "fields": {"request": 175, "user": ["viktoriya"], "action": "Заявка отмечена как выполненная", "old_value": null, "new_value": null, "created_at": "2026-05-06T05:28:01.506Z"}}, {"model": "requests_app.requesthistory", "pk": 45, "fields": {"request": 177, "user": ["viktoriya"], "action": "Назначен исполнитель: Александр Пеньков", "old_value": null, "new_value": null, "created_at": "2026-05-06T05:30:54.735Z"}}, {"model": "requests_app.requesthistory", "pk": 46, "fields": {"request": 177, "user": ["viktoriya"], "action": "Заявка отмечена как выполненная", "old_value": null, "new_value": null, "created_at": "2026-05-06T05:30:58.709Z"}}, {"model": "requests_app.requesthistory", "pk": 47, "fields": {"request": 178, "user": ["viktoriya"], "action": "Назначен исполнитель: Александр Пеньков", "old_value": null, "new_value": null, "created_at": "2026-05-06T05:32:50.273Z"}}, {"model": "requests_app.requesthistory", "pk": 48, "fields": {"request": 178, "user": ["viktoriya"], "action": "Заявка отмечена как выполненная", "old_value": null, "new_value": null, "created_at": "2026-05-06T05:32:57.144Z"}}, {"model": "requests_app.requesthistory", "pk": 49, "fields": {"request": 178, "user": ["viktoriya"], "action": "Заявка закрыта (с материалами)", "old_value": null, "new_value": null, "created_at": "2026-05-06T05:33:43.969Z"}}, {"model": "requests_app.requesthistory", "pk": 50, "fields": {"request": 179, "user": ["viktoriya"], "action": "Заявка отмечена как выполненная", "old_value": null, "new_value": null, "created_at": "2026-05-06T05:35:10.954Z"}}, {"model": "requests_app.requesthistory", "pk": 51, "fields": {"request": 179, "user": ["viktoriya"], "action": "Назначен исполнитель: Александр Пеньков", "old_value": null, "new_value": null, "created_at": "2026-05-06T05:35:15.664Z"}}, {"model": "requests_app.requesthistory", "pk": 52, "fields": {"request": 176, "user": ["viktoriya"], "action": "Заявка возобновлена", "old_value": null, "new_value": null, "created_at": "2026-05-06T06:17:46.951Z"}}, {"model": "requests_app.requesthistory", "pk": 53, "fields": {"request": 176, "user": ["viktoriya"], "action": "Назначен исполнитель: Виктор Прохоров", "old_value": null, "new_value": null, "created_at": "2026-05-06T06:18:02.484Z"}}, {"model": "requests_app.requesthistory", "pk": 54, "fields": {"request": 176, "user": ["viktoriya"], "action": "Добавлен исполнитель: Дмитрий Гришин", "old_value": null, "new_value": null, "created_at": "2026-05-06T06:18:16.364Z"}}, {"model": "requests_app.requesthistory", "pk": 55, "fields": {"request": 176, "user": ["viktoriya"], "action": "Заявка отмечена как выполненная", "old_value": null, "new_value": null, "created_at": "2026-05-06T06:20:56.647Z"}}, {"model": "requests_app.requesthistory", "pk": 56, "fields": {"request": 176, "user": ["viktoriya"], "action": "Заявка возобновлена", "old_value": null, "new_value": null, "created_at": "2026-05-06T06:26:41.313Z"}}, {"model": "requests_app.requesthistory", "pk": 57, "fields": {"request": 176, "user": ["viktoriya"], "action": "Заявка отмечена как выполненная", "old_value": null, "new_value": null, "created_at": "2026-05-06T06:27:05.517Z"}}, {"model": "requests_app.requesthistory", "pk": 58, "fields": {"request": 181, "user": ["viktoriya"], "action": "Назначен исполнитель: Виктор Прохоров", "old_value": null, "new_value": null, "created_at": "2026-05-06T08:00:29.620Z"}}, {"model": "requests_app.requesthistory", "pk": 59, "fields": {"request": 181, "user": ["viktoriya"], "action": "Заявка отмечена как выполненная", "old_value": null, "new_value": null, "created_at": "2026-05-06T08:00:34.403Z"}}, {"model": "requests_app.requesthistory", "pk": 60, "fields": {"request": 180, "user": ["viktoriya"], "action": "Назначен исполнитель: Дмитрий Гришин", "old_value": null, "new_value": null, "created_at": "2026-05-06T08:04:02.863Z"}}, {"model": "requests_app.requesthistory", "pk": 61, "fields": {"request": 180, "user": ["viktoriya"], "action": "Назначен исполнитель: Виктор Прохоров", "old_value": null, "new_value": null, "created_at": "2026-05-06T08:56:27.754Z"}}, {"model": "requests_app.requesthistory", "pk": 62, "fields": {"request": 180, "user": ["viktoriya"], "action": "Заявка отмечена как выполненная", "old_value": null, "new_value": null, "created_at": "2026-05-06T08:57:33.762Z"}}, {"model": "requests_app.requesthistory", "pk": 63, "fields": {"request": 64, "user": ["viktoriya"], "action": "Заявка закрыта (без материалов)", "old_value": null, "new_value": null, "created_at": "2026-05-06T11:04:44.186Z"}}, {"model": "requests_app.requesthistory", "pk": 64, "fields": {"request": 181, "user": ["viktoriya"], "action": "Заявка закрыта (без материалов)", "old_value": null, "new_value": null, "created_at": "2026-05-06T11:06:12.368Z"}}, {"model": "requests_app.requesthistory", "pk": 65, "fields": {"request": 180, "user": ["viktoriya"], "action": "Заявка закрыта (без материалов)", "old_value": null, "new_value": null, "created_at": "2026-05-06T11:06:23.757Z"}}, {"model": "requests_app.requesthistory", "pk": 66, "fields": {"request": 179, "user": ["viktoriya"], "action": "Заявка закрыта (без материалов)", "old_value": null, "new_value": null, "created_at": "2026-05-06T11:06:30.520Z"}}, {"model": "requests_app.requesthistory", "pk": 67, "fields": {"request": 177, "user": ["viktoriya"], "action": "Заявка закрыта (без материалов)", "old_value": null, "new_value": null, "created_at": "2026-05-06T11:06:39.121Z"}}, {"model": "requests_app.requesthistory", "pk": 68, "fields": {"request": 176, "user": ["viktoriya"], "action": "Заявка закрыта (без материалов)", "old_value": null, "new_value": null, "created_at": "2026-05-06T11:06:51.150Z"}}, {"model": "requests_app.requesthistory", "pk": 69, "fields": {"request": 175, "user": ["viktoriya"], "action": "Заявка закрыта (без материалов)", "old_value": null, "new_value": null, "created_at": "2026-05-06T11:07:01.360Z"}}, {"model": "requests_app.requesthistory", "pk": 70, "fields": {"request": 174, "user": ["viktoriya"], "action": "Заявка закрыта (без материалов)", "old_value": null, "new_value": null, "created_at": "2026-05-06T11:07:17.380Z"}}, {"model": "requests_app.requesthistory", "pk": 71, "fields": {"request": 173, "user": ["viktoriya"], "action": "Заявка закрыта (без материалов)", "old_value": null, "new_value": null, "created_at": "2026-05-06T11:07:25.141Z"}}, {"model": "requests_app.requesthistory", "pk": 72, "fields": {"request": 172, "user": ["viktoriya"], "action": "Заявка закрыта (без материалов)", "old_value": null, "new_value": null, "created_at": "2026-05-06T11:15:43.851Z"}}, {"model": "requests_app.requesthistory", "pk": 73, "fields": {"request": 171, "user": ["viktoriya"], "action": "Заявка закрыта (без материалов)", "old_value": null, "new_value": null, "created_at": "2026-05-06T11:15:55.624Z"}}, {"model": "requests_app.requesthistory", "pk": 74, "fields": {"request": 170, "user": ["viktoriya"], "action": "Заявка закрыта (без материалов)", "old_value": null, "new_value": null, "created_at": "2026-05-06T11:16:03.267Z"}}, {"model": "requests_app.requesthistory", "pk": 75, "fields": {"request": 169, "user": ["viktoriya"], "action": "Заявка закрыта (без материалов)", "old_value": null, "new_value": null, "created_at": "2026-05-06T11:16:10.699Z"}}, {"model": "requests_app.requesthistory", "pk": 76, "fields": {"request": 167, "user": ["viktoriya"], "action": "Заявка закрыта (без материалов)", "old_value": null, "new_value": null, "created_at": "2026-05-06T11:16:20.433Z"}}, {"model": "requests_app.requesthistory", "pk": 77, "fields": {"request": 166, "user": ["viktoriya"], "action": "Заявка закрыта (без материалов)", "old_value": null, "new_value": null, "created_at": "2026-05-06T11:16:31.708Z"}}, {"model": "requests_app.requesthistory", "pk": 78, "fields": {"request": 165, "user": ["viktoriya"], "action": "Заявка закрыта (без материалов)", "old_value": null, "new_value": null, "created_at": "2026-05-06T11:16:44.149Z"}}, {"model": "requests_app.requesthistory", "pk": 79, "fields": {"request": 164, "user": ["viktoriya"], "action": "Заявка закрыта (без материалов)", "old_value": null, "new_value": null, "created_at": "2026-05-06T11:16:53.651Z"}}, {"model": "requests_app.requesthistory", "pk": 80, "fields": {"request": 163, "user": ["viktoriya"], "action": "Заявка закрыта (без материалов)", "old_value": null, "new_value": null, "created_at": "2026-05-06T11:17:02.918Z"}}, {"model": "requests_app.requesthistory", "pk": 81, "fields": {"request": 162, "user": ["viktoriya"], "action": "Заявка закрыта (без материалов)", "old_value": null, "new_value": null, "created_at": "2026-05-06T11:17:21.319Z"}}, {"model": "requests_app.requesthistory", "pk": 82, "fields": {"request": 161, "user": ["viktoriya"], "action": "Заявка закрыта (без материалов)", "old_value": null, "new_value": null, "created_at": "2026-05-06T11:17:30.312Z"}}, {"model": "requests_app.requesthistory", "pk": 83, "fields": {"request": 160, "user": ["viktoriya"], "action": "Заявка закрыта (без материалов)", "old_value": null, "new_value": null, "created_at": "2026-05-06T11:17:39.005Z"}}, {"model": "requests_app.requesthistory", "pk": 84, "fields": {"request": 158, "user": ["viktoriya"], "action": "Заявка закрыта (без материалов)", "old_value": null, "new_value": null, "created_at": "2026-05-06T11:17:50.604Z"}}, {"model": "requests_app.requesthistory", "pk": 85, "fields": {"request": 157, "user": ["viktoriya"], "action": "Заявка закрыта (без материалов)", "old_value": null, "new_value": null, "created_at": "2026-05-06T11:18:04.419Z"}}, {"model": "requests_app.requesthistory", "pk": 86, "fields": {"request": 156, "user": ["viktoriya"], "action": "Заявка закрыта (без материалов)", "old_value": null, "new_value": null, "created_at": "2026-05-06T11:18:17.571Z"}}, {"model": "requests_app.requesthistory", "pk": 87, "fields": {"request": 155, "user": ["viktoriya"], "action": "Заявка закрыта (без материалов)", "old_value": null, "new_value": null, "created_at": "2026-05-06T11:18:41.339Z"}}, {"model": "requests_app.requesthistory", "pk": 88, "fields": {"request": 152, "user": ["viktoriya"], "action": "Заявка закрыта (без материалов)", "old_value": null, "new_value": null, "created_at": "2026-05-06T11:18:55.282Z"}}, {"model": "requests_app.requesthistory", "pk": 89, "fields": {"request": 151, "user": ["viktoriya"], "action": "Заявка закрыта (без материалов)", "old_value": null, "new_value": null, "created_at": "2026-05-06T11:19:06.331Z"}}, {"model": "requests_app.requesthistory", "pk": 90, "fields": {"request": 150, "user": ["viktoriya"], "action": "Заявка закрыта (без материалов)", "old_value": null, "new_value": null, "created_at": "2026-05-06T11:20:28.366Z"}}, {"model": "requests_app.requesthistory", "pk": 91, "fields": {"request": 148, "user": ["viktoriya"], "action": "Заявка закрыта (без материалов)", "old_value": null, "new_value": null, "created_at": "2026-05-06T11:20:36.679Z"}}, {"model": "requests_app.requesthistory", "pk": 92, "fields": {"request": 124, "user": ["viktoriya"], "action": "Заявка закрыта (без материалов)", "old_value": null, "new_value": null, "created_at": "2026-05-06T11:20:52.535Z"}}, {"model": "requests_app.requesthistory", "pk": 93, "fields": {"request": 123, "user": ["viktoriya"], "action": "Заявка закрыта (без материалов)", "old_value": null, "new_value": null, "created_at": "2026-05-06T11:21:38.349Z"}}, {"model": "requests_app.requesthistory", "pk": 94, "fields": {"request": 122, "user": ["viktoriya"], "action": "Заявка закрыта (без материалов)", "old_value": null, "new_value": null, "created_at": "2026-05-06T11:21:48.460Z"}}, {"model": "requests_app.requesthistory", "pk": 95, "fields": {"request": 121, "user": ["viktoriya"], "action": "Заявка закрыта (без материалов)", "old_value": null, "new_value": null, "created_at": "2026-05-06T11:21:56.385Z"}}, {"model": "requests_app.requesthistory", "pk": 96, "fields": {"request": 120, "user": ["viktoriya"], "action": "Заявка закрыта (без материалов)", "old_value": null, "new_value": null, "created_at": "2026-05-06T11:22:04.510Z"}}, {"model": "requests_app.requesthistory", "pk": 97, "fields": {"request": 119, "user": ["viktoriya"], "action": "Заявка закрыта (без материалов)", "old_value": null, "new_value": null, "created_at": "2026-05-06T11:22:13.276Z"}}, {"model": "requests_app.requesthistory", "pk": 98, "fields": {"request": 118, "user": ["viktoriya"], "action": "Заявка закрыта (без материалов)", "old_value": null, "new_value": null, "created_at": "2026-05-06T11:22:32.887Z"}}, {"model": "requests_app.requesthistory", "pk": 99, "fields": {"request": 117, "user": ["viktoriya"], "action": "Заявка закрыта (без материалов)", "old_value": null, "new_value": null, "created_at": "2026-05-06T11:22:54.750Z"}}, {"model": "requests_app.requesthistory", "pk": 100, "fields": {"request": 116, "user": ["viktoriya"], "action": "Заявка закрыта (без материалов)", "old_value": null, "new_value": null, "created_at": "2026-05-06T11:23:27.619Z"}}, {"model": "requests_app.requesthistory", "pk": 101, "fields": {"request": 115, "user": ["viktoriya"], "action": "Заявка закрыта (без материалов)", "old_value": null, "new_value": null, "created_at": "2026-05-06T11:23:36.636Z"}}, {"model": "requests_app.requesthistory", "pk": 102, "fields": {"request": 114, "user": ["viktoriya"], "action": "Заявка закрыта (без материалов)", "old_value": null, "new_value": null, "created_at": "2026-05-06T11:23:50.325Z"}}, {"model": "requests_app.requesthistory", "pk": 103, "fields": {"request": 113, "user": ["viktoriya"], "action": "Заявка закрыта (без материалов)", "old_value": null, "new_value": null, "created_at": "2026-05-06T11:24:07.083Z"}}, {"model": "requests_app.requesthistory", "pk": 104, "fields": {"request": 112, "user": ["viktoriya"], "action": "Заявка закрыта (без материалов)", "old_value": null, "new_value": null, "created_at": "2026-05-06T11:24:20.080Z"}}, {"model": "requests_app.requesthistory", "pk": 105, "fields": {"request": 111, "user": ["viktoriya"], "action": "Заявка закрыта (без материалов)", "old_value": null, "new_value": null, "created_at": "2026-05-06T11:24:58.545Z"}}, {"model": "requests_app.requesthistory", "pk": 106, "fields": {"request": 110, "user": ["viktoriya"], "action": "Заявка закрыта (без материалов)", "old_value": null, "new_value": null, "created_at": "2026-05-06T11:25:09.893Z"}}, {"model": "requests_app.requesthistory", "pk": 107, "fields": {"request": 109, "user": ["viktoriya"], "action": "Заявка закрыта (без материалов)", "old_value": null, "new_value": null, "created_at": "2026-05-06T11:25:29.744Z"}}, {"model": "requests_app.requesthistory", "pk": 108, "fields": {"request": 108, "user": ["viktoriya"], "action": "Заявка закрыта (без материалов)", "old_value": null, "new_value": null, "created_at": "2026-05-06T11:25:42.065Z"}}, {"model": "requests_app.requesthistory", "pk": 109, "fields": {"request": 105, "user": ["viktoriya"], "action": "Заявка закрыта (без материалов)", "old_value": null, "new_value": null, "created_at": "2026-05-06T11:28:33.995Z"}}, {"model": "requests_app.requesthistory", "pk": 110, "fields": {"request": 104, "user": ["viktoriya"], "action": "Заявка закрыта (без материалов)", "old_value": null, "new_value": null, "created_at": "2026-05-06T11:28:52.583Z"}}, {"model": "requests_app.requesthistory", "pk": 111, "fields": {"request": 101, "user": ["viktoriya"], "action": "Заявка закрыта (без материалов)", "old_value": null, "new_value": null, "created_at": "2026-05-06T11:29:08.892Z"}}, {"model": "requests_app.requesthistory", "pk": 112, "fields": {"request": 100, "user": ["viktoriya"], "action": "Заявка закрыта (без материалов)", "old_value": null, "new_value": null, "created_at": "2026-05-06T11:29:25.640Z"}}, {"model": "requests_app.requesthistory", "pk": 113, "fields": {"request": 99, "user": ["viktoriya"], "action": "Заявка закрыта (без материалов)", "old_value": null, "new_value": null, "created_at": "2026-05-06T11:29:42.915Z"}}, {"model": "requests_app.requesthistory", "pk": 114, "fields": {"request": 98, "user": ["viktoriya"], "action": "Заявка закрыта (без материалов)", "old_value": null, "new_value": null, "created_at": "2026-05-06T11:30:07.383Z"}}, {"model": "requests_app.requesthistory", "pk": 115, "fields": {"request": 97, "user": ["viktoriya"], "action": "Заявка закрыта (без материалов)", "old_value": null, "new_value": null, "created_at": "2026-05-06T11:30:40.886Z"}}, {"model": "requests_app.requesthistory", "pk": 116, "fields": {"request": 96, "user": ["viktoriya"], "action": "Заявка закрыта (без материалов)", "old_value": null, "new_value": null, "created_at": "2026-05-06T11:30:55.184Z"}}, {"model": "requests_app.requesthistory", "pk": 117, "fields": {"request": 95, "user": ["viktoriya"], "action": "Заявка закрыта (без материалов)", "old_value": null, "new_value": null, "created_at": "2026-05-06T11:31:11.711Z"}}, {"model": "requests_app.requesthistory", "pk": 118, "fields": {"request": 94, "user": ["viktoriya"], "action": "Заявка закрыта (без материалов)", "old_value": null, "new_value": null, "created_at": "2026-05-06T11:32:08.314Z"}}, {"model": "requests_app.requesthistory", "pk": 119, "fields": {"request": 93, "user": ["viktoriya"], "action": "Заявка закрыта (без материалов)", "old_value": null, "new_value": null, "created_at": "2026-05-06T11:32:18.875Z"}}, {"model": "requests_app.requesthistory", "pk": 120, "fields": {"request": 92, "user": ["viktoriya"], "action": "Заявка закрыта (без материалов)", "old_value": null, "new_value": null, "created_at": "2026-05-06T11:32:34.337Z"}}, {"model": "requests_app.requesthistory", "pk": 121, "fields": {"request": 182, "user": ["viktoriya"], "action": "Назначен исполнитель: Дмитрий Гришин", "old_value": null, "new_value": null, "created_at": "2026-05-06T11:46:42.011Z"}}, {"model": "requests_app.requesthistory", "pk": 122, "fields": {"request": 182, "user": ["viktoriya"], "action": "Заявка отмечена как выполненная", "old_value": null, "new_value": null, "created_at": "2026-05-06T11:46:45.673Z"}}, {"model": "requests_app.requesthistory", "pk": 123, "fields": {"request": 182, "user": ["viktoriya"], "action": "Заявка закрыта (без материалов)", "old_value": null, "new_value": null, "created_at": "2026-05-06T11:46:52.113Z"}}, {"model": "requests_app.requesthistory", "pk": 124, "fields": {"request": 183, "user": ["viktoriya"], "action": "Назначен исполнитель: Виктор Прохоров", "old_value": null, "new_value": null, "created_at": "2026-05-06T15:01:21.722Z"}}, {"model": "requests_app.requesthistory", "pk": 125, "fields": {"request": 183, "user": ["viktoriya"], "action": "Добавлен исполнитель: Дмитрий Гришин", "old_value": null, "new_value": null, "created_at": "2026-05-06T15:01:51.634Z"}}, {"model": "requests_app.requesthistory", "pk": 126, "fields": {"request": 183, "user": ["viktoriya"], "action": "Заявка отмечена как выполненная", "old_value": null, "new_value": null, "created_at": "2026-05-06T15:02:01.594Z"}}, {"model": "requests_app.requesthistory", "pk": 127, "fields": {"request": 183, "user": ["viktoriya"], "action": "Заявка закрыта (без материалов)", "old_value": null, "new_value": null, "created_at": "2026-05-06T15:02:08.146Z"}}, {"model": "requests_app.requesthistory", "pk": 128, "fields": {"request": 184, "user": ["viktoriya"], "action": "Назначен исполнитель: Павел Палейчук", "old_value": null, "new_value": null, "created_at": "2026-05-07T08:21:55.255Z"}}, {"model": "requests_app.requesthistory", "pk": 129, "fields": {"request": 184, "user": ["viktoriya"], "action": "Заявка отмечена как выполненная", "old_value": null, "new_value": null, "created_at": "2026-05-07T08:22:03.401Z"}}, {"model": "requests_app.requesthistory", "pk": 130, "fields": {"request": 184, "user": ["viktoriya"], "action": "Заявка закрыта (без материалов)", "old_value": null, "new_value": null, "created_at": "2026-05-07T08:26:49.296Z"}}, {"model": "requests_app.requesthistory", "pk": 131, "fields": {"request": 185, "user": ["viktoriya"], "action": "Назначен исполнитель: Павел Палейчук", "old_value": null, "new_value": null, "created_at": "2026-05-07T08:27:59.381Z"}}, {"model": "requests_app.requesthistory", "pk": 132, "fields": {"request": 185, "user": ["viktoriya"], "action": "Заявка отмечена как выполненная", "old_value": null, "new_value": null, "created_at": "2026-05-07T08:28:18.234Z"}}, {"model": "requests_app.requesthistory", "pk": 133, "fields": {"request": 185, "user": ["viktoriya"], "action": "Заявка закрыта (без материалов)", "old_value": null, "new_value": null, "created_at": "2026-05-07T08:28:28.613Z"}}, {"model": "requests_app.requesthistory", "pk": 134, "fields": {"request": 186, "user": ["viktoriya"], "action": "Назначен исполнитель: Павел Палейчук", "old_value": null, "new_value": null, "created_at": "2026-05-07T08:47:19.566Z"}}, {"model": "requests_app.requesthistory", "pk": 135, "fields": {"request": 186, "user": ["viktoriya"], "action": "Заявка отмечена как выполненная", "old_value": null, "new_value": null, "created_at": "2026-05-07T08:47:22.428Z"}}, {"model": "requests_app.requesthistory", "pk": 136, "fields": {"request": 186, "user": ["viktoriya"], "action": "Заявка закрыта (без материалов)", "old_value": null, "new_value": null, "created_at": "2026-05-07T08:47:29.511Z"}}, {"model": "requests_app.requesthistory", "pk": 137, "fields": {"request": 187, "user": ["viktoriya"], "action": "Назначен исполнитель: Игорь Шарафутдинов", "old_value": null, "new_value": null, "created_at": "2026-05-07T08:49:38.857Z"}}, {"model": "requests_app.requesthistory", "pk": 138, "fields": {"request": 187, "user": ["viktoriya"], "action": "Заявка отмечена как выполненная", "old_value": null, "new_value": null, "created_at": "2026-05-07T08:49:43.185Z"}}, {"model": "requests_app.requesthistory", "pk": 139, "fields": {"request": 187, "user": ["viktoriya"], "action": "Заявка закрыта (с материалами)", "old_value": null, "new_value": null, "created_at": "2026-05-07T08:50:10.412Z"}}, {"model": "requests_app.requesthistory", "pk": 140, "fields": {"request": 188, "user": ["viktoriya"], "action": "Назначен исполнитель: Игорь Шарафутдинов", "old_value": null, "new_value": null, "created_at": "2026-05-07T08:53:53.304Z"}}, {"model": "requests_app.requesthistory", "pk": 141, "fields": {"request": 188, "user": ["viktoriya"], "action": "Заявка отмечена как выполненная", "old_value": null, "new_value": null, "created_at": "2026-05-07T08:53:57.391Z"}}, {"model": "requests_app.requesthistory", "pk": 142, "fields": {"request": 188, "user": ["viktoriya"], "action": "Заявка закрыта (без материалов)", "old_value": null, "new_value": null, "created_at": "2026-05-07T08:54:04.249Z"}}, {"model": "requests_app.requesthistory", "pk": 143, "fields": {"request": 189, "user": ["viktoriya"], "action": "Назначен исполнитель: Игорь Шарафутдинов", "old_value": null, "new_value": null, "created_at": "2026-05-07T08:54:48.814Z"}}, {"model": "requests_app.requesthistory", "pk": 144, "fields": {"request": 189, "user": ["viktoriya"], "action": "Заявка отмечена как выполненная", "old_value": null, "new_value": null, "created_at": "2026-05-07T08:54:58.350Z"}}, {"model": "requests_app.requesthistory", "pk": 145, "fields": {"request": 189, "user": ["viktoriya"], "action": "Заявка закрыта (без материалов)", "old_value": null, "new_value": null, "created_at": "2026-05-07T08:55:14.403Z"}}, {"model": "requests_app.requesthistory", "pk": 146, "fields": {"request": 190, "user": ["viktoriya"], "action": "Назначен исполнитель: Александр Пеньков", "old_value": null, "new_value": null, "created_at": "2026-05-07T08:59:37.722Z"}}, {"model": "requests_app.requesthistory", "pk": 147, "fields": {"request": 190, "user": ["viktoriya"], "action": "Заявка отмечена как выполненная", "old_value": null, "new_value": null, "created_at": "2026-05-07T08:59:41.562Z"}}, {"model": "requests_app.requesthistory", "pk": 148, "fields": {"request": 190, "user": ["viktoriya"], "action": "Заявка закрыта (с материалами)", "old_value": null, "new_value": null, "created_at": "2026-05-07T09:00:03.539Z"}}, {"model": "requests_app.requesthistory", "pk": 149, "fields": {"request": 191, "user": ["viktoriya"], "action": "Назначен исполнитель: Александр Пеньков", "old_value": null, "new_value": null, "created_at": "2026-05-07T09:07:41.677Z"}}, {"model": "requests_app.requesthistory", "pk": 150, "fields": {"request": 191, "user": ["viktoriya"], "action": "Заявка отмечена как выполненная", "old_value": null, "new_value": null, "created_at": "2026-05-07T09:07:50.858Z"}}, {"model": "requests_app.requesthistory", "pk": 151, "fields": {"request": 191, "user": ["viktoriya"], "action": "Заявка закрыта (без материалов)", "old_value": null, "new_value": null, "created_at": "2026-05-07T09:07:57.574Z"}}, {"model": "requests_app.requesthistory", "pk": 152, "fields": {"request": 192, "user": ["viktoriya"], "action": "Назначен исполнитель: Александр Пеньков", "old_value": null, "new_value": null, "created_at": "2026-05-07T09:12:21.109Z"}}, {"model": "requests_app.requesthistory", "pk": 153, "fields": {"request": 193, "user": ["viktoriya"], "action": "Добавлен исполнитель: Дмитрий Гришин", "old_value": null, "new_value": null, "created_at": "2026-05-07T09:14:40.497Z"}}, {"model": "requests_app.requesthistory", "pk": 154, "fields": {"request": 193, "user": ["viktoriya"], "action": "Добавлен исполнитель: Александр Пеньков", "old_value": null, "new_value": null, "created_at": "2026-05-07T09:15:00.826Z"}}, {"model": "requests_app.requesthistory", "pk": 155, "fields": {"request": 193, "user": ["viktoriya"], "action": "Назначен исполнитель: Виктор Прохоров", "old_value": null, "new_value": null, "created_at": "2026-05-07T09:15:14.376Z"}}, {"model": "requests_app.requesthistory", "pk": 156, "fields": {"request": 193, "user": ["viktoriya"], "action": "Заявка отмечена как выполненная", "old_value": null, "new_value": null, "created_at": "2026-05-07T09:15:18.546Z"}}, {"model": "requests_app.requesthistory", "pk": 157, "fields": {"request": 193, "user": ["viktoriya"], "action": "Заявка закрыта (без материалов)", "old_value": null, "new_value": null, "created_at": "2026-05-07T09:15:24.949Z"}}, {"model": "requests_app.requesthistory", "pk": 158, "fields": {"request": 194, "user": ["viktoriya"], "action": "Добавлен исполнитель: Виктор Прохоров", "old_value": null, "new_value": null, "created_at": "2026-05-07T09:17:22.338Z"}}, {"model": "requests_app.requesthistory", "pk": 159, "fields": {"request": 194, "user": ["viktoriya"], "action": "Назначен исполнитель: Дмитрий Гришин", "old_value": null, "new_value": null, "created_at": "2026-05-07T09:17:32.643Z"}}, {"model": "requests_app.requesthistory", "pk": 160, "fields": {"request": 195, "user": ["viktoriya"], "action": "Назначен исполнитель: Александр Пеньков", "old_value": null, "new_value": null, "created_at": "2026-05-07T12:14:59.494Z"}}, {"model": "requests_app.requesthistory", "pk": 161, "fields": {"request": 195, "user": ["viktoriya"], "action": "Заявка отмечена как выполненная", "old_value": null, "new_value": null, "created_at": "2026-05-07T12:15:02.926Z"}}, {"model": "requests_app.requesthistory", "pk": 162, "fields": {"request": 195, "user": ["viktoriya"], "action": "Заявка закрыта (без материалов)", "old_value": null, "new_value": null, "created_at": "2026-05-07T12:15:11.824Z"}}, {"model": "requests_app.requesthistory", "pk": 163, "fields": {"request": 196, "user": ["viktoriya"], "action": "Назначен исполнитель: Александр Пеньков", "old_value": null, "new_value": null, "created_at": "2026-05-07T13:44:37.646Z"}}, {"model": "requests_app.requesthistory", "pk": 164, "fields": {"request": 196, "user": ["viktoriya"], "action": "Заявка отмечена как выполненная", "old_value": null, "new_value": null, "created_at": "2026-05-07T13:44:41.249Z"}}, {"model": "requests_app.requesthistory", "pk": 165, "fields": {"request": 196, "user": ["viktoriya"], "action": "Заявка закрыта (без материалов)", "old_value": null, "new_value": null, "created_at": "2026-05-07T13:44:45.111Z"}}, {"model": "requests_app.requesthistory", "pk": 166, "fields": {"request": 38, "user": ["viktoriya"], "action": "Заявка отмечена как выполненная", "old_value": null, "new_value": null, "created_at": "2026-05-07T13:55:33.709Z"}}, {"model": "requests_app.requesthistory", "pk": 167, "fields": {"request": 38, "user": ["viktoriya"], "action": "Заявка закрыта (без материалов)", "old_value": null, "new_value": null, "created_at": "2026-05-07T14:07:31.134Z"}}, {"model": "requests_app.requesthistory", "pk": 168, "fields": {"request": 192, "user": ["viktoriya"], "action": "Заявка отмечена как выполненная", "old_value": null, "new_value": null, "created_at": "2026-05-07T14:51:11.385Z"}}, {"model": "requests_app.requesthistory", "pk": 169, "fields": {"request": 192, "user": ["viktoriya"], "action": "Заявка закрыта (без материалов)", "old_value": null, "new_value": null, "created_at": "2026-05-07T14:51:18.627Z"}}, {"model": "requests_app.requesthistory", "pk": 170, "fields": {"request": 194, "user": ["viktoriya"], "action": "Заявка отмечена как выполненная", "old_value": null, "new_value": null, "created_at": "2026-05-07T14:51:34.055Z"}}, {"model": "requests_app.requesthistory", "pk": 171, "fields": {"request": 194, "user": ["viktoriya"], "action": "Заявка закрыта (без материалов)", "old_value": null, "new_value": null, "created_at": "2026-05-07T14:51:37.451Z"}}, {"model": "requests_app.requesthistory", "pk": 172, "fields": {"request": 197, "user": ["viktoriya"], "action": "Назначен исполнитель: Александр Пеньков", "old_value": null, "new_value": null, "created_at": "2026-05-07T15:00:56.922Z"}}, {"model": "requests_app.requesthistory", "pk": 173, "fields": {"request": 197, "user": ["viktoriya"], "action": "Заявка отмечена как выполненная", "old_value": null, "new_value": null, "created_at": "2026-05-07T15:01:00.531Z"}}, {"model": "requests_app.requesthistory", "pk": 174, "fields": {"request": 197, "user": ["viktoriya"], "action": "Заявка закрыта (без материалов)", "old_value": null, "new_value": null, "created_at": "2026-05-07T15:01:39.354Z"}}, {"model": "requests_app.requesthistory", "pk": 175, "fields": {"request": 198, "user": ["viktoriya"], "action": "Назначен исполнитель: Александр Пеньков", "old_value": null, "new_value": null, "created_at": "2026-05-07T15:12:03.545Z"}}, {"model": "requests_app.requesthistory", "pk": 176, "fields": {"request": 198, "user": ["viktoriya"], "action": "Заявка отмечена как выполненная", "old_value": null, "new_value": null, "created_at": "2026-05-07T15:12:07.212Z"}}, {"model": "requests_app.requesthistory", "pk": 177, "fields": {"request": 198, "user": ["viktoriya"], "action": "Заявка закрыта (без материалов)", "old_value": null, "new_value": null, "created_at": "2026-05-07T15:12:11.412Z"}}, {"model": "requests_app.requesthistory", "pk": 178, "fields": {"request": 199, "user": ["viktoriya"], "action": "Назначен исполнитель: Александр Пеньков", "old_value": null, "new_value": null, "created_at": "2026-05-07T15:15:26.888Z"}}, {"model": "requests_app.requesthistory", "pk": 179, "fields": {"request": 199, "user": ["viktoriya"], "action": "Заявка отмечена как выполненная", "old_value": null, "new_value": null, "created_at": "2026-05-07T15:15:29.900Z"}}, {"model": "requests_app.requesthistory", "pk": 180, "fields": {"request": 199, "user": ["viktoriya"], "action": "Заявка закрыта (с материалами)", "old_value": null, "new_value": null, "created_at": "2026-05-07T15:15:56.125Z"}}, {"model": "requests_app.requesthistory", "pk": 181, "fields": {"request": 199, "user": ["viktoriya"], "action": "Заявка возобновлена", "old_value": null, "new_value": null, "created_at": "2026-05-07T15:16:10.364Z"}}, {"model": "requests_app.requesthistory", "pk": 182, "fields": {"request": 199, "user": ["viktoriya"], "action": "Заявка отмечена как выполненная", "old_value": null, "new_value": null, "created_at": "2026-05-07T15:16:18.208Z"}}, {"model": "requests_app.requesthistory", "pk": 183, "fields": {"request": 199, "user": ["viktoriya"], "action": "Заявка закрыта (с материалами)", "old_value": null, "new_value": null, "created_at": "2026-05-07T15:17:20.301Z"}}, {"model": "requests_app.requesthistory", "pk": 184, "fields": {"request": 200, "user": ["viktoriya"], "action": "Назначен исполнитель: Александр Пеньков", "old_value": null, "new_value": null, "created_at": "2026-05-07T15:18:38.761Z"}}, {"model": "requests_app.requesthistory", "pk": 185, "fields": {"request": 200, "user": ["viktoriya"], "action": "Заявка отмечена как выполненная", "old_value": null, "new_value": null, "created_at": "2026-05-07T15:18:45.505Z"}}, {"model": "requests_app.requesthistory", "pk": 186, "fields": {"request": 200, "user": ["viktoriya"], "action": "Заявка закрыта (без материалов)", "old_value": null, "new_value": null, "created_at": "2026-05-07T15:18:50.716Z"}}, {"model": "requests_app.requesthistory", "pk": 187, "fields": {"request": 197, "user": ["viktoriya"], "action": "Заявка возобновлена", "old_value": null, "new_value": null, "created_at": "2026-05-07T15:20:13.261Z"}}, {"model": "requests_app.requesthistory", "pk": 188, "fields": {"request": 197, "user": ["viktoriya"], "action": "Заявка отмечена как выполненная", "old_value": null, "new_value": null, "created_at": "2026-05-07T15:20:30.943Z"}}, {"model": "requests_app.requesthistory", "pk": 189, "fields": {"request": 197, "user": ["viktoriya"], "action": "Заявка закрыта (с материалами)", "old_value": null, "new_value": null, "created_at": "2026-05-07T15:20:51.177Z"}}, {"model": "requests_app.requesthistory", "pk": 190, "fields": {"request": 190, "user": ["viktoriya"], "action": "Заявка возобновлена", "old_value": null, "new_value": null, "created_at": "2026-05-07T15:21:09.346Z"}}, {"model": "requests_app.requesthistory", "pk": 191, "fields": {"request": 190, "user": ["viktoriya"], "action": "Заявка отмечена как выполненная", "old_value": null, "new_value": null, "created_at": "2026-05-07T15:21:19.255Z"}}, {"model": "requests_app.requesthistory", "pk": 192, "fields": {"request": 190, "user": ["viktoriya"], "action": "Заявка закрыта (с материалами)", "old_value": null, "new_value": null, "created_at": "2026-05-07T15:21:42.894Z"}}, {"model": "requests_app.requesthistory", "pk": 193, "fields": {"request": 106, "user": ["viktoriya"], "action": "Заявка возобновлена", "old_value": null, "new_value": null, "created_at": "2026-05-07T15:24:29.242Z"}}, {"model": "requests_app.requesthistory", "pk": 194, "fields": {"request": 106, "user": ["viktoriya"], "action": "Заявка отмечена как выполненная", "old_value": null, "new_value": null, "created_at": "2026-05-07T15:24:58.057Z"}}, {"model": "requests_app.requesthistory", "pk": 195, "fields": {"request": 106, "user": ["viktoriya"], "action": "Заявка закрыта (с материалами)", "old_value": null, "new_value": null, "created_at": "2026-05-07T15:25:19.300Z"}}, {"model": "requests_app.requesthistory", "pk": 196, "fields": {"request": 201, "user": ["viktoriya"], "action": "Назначен исполнитель: Павел Палейчук", "old_value": null, "new_value": null, "created_at": "2026-05-07T15:30:46.343Z"}}, {"model": "requests_app.requesthistory", "pk": 197, "fields": {"request": 201, "user": ["viktoriya"], "action": "Заявка отмечена как выполненная", "old_value": null, "new_value": null, "created_at": "2026-05-07T15:30:51.620Z"}}, {"model": "requests_app.requesthistory", "pk": 198, "fields": {"request": 201, "user": ["viktoriya"], "action": "Заявка закрыта (без материалов)", "old_value": null, "new_value": null, "created_at": "2026-05-07T15:30:59.062Z"}}, {"model": "requests_app.requesthistory", "pk": 199, "fields": {"request": 202, "user": ["viktoriya"], "action": "Назначен исполнитель: Павел Палейчук", "old_value": null, "new_value": null, "created_at": "2026-05-08T08:46:43.658Z"}}, {"model": "requests_app.requesthistory", "pk": 200, "fields": {"request": 202, "user": ["viktoriya"], "action": "Заявка отмечена как выполненная", "old_value": null, "new_value": null, "created_at": "2026-05-08T08:46:46.935Z"}}, {"model": "requests_app.requesthistory", "pk": 201, "fields": {"request": 202, "user": ["viktoriya"], "action": "Заявка закрыта (с материалами)", "old_value": null, "new_value": null, "created_at": "2026-05-08T08:47:07.669Z"}}, {"model": "requests_app.requesthistory", "pk": 202, "fields": {"request": 203, "user": ["viktoriya"], "action": "Назначен исполнитель: Павел Палейчук", "old_value": null, "new_value": null, "created_at": "2026-05-08T08:48:41.949Z"}}, {"model": "requests_app.requesthistory", "pk": 203, "fields": {"request": 203, "user": ["viktoriya"], "action": "Заявка отмечена как выполненная", "old_value": null, "new_value": null, "created_at": "2026-05-08T08:48:44.214Z"}}, {"model": "requests_app.requesthistory", "pk": 204, "fields": {"request": 203, "user": ["viktoriya"], "action": "Заявка закрыта (с материалами)", "old_value": null, "new_value": null, "created_at": "2026-05-08T08:49:22.850Z"}}, {"model": "requests_app.requesthistory", "pk": 205, "fields": {"request": 204, "user": ["viktoriya"], "action": "Назначен исполнитель: Павел Палейчук", "old_value": null, "new_value": null, "created_at": "2026-05-08T08:50:36.819Z"}}, {"model": "requests_app.requesthistory", "pk": 206, "fields": {"request": 204, "user": ["viktoriya"], "action": "Заявка отмечена как выполненная", "old_value": null, "new_value": null, "created_at": "2026-05-08T08:50:40.349Z"}}, {"model": "requests_app.requesthistory", "pk": 207, "fields": {"request": 204, "user": ["viktoriya"], "action": "Заявка закрыта (без материалов)", "old_value": null, "new_value": null, "created_at": "2026-05-08T08:50:45.861Z"}}, {"model": "requests_app.requesthistory", "pk": 208, "fields": {"request": 205, "user": ["viktoriya"], "action": "Назначен исполнитель: Павел Палейчук", "old_value": null, "new_value": null, "created_at": "2026-05-08T08:51:47.368Z"}}, {"model": "requests_app.requesthistory", "pk": 209, "fields": {"request": 205, "user": ["viktoriya"], "action": "Заявка отмечена как выполненная", "old_value": null, "new_value": null, "created_at": "2026-05-08T08:51:50.702Z"}}, {"model": "requests_app.requesthistory", "pk": 210, "fields": {"request": 205, "user": ["viktoriya"], "action": "Заявка закрыта (с материалами)", "old_value": null, "new_value": null, "created_at": "2026-05-08T08:52:05.393Z"}}, {"model": "requests_app.requesthistory", "pk": 211, "fields": {"request": 206, "user": ["viktoriya"], "action": "Заявка отмечена как выполненная", "old_value": null, "new_value": null, "created_at": "2026-05-08T08:53:55.178Z"}}, {"model": "requests_app.requesthistory", "pk": 212, "fields": {"request": 206, "user": ["viktoriya"], "action": "Назначен исполнитель: Александр Пеньков", "old_value": null, "new_value": null, "created_at": "2026-05-08T08:53:59.411Z"}}, {"model": "requests_app.requesthistory", "pk": 213, "fields": {"request": 206, "user": ["viktoriya"], "action": "Заявка закрыта (без материалов)", "old_value": null, "new_value": null, "created_at": "2026-05-08T08:54:17.649Z"}}, {"model": "requests_app.requesthistory", "pk": 214, "fields": {"request": 207, "user": ["viktoriya"], "action": "Назначен исполнитель: Александр Пеньков", "old_value": null, "new_value": null, "created_at": "2026-05-08T08:55:15.102Z"}}, {"model": "requests_app.requesthistory", "pk": 215, "fields": {"request": 207, "user": ["viktoriya"], "action": "Заявка отмечена как выполненная", "old_value": null, "new_value": null, "created_at": "2026-05-08T08:55:17.178Z"}}, {"model": "requests_app.requesthistory", "pk": 216, "fields": {"request": 207, "user": ["viktoriya"], "action": "Заявка закрыта (без материалов)", "old_value": null, "new_value": null, "created_at": "2026-05-08T08:55:19.929Z"}}, {"model": "requests_app.requesthistory", "pk": 217, "fields": {"request": 208, "user": ["viktoriya"], "action": "Назначен исполнитель: Александр Пеньков", "old_value": null, "new_value": null, "created_at": "2026-05-08T08:57:00.790Z"}}, {"model": "requests_app.requesthistory", "pk": 218, "fields": {"request": 208, "user": ["viktoriya"], "action": "Заявка отмечена как выполненная", "old_value": null, "new_value": null, "created_at": "2026-05-08T08:57:02.909Z"}}, {"model": "requests_app.requesthistory", "pk": 219, "fields": {"request": 208, "user": ["viktoriya"], "action": "Заявка закрыта (без материалов)", "old_value": null, "new_value": null, "created_at": "2026-05-08T08:57:51.461Z"}}, {"model": "requests_app.requesthistory", "pk": 220, "fields": {"request": 209, "user": ["viktoriya"], "action": "Назначен исполнитель: Александр Пеньков", "old_value": null, "new_value": null, "created_at": "2026-05-08T08:59:39.484Z"}}, {"model": "requests_app.requesthistory", "pk": 221, "fields": {"request": 209, "user": ["viktoriya"], "action": "Заявка отмечена как выполненная", "old_value": null, "new_value": null, "created_at": "2026-05-08T08:59:43.211Z"}}, {"model": "requests_app.requesthistory", "pk": 222, "fields": {"request": 209, "user": ["viktoriya"], "action": "Заявка закрыта (без материалов)", "old_value": null, "new_value": null, "created_at": "2026-05-08T08:59:46.995Z"}}, {"model": "requests_app.requesthistory", "pk": 223, "fields": {"request": 210, "user": ["viktoriya"], "action": "Назначен исполнитель: Александр Пеньков", "old_value": null, "new_value": null, "created_at": "2026-05-08T09:03:19.424Z"}}, {"model": "requests_app.requesthistory", "pk": 224, "fields": {"request": 210, "user": ["viktoriya"], "action": "Заявка отмечена как выполненная", "old_value": null, "new_value": null, "created_at": "2026-05-08T09:03:23.941Z"}}, {"model": "requests_app.requesthistory", "pk": 225, "fields": {"request": 210, "user": ["viktoriya"], "action": "Заявка закрыта (без материалов)", "old_value": null, "new_value": null, "created_at": "2026-05-08T09:03:29.219Z"}}, {"model": "requests_app.requesthistory", "pk": 226, "fields": {"request": 211, "user": ["viktoriya"], "action": "Назначен исполнитель: Александр Пеньков", "old_value": null, "new_value": null, "created_at": "2026-05-08T09:04:38.940Z"}}, {"model": "requests_app.requesthistory", "pk": 227, "fields": {"request": 211, "user": ["viktoriya"], "action": "Заявка отмечена как выполненная", "old_value": null, "new_value": null, "created_at": "2026-05-08T09:04:40.826Z"}}, {"model": "requests_app.requesthistory", "pk": 228, "fields": {"request": 211, "user": ["viktoriya"], "action": "Заявка закрыта (без материалов)", "old_value": null, "new_value": null, "created_at": "2026-05-08T09:04:43.464Z"}}, {"model": "requests_app.requesthistory", "pk": 229, "fields": {"request": 212, "user": ["viktoriya"], "action": "Назначен исполнитель: Александр Пеньков", "old_value": null, "new_value": null, "created_at": "2026-05-08T09:06:48.454Z"}}, {"model": "requests_app.requesthistory", "pk": 230, "fields": {"request": 212, "user": ["viktoriya"], "action": "Заявка отмечена как выполненная", "old_value": null, "new_value": null, "created_at": "2026-05-08T09:06:51.351Z"}}, {"model": "requests_app.requesthistory", "pk": 231, "fields": {"request": 212, "user": ["viktoriya"], "action": "Заявка закрыта (без материалов)", "old_value": null, "new_value": null, "created_at": "2026-05-08T09:06:58.366Z"}}, {"model": "requests_app.requesthistory", "pk": 232, "fields": {"request": 213, "user": ["viktoriya"], "action": "Назначен исполнитель: Александр Пеньков", "old_value": null, "new_value": null, "created_at": "2026-05-08T09:10:30.430Z"}}, {"model": "requests_app.requesthistory", "pk": 233, "fields": {"request": 213, "user": ["viktoriya"], "action": "Заявка отмечена как выполненная", "old_value": null, "new_value": null, "created_at": "2026-05-08T09:10:35.227Z"}}, {"model": "requests_app.requesthistory", "pk": 234, "fields": {"request": 213, "user": ["viktoriya"], "action": "Заявка закрыта (без материалов)", "old_value": null, "new_value": null, "created_at": "2026-05-08T09:10:47.127Z"}}, {"model": "requests_app.requesthistory", "pk": 235, "fields": {"request": 214, "user": ["viktoriya"], "action": "Назначен исполнитель: Виктор Прохоров", "old_value": null, "new_value": null, "created_at": "2026-05-08T11:20:11.499Z"}}, {"model": "requests_app.requesthistory", "pk": 236, "fields": {"request": 214, "user": ["viktoriya"], "action": "Добавлен исполнитель: Дмитрий Гришин", "old_value": null, "new_value": null, "created_at": "2026-05-08T11:20:27.797Z"}}, {"model": "requests_app.requesthistory", "pk": 237, "fields": {"request": 214, "user": ["viktoriya"], "action": "Добавлен исполнитель: Александр Захарченко", "old_value": null, "new_value": null, "created_at": "2026-05-08T11:20:38.420Z"}}, {"model": "requests_app.requesthistory", "pk": 238, "fields": {"request": 214, "user": ["viktoriya"], "action": "Заявка отмечена как выполненная", "old_value": null, "new_value": null, "created_at": "2026-05-08T11:20:44.553Z"}}, {"model": "requests_app.requesthistory", "pk": 239, "fields": {"request": 214, "user": ["viktoriya"], "action": "Заявка закрыта (без материалов)", "old_value": null, "new_value": null, "created_at": "2026-05-08T11:20:49.067Z"}}, {"model": "requests_app.requesthistory", "pk": 240, "fields": {"request": 214, "user": ["viktoriya"], "action": "Заявка возобновлена", "old_value": null, "new_value": null, "created_at": "2026-05-08T11:21:20.956Z"}}, {"model": "requests_app.requesthistory", "pk": 241, "fields": {"request": 214, "user": ["viktoriya"], "action": "Заявка отмечена как выполненная", "old_value": null, "new_value": null, "created_at": "2026-05-08T11:22:40.035Z"}}, {"model": "requests_app.requesthistory", "pk": 242, "fields": {"request": 214, "user": ["viktoriya"], "action": "Заявка закрыта (с материалами)", "old_value": null, "new_value": null, "created_at": "2026-05-08T11:22:49.712Z"}}, {"model": "requests_app.requesthistory", "pk": 243, "fields": {"request": 215, "user": ["viktoriya"], "action": "Назначен исполнитель: Виктор Прохоров", "old_value": null, "new_value": null, "created_at": "2026-05-08T11:32:24.566Z"}}, {"model": "requests_app.requesthistory", "pk": 244, "fields": {"request": 215, "user": ["viktoriya"], "action": "Добавлен исполнитель: Дмитрий Гришин", "old_value": null, "new_value": null, "created_at": "2026-05-08T11:32:36.577Z"}}, {"model": "requests_app.requesthistory", "pk": 245, "fields": {"request": 215, "user": ["viktoriya"], "action": "Заявка отмечена как выполненная", "old_value": null, "new_value": null, "created_at": "2026-05-08T11:32:43.342Z"}}, {"model": "requests_app.requesthistory", "pk": 246, "fields": {"request": 215, "user": ["viktoriya"], "action": "Заявка закрыта (без материалов)", "old_value": null, "new_value": null, "created_at": "2026-05-08T11:34:48.418Z"}}, {"model": "requests_app.requesthistory", "pk": 247, "fields": {"request": 216, "user": ["viktoriya"], "action": "Назначен исполнитель: Александр Пеньков", "old_value": null, "new_value": null, "created_at": "2026-05-08T11:45:14.911Z"}}, {"model": "requests_app.requesthistory", "pk": 248, "fields": {"request": 216, "user": ["viktoriya"], "action": "Заявка отмечена как выполненная", "old_value": null, "new_value": null, "created_at": "2026-05-08T11:45:25.916Z"}}, {"model": "requests_app.requesthistory", "pk": 249, "fields": {"request": 216, "user": ["viktoriya"], "action": "Заявка закрыта (без материалов)", "old_value": null, "new_value": null, "created_at": "2026-05-08T11:45:41.858Z"}}, {"model": "requests_app.requesthistory", "pk": 250, "fields": {"request": 217, "user": ["viktoriya"], "action": "Назначен исполнитель: Дмитрий Гришин", "old_value": null, "new_value": null, "created_at": "2026-05-08T14:00:05.994Z"}}, {"model": "requests_app.requesthistory", "pk": 251, "fields": {"request": 217, "user": ["viktoriya"], "action": "Заявка отмечена как выполненная", "old_value": null, "new_value": null, "created_at": "2026-05-08T14:00:10.497Z"}}, {"model": "requests_app.requesthistory", "pk": 252, "fields": {"request": 217, "user": ["viktoriya"], "action": "Заявка возобновлена", "old_value": null, "new_value": null, "created_at": "2026-05-08T14:00:37.535Z"}}, {"model": "requests_app.requesthistory", "pk": 253, "fields": {"request": 217, "user": ["viktoriya"], "action": "Добавлен исполнитель: Виктор Прохоров", "old_value": null, "new_value": null, "created_at": "2026-05-08T14:00:49.404Z"}}, {"model": "requests_app.requesthistory", "pk": 254, "fields": {"request": 217, "user": ["viktoriya"], "action": "Заявка отмечена как выполненная", "old_value": null, "new_value": null, "created_at": "2026-05-08T14:00:55.114Z"}}, {"model": "requests_app.requesthistory", "pk": 255, "fields": {"request": 217, "user": ["viktoriya"], "action": "Заявка закрыта (без материалов)", "old_value": null, "new_value": null, "created_at": "2026-05-08T14:00:59.496Z"}}, {"model": "requests_app.requesthistory", "pk": 256, "fields": {"request": 198, "user": ["viktoriya"], "action": "Заявка возобновлена", "old_value": null, "new_value": null, "created_at": "2026-05-08T16:55:28.943Z"}}, {"model": "requests_app.requesthistory", "pk": 257, "fields": {"request": 198, "user": ["viktoriya"], "action": "Заявка отмечена как выполненная", "old_value": null, "new_value": null, "created_at": "2026-05-08T16:56:54.251Z"}}, {"model": "requests_app.requesthistory", "pk": 258, "fields": {"request": 198, "user": ["viktoriya"], "action": "Заявка закрыта (без материалов)", "old_value": null, "new_value": null, "created_at": "2026-05-08T16:57:02.816Z"}}, {"model": "requests_app.requesthistory", "pk": 259, "fields": {"request": 218, "user": ["viktoriya"], "action": "Назначен исполнитель: Александр Пеньков", "old_value": null, "new_value": null, "created_at": "2026-05-08T16:57:17.177Z"}}, {"model": "requests_app.requesthistory", "pk": 260, "fields": {"request": 218, "user": ["viktoriya"], "action": "Заявка отмечена как выполненная", "old_value": null, "new_value": null, "created_at": "2026-05-08T16:57:21.395Z"}}, {"model": "requests_app.requesthistory", "pk": 261, "fields": {"request": 218, "user": ["viktoriya"], "action": "Заявка закрыта (с материалами)", "old_value": null, "new_value": null, "created_at": "2026-05-08T16:58:06.418Z"}}, {"model": "requests_app.requesthistory", "pk": 262, "fields": {"request": 219, "user": ["viktoriya"], "action": "Назначен исполнитель: Александр Пеньков", "old_value": null, "new_value": null, "created_at": "2026-05-08T16:59:58.179Z"}}, {"model": "requests_app.requesthistory", "pk": 263, "fields": {"request": 219, "user": ["viktoriya"], "action": "Заявка отмечена как выполненная", "old_value": null, "new_value": null, "created_at": "2026-05-08T17:00:01.270Z"}}, {"model": "requests_app.requesthistory", "pk": 264, "fields": {"request": 219, "user": ["viktoriya"], "action": "Заявка закрыта (без материалов)", "old_value": null, "new_value": null, "created_at": "2026-05-08T17:01:01.681Z"}}, {"model": "requests_app.requesthistory", "pk": 265, "fields": {"request": 214, "user": ["viktoriya"], "action": "Заявка возобновлена", "old_value": null, "new_value": null, "created_at": "2026-05-08T17:14:55.550Z"}}, {"model": "requests_app.requesthistory", "pk": 266, "fields": {"request": 214, "user": ["viktoriya"], "action": "Заявка отмечена как выполненная", "old_value": null, "new_value": null, "created_at": "2026-05-08T17:15:22.370Z"}}, {"model": "requests_app.requesthistory", "pk": 267, "fields": {"request": 214, "user": ["viktoriya"], "action": "Заявка закрыта (с материалами)", "old_value": null, "new_value": null, "created_at": "2026-05-08T17:15:36.091Z"}}]