--
-- PostgreSQL database dump
--

\restrict Rl4WkjBS0m10u4btonWuYReNlI6KF22Lx0fAytk50NaX7kqd45UoEDbPWaaQ5mu

-- Dumped from database version 14.22 (Ubuntu 14.22-0ubuntu0.22.04.1)
-- Dumped by pg_dump version 14.22 (Ubuntu 14.22-0ubuntu0.22.04.1)

SET statement_timeout = 0;
SET lock_timeout = 0;
SET idle_in_transaction_session_timeout = 0;
SET client_encoding = 'UTF8';
SET standard_conforming_strings = on;
SELECT pg_catalog.set_config('search_path', '', false);
SET check_function_bodies = false;
SET xmloption = content;
SET client_min_messages = warning;
SET row_security = off;

SET default_tablespace = '';

SET default_table_access_method = heap;

--
-- Name: auth_group; Type: TABLE; Schema: public; Owner: exploitation_user
--

CREATE TABLE public.auth_group (
    id integer NOT NULL,
    name character varying(150) NOT NULL
);


ALTER TABLE public.auth_group OWNER TO exploitation_user;

--
-- Name: auth_group_id_seq; Type: SEQUENCE; Schema: public; Owner: exploitation_user
--

ALTER TABLE public.auth_group ALTER COLUMN id ADD GENERATED BY DEFAULT AS IDENTITY (
    SEQUENCE NAME public.auth_group_id_seq
    START WITH 1
    INCREMENT BY 1
    NO MINVALUE
    NO MAXVALUE
    CACHE 1
);


--
-- Name: auth_group_permissions; Type: TABLE; Schema: public; Owner: exploitation_user
--

CREATE TABLE public.auth_group_permissions (
    id bigint NOT NULL,
    group_id integer NOT NULL,
    permission_id integer NOT NULL
);


ALTER TABLE public.auth_group_permissions OWNER TO exploitation_user;

--
-- Name: auth_group_permissions_id_seq; Type: SEQUENCE; Schema: public; Owner: exploitation_user
--

ALTER TABLE public.auth_group_permissions ALTER COLUMN id ADD GENERATED BY DEFAULT AS IDENTITY (
    SEQUENCE NAME public.auth_group_permissions_id_seq
    START WITH 1
    INCREMENT BY 1
    NO MINVALUE
    NO MAXVALUE
    CACHE 1
);


--
-- Name: auth_permission; Type: TABLE; Schema: public; Owner: exploitation_user
--

CREATE TABLE public.auth_permission (
    id integer NOT NULL,
    name character varying(255) NOT NULL,
    content_type_id integer NOT NULL,
    codename character varying(100) NOT NULL
);


ALTER TABLE public.auth_permission OWNER TO exploitation_user;

--
-- Name: auth_permission_id_seq; Type: SEQUENCE; Schema: public; Owner: exploitation_user
--

ALTER TABLE public.auth_permission ALTER COLUMN id ADD GENERATED BY DEFAULT AS IDENTITY (
    SEQUENCE NAME public.auth_permission_id_seq
    START WITH 1
    INCREMENT BY 1
    NO MINVALUE
    NO MAXVALUE
    CACHE 1
);


--
-- Name: auth_user; Type: TABLE; Schema: public; Owner: exploitation_user
--

CREATE TABLE public.auth_user (
    id integer NOT NULL,
    password character varying(128) NOT NULL,
    last_login timestamp with time zone,
    is_superuser boolean NOT NULL,
    username character varying(150) NOT NULL,
    first_name character varying(150) NOT NULL,
    last_name character varying(150) NOT NULL,
    email character varying(254) NOT NULL,
    is_staff boolean NOT NULL,
    is_active boolean NOT NULL,
    date_joined timestamp with time zone NOT NULL
);


ALTER TABLE public.auth_user OWNER TO exploitation_user;

--
-- Name: auth_user_groups; Type: TABLE; Schema: public; Owner: exploitation_user
--

CREATE TABLE public.auth_user_groups (
    id bigint NOT NULL,
    user_id integer NOT NULL,
    group_id integer NOT NULL
);


ALTER TABLE public.auth_user_groups OWNER TO exploitation_user;

--
-- Name: auth_user_groups_id_seq; Type: SEQUENCE; Schema: public; Owner: exploitation_user
--

ALTER TABLE public.auth_user_groups ALTER COLUMN id ADD GENERATED BY DEFAULT AS IDENTITY (
    SEQUENCE NAME public.auth_user_groups_id_seq
    START WITH 1
    INCREMENT BY 1
    NO MINVALUE
    NO MAXVALUE
    CACHE 1
);


--
-- Name: auth_user_id_seq; Type: SEQUENCE; Schema: public; Owner: exploitation_user
--

ALTER TABLE public.auth_user ALTER COLUMN id ADD GENERATED BY DEFAULT AS IDENTITY (
    SEQUENCE NAME public.auth_user_id_seq
    START WITH 1
    INCREMENT BY 1
    NO MINVALUE
    NO MAXVALUE
    CACHE 1
);


--
-- Name: auth_user_user_permissions; Type: TABLE; Schema: public; Owner: exploitation_user
--

CREATE TABLE public.auth_user_user_permissions (
    id bigint NOT NULL,
    user_id integer NOT NULL,
    permission_id integer NOT NULL
);


ALTER TABLE public.auth_user_user_permissions OWNER TO exploitation_user;

--
-- Name: auth_user_user_permissions_id_seq; Type: SEQUENCE; Schema: public; Owner: exploitation_user
--

ALTER TABLE public.auth_user_user_permissions ALTER COLUMN id ADD GENERATED BY DEFAULT AS IDENTITY (
    SEQUENCE NAME public.auth_user_user_permissions_id_seq
    START WITH 1
    INCREMENT BY 1
    NO MINVALUE
    NO MAXVALUE
    CACHE 1
);


--
-- Name: buildings_building; Type: TABLE; Schema: public; Owner: exploitation_user
--

CREATE TABLE public.buildings_building (
    id bigint NOT NULL,
    name character varying(200) NOT NULL,
    cadastral_number character varying(50) NOT NULL,
    address character varying(255) NOT NULL,
    residential_area double precision NOT NULL,
    non_residential_area double precision NOT NULL,
    total_area double precision NOT NULL,
    number_of_floors smallint NOT NULL,
    year_built smallint NOT NULL,
    wall_material character varying(2) NOT NULL,
    foundation_type character varying(100) NOT NULL,
    number_of_rooms integer NOT NULL,
    building_type character varying(3) NOT NULL,
    created_at timestamp with time zone NOT NULL,
    updated_at timestamp with time zone NOT NULL,
    CONSTRAINT buildings_building_number_of_floors_check CHECK ((number_of_floors >= 0)),
    CONSTRAINT buildings_building_number_of_rooms_check CHECK ((number_of_rooms >= 0)),
    CONSTRAINT buildings_building_year_built_check CHECK ((year_built >= 0))
);


ALTER TABLE public.buildings_building OWNER TO exploitation_user;

--
-- Name: buildings_building_id_seq; Type: SEQUENCE; Schema: public; Owner: exploitation_user
--

ALTER TABLE public.buildings_building ALTER COLUMN id ADD GENERATED BY DEFAULT AS IDENTITY (
    SEQUENCE NAME public.buildings_building_id_seq
    START WITH 1
    INCREMENT BY 1
    NO MINVALUE
    NO MAXVALUE
    CACHE 1
);


--
-- Name: buildings_buildingdocument; Type: TABLE; Schema: public; Owner: exploitation_user
--

CREATE TABLE public.buildings_buildingdocument (
    id bigint NOT NULL,
    file character varying(100) NOT NULL,
    title character varying(255) NOT NULL,
    uploaded_at timestamp with time zone NOT NULL,
    building_id bigint NOT NULL
);


ALTER TABLE public.buildings_buildingdocument OWNER TO exploitation_user;

--
-- Name: buildings_buildingdocument_id_seq; Type: SEQUENCE; Schema: public; Owner: exploitation_user
--

ALTER TABLE public.buildings_buildingdocument ALTER COLUMN id ADD GENERATED BY DEFAULT AS IDENTITY (
    SEQUENCE NAME public.buildings_buildingdocument_id_seq
    START WITH 1
    INCREMENT BY 1
    NO MINVALUE
    NO MAXVALUE
    CACHE 1
);


--
-- Name: django_admin_log; Type: TABLE; Schema: public; Owner: exploitation_user
--

CREATE TABLE public.django_admin_log (
    id integer NOT NULL,
    action_time timestamp with time zone NOT NULL,
    object_id text,
    object_repr character varying(200) NOT NULL,
    action_flag smallint NOT NULL,
    change_message text NOT NULL,
    content_type_id integer,
    user_id integer NOT NULL,
    CONSTRAINT django_admin_log_action_flag_check CHECK ((action_flag >= 0))
);


ALTER TABLE public.django_admin_log OWNER TO exploitation_user;

--
-- Name: django_admin_log_id_seq; Type: SEQUENCE; Schema: public; Owner: exploitation_user
--

ALTER TABLE public.django_admin_log ALTER COLUMN id ADD GENERATED BY DEFAULT AS IDENTITY (
    SEQUENCE NAME public.django_admin_log_id_seq
    START WITH 1
    INCREMENT BY 1
    NO MINVALUE
    NO MAXVALUE
    CACHE 1
);


--
-- Name: django_content_type; Type: TABLE; Schema: public; Owner: exploitation_user
--

CREATE TABLE public.django_content_type (
    id integer NOT NULL,
    app_label character varying(100) NOT NULL,
    model character varying(100) NOT NULL
);


ALTER TABLE public.django_content_type OWNER TO exploitation_user;

--
-- Name: django_content_type_id_seq; Type: SEQUENCE; Schema: public; Owner: exploitation_user
--

ALTER TABLE public.django_content_type ALTER COLUMN id ADD GENERATED BY DEFAULT AS IDENTITY (
    SEQUENCE NAME public.django_content_type_id_seq
    START WITH 1
    INCREMENT BY 1
    NO MINVALUE
    NO MAXVALUE
    CACHE 1
);


--
-- Name: django_migrations; Type: TABLE; Schema: public; Owner: exploitation_user
--

CREATE TABLE public.django_migrations (
    id bigint NOT NULL,
    app character varying(255) NOT NULL,
    name character varying(255) NOT NULL,
    applied timestamp with time zone NOT NULL
);


ALTER TABLE public.django_migrations OWNER TO exploitation_user;

--
-- Name: django_migrations_id_seq; Type: SEQUENCE; Schema: public; Owner: exploitation_user
--

ALTER TABLE public.django_migrations ALTER COLUMN id ADD GENERATED BY DEFAULT AS IDENTITY (
    SEQUENCE NAME public.django_migrations_id_seq
    START WITH 1
    INCREMENT BY 1
    NO MINVALUE
    NO MAXVALUE
    CACHE 1
);


--
-- Name: django_session; Type: TABLE; Schema: public; Owner: exploitation_user
--

CREATE TABLE public.django_session (
    session_key character varying(40) NOT NULL,
    session_data text NOT NULL,
    expire_date timestamp with time zone NOT NULL
);


ALTER TABLE public.django_session OWNER TO exploitation_user;

--
-- Name: energy_archivedreading; Type: TABLE; Schema: public; Owner: exploitation_user
--

CREATE TABLE public.energy_archivedreading (
    id bigint NOT NULL,
    date date NOT NULL,
    value numeric(12,3),
    consumption numeric(12,3),
    archived_at timestamp with time zone NOT NULL,
    meter_id bigint
);


ALTER TABLE public.energy_archivedreading OWNER TO exploitation_user;

--
-- Name: energy_archivedreading_id_seq; Type: SEQUENCE; Schema: public; Owner: exploitation_user
--

ALTER TABLE public.energy_archivedreading ALTER COLUMN id ADD GENERATED BY DEFAULT AS IDENTITY (
    SEQUENCE NAME public.energy_archivedreading_id_seq
    START WITH 1
    INCREMENT BY 1
    NO MINVALUE
    NO MAXVALUE
    CACHE 1
);


--
-- Name: energy_archivedzonereading; Type: TABLE; Schema: public; Owner: exploitation_user
--

CREATE TABLE public.energy_archivedzonereading (
    id bigint NOT NULL,
    value numeric(12,3) NOT NULL,
    consumption numeric(12,3),
    archived_reading_id bigint NOT NULL,
    tariff_component_id bigint
);


ALTER TABLE public.energy_archivedzonereading OWNER TO exploitation_user;

--
-- Name: energy_archivedzonereading_id_seq; Type: SEQUENCE; Schema: public; Owner: exploitation_user
--

ALTER TABLE public.energy_archivedzonereading ALTER COLUMN id ADD GENERATED BY DEFAULT AS IDENTITY (
    SEQUENCE NAME public.energy_archivedzonereading_id_seq
    START WITH 1
    INCREMENT BY 1
    NO MINVALUE
    NO MAXVALUE
    CACHE 1
);


--
-- Name: energy_initialzonereading; Type: TABLE; Schema: public; Owner: exploitation_user
--

CREATE TABLE public.energy_initialzonereading (
    id bigint NOT NULL,
    value numeric(12,3) NOT NULL,
    meter_id bigint NOT NULL,
    tariff_component_id bigint NOT NULL
);


ALTER TABLE public.energy_initialzonereading OWNER TO exploitation_user;

--
-- Name: energy_initialzonereading_id_seq; Type: SEQUENCE; Schema: public; Owner: exploitation_user
--

ALTER TABLE public.energy_initialzonereading ALTER COLUMN id ADD GENERATED BY DEFAULT AS IDENTITY (
    SEQUENCE NAME public.energy_initialzonereading_id_seq
    START WITH 1
    INCREMENT BY 1
    NO MINVALUE
    NO MAXVALUE
    CACHE 1
);


--
-- Name: energy_meter; Type: TABLE; Schema: public; Owner: exploitation_user
--

CREATE TABLE public.energy_meter (
    id bigint NOT NULL,
    location character varying(200) NOT NULL,
    serial_number character varying(50) NOT NULL,
    is_active boolean NOT NULL,
    transformation_ratio numeric(10,3) NOT NULL,
    resource_type_id bigint NOT NULL,
    is_multi_tariff boolean NOT NULL,
    initial_value numeric(12,3) NOT NULL
);


ALTER TABLE public.energy_meter OWNER TO exploitation_user;

--
-- Name: energy_meter_id_seq; Type: SEQUENCE; Schema: public; Owner: exploitation_user
--

ALTER TABLE public.energy_meter ALTER COLUMN id ADD GENERATED BY DEFAULT AS IDENTITY (
    SEQUENCE NAME public.energy_meter_id_seq
    START WITH 1
    INCREMENT BY 1
    NO MINVALUE
    NO MAXVALUE
    CACHE 1
);


--
-- Name: energy_meterdocument; Type: TABLE; Schema: public; Owner: exploitation_user
--

CREATE TABLE public.energy_meterdocument (
    id bigint NOT NULL,
    file character varying(100) NOT NULL,
    uploaded_at timestamp with time zone NOT NULL,
    meter_id bigint NOT NULL,
    description character varying(200) NOT NULL
);


ALTER TABLE public.energy_meterdocument OWNER TO exploitation_user;

--
-- Name: energy_meterdocument_id_seq; Type: SEQUENCE; Schema: public; Owner: exploitation_user
--

ALTER TABLE public.energy_meterdocument ALTER COLUMN id ADD GENERATED BY DEFAULT AS IDENTITY (
    SEQUENCE NAME public.energy_meterdocument_id_seq
    START WITH 1
    INCREMENT BY 1
    NO MINVALUE
    NO MAXVALUE
    CACHE 1
);


--
-- Name: energy_reading; Type: TABLE; Schema: public; Owner: exploitation_user
--

CREATE TABLE public.energy_reading (
    id bigint NOT NULL,
    date date NOT NULL,
    value numeric(12,3),
    consumption numeric(12,3),
    meter_id bigint NOT NULL
);


ALTER TABLE public.energy_reading OWNER TO exploitation_user;

--
-- Name: energy_reading_id_seq; Type: SEQUENCE; Schema: public; Owner: exploitation_user
--

ALTER TABLE public.energy_reading ALTER COLUMN id ADD GENERATED BY DEFAULT AS IDENTITY (
    SEQUENCE NAME public.energy_reading_id_seq
    START WITH 1
    INCREMENT BY 1
    NO MINVALUE
    NO MAXVALUE
    CACHE 1
);


--
-- Name: energy_resourcetype; Type: TABLE; Schema: public; Owner: exploitation_user
--

CREATE TABLE public.energy_resourcetype (
    id bigint NOT NULL,
    name character varying(50) NOT NULL,
    unit character varying(10) NOT NULL
);


ALTER TABLE public.energy_resourcetype OWNER TO exploitation_user;

--
-- Name: energy_resourcetype_id_seq; Type: SEQUENCE; Schema: public; Owner: exploitation_user
--

ALTER TABLE public.energy_resourcetype ALTER COLUMN id ADD GENERATED BY DEFAULT AS IDENTITY (
    SEQUENCE NAME public.energy_resourcetype_id_seq
    START WITH 1
    INCREMENT BY 1
    NO MINVALUE
    NO MAXVALUE
    CACHE 1
);


--
-- Name: energy_tariffcomponent; Type: TABLE; Schema: public; Owner: exploitation_user
--

CREATE TABLE public.energy_tariffcomponent (
    id bigint NOT NULL,
    name character varying(50) NOT NULL,
    unit character varying(10) NOT NULL,
    is_multi_tariff_zone boolean NOT NULL,
    valid_from date NOT NULL,
    valid_to date,
    price numeric(10,2) NOT NULL,
    resource_type_id bigint NOT NULL
);


ALTER TABLE public.energy_tariffcomponent OWNER TO exploitation_user;

--
-- Name: energy_tariffcomponent_id_seq; Type: SEQUENCE; Schema: public; Owner: exploitation_user
--

ALTER TABLE public.energy_tariffcomponent ALTER COLUMN id ADD GENERATED BY DEFAULT AS IDENTITY (
    SEQUENCE NAME public.energy_tariffcomponent_id_seq
    START WITH 1
    INCREMENT BY 1
    NO MINVALUE
    NO MAXVALUE
    CACHE 1
);


--
-- Name: energy_userlog; Type: TABLE; Schema: public; Owner: exploitation_user
--

CREATE TABLE public.energy_userlog (
    id bigint NOT NULL,
    action character varying(20) NOT NULL,
    model_name character varying(100) NOT NULL,
    object_id character varying(50) NOT NULL,
    details text NOT NULL,
    ip_address inet,
    "timestamp" timestamp with time zone NOT NULL,
    user_id integer
);


ALTER TABLE public.energy_userlog OWNER TO exploitation_user;

--
-- Name: energy_userlog_id_seq; Type: SEQUENCE; Schema: public; Owner: exploitation_user
--

ALTER TABLE public.energy_userlog ALTER COLUMN id ADD GENERATED BY DEFAULT AS IDENTITY (
    SEQUENCE NAME public.energy_userlog_id_seq
    START WITH 1
    INCREMENT BY 1
    NO MINVALUE
    NO MAXVALUE
    CACHE 1
);


--
-- Name: energy_zonereading; Type: TABLE; Schema: public; Owner: exploitation_user
--

CREATE TABLE public.energy_zonereading (
    id bigint NOT NULL,
    value numeric(12,3) NOT NULL,
    consumption numeric(12,3),
    reading_id bigint NOT NULL,
    tariff_component_id bigint NOT NULL
);


ALTER TABLE public.energy_zonereading OWNER TO exploitation_user;

--
-- Name: energy_zonereading_id_seq; Type: SEQUENCE; Schema: public; Owner: exploitation_user
--

ALTER TABLE public.energy_zonereading ALTER COLUMN id ADD GENERATED BY DEFAULT AS IDENTITY (
    SEQUENCE NAME public.energy_zonereading_id_seq
    START WITH 1
    INCREMENT BY 1
    NO MINVALUE
    NO MAXVALUE
    CACHE 1
);


--
-- Name: exploitation_app_additionalagreement; Type: TABLE; Schema: public; Owner: exploitation_user
--

CREATE TABLE public.exploitation_app_additionalagreement (
    id bigint NOT NULL,
    file character varying(100) NOT NULL,
    title character varying(255) NOT NULL,
    signed_date date,
    notes text NOT NULL,
    uploaded_at timestamp with time zone NOT NULL,
    contract_id bigint NOT NULL
);


ALTER TABLE public.exploitation_app_additionalagreement OWNER TO exploitation_user;

--
-- Name: exploitation_app_additionalagreement_id_seq; Type: SEQUENCE; Schema: public; Owner: exploitation_user
--

ALTER TABLE public.exploitation_app_additionalagreement ALTER COLUMN id ADD GENERATED BY DEFAULT AS IDENTITY (
    SEQUENCE NAME public.exploitation_app_additionalagreement_id_seq
    START WITH 1
    INCREMENT BY 1
    NO MINVALUE
    NO MAXVALUE
    CACHE 1
);


--
-- Name: exploitation_app_contractexecution; Type: TABLE; Schema: public; Owner: exploitation_user
--

CREATE TABLE public.exploitation_app_contractexecution (
    id bigint NOT NULL,
    year smallint NOT NULL,
    month smallint NOT NULL,
    paid_amount numeric(12,2) NOT NULL,
    payment_date date,
    notes text NOT NULL,
    created_at timestamp with time zone NOT NULL,
    updated_at timestamp with time zone NOT NULL,
    contract_id bigint NOT NULL,
    document character varying(100),
    CONSTRAINT exploitation_app_contractexecution_month_check CHECK ((month >= 0)),
    CONSTRAINT exploitation_app_contractexecution_year_check CHECK ((year >= 0))
);


ALTER TABLE public.exploitation_app_contractexecution OWNER TO exploitation_user;

--
-- Name: exploitation_app_contractexecution_id_seq; Type: SEQUENCE; Schema: public; Owner: exploitation_user
--

ALTER TABLE public.exploitation_app_contractexecution ALTER COLUMN id ADD GENERATED BY DEFAULT AS IDENTITY (
    SEQUENCE NAME public.exploitation_app_contractexecution_id_seq
    START WITH 1
    INCREMENT BY 1
    NO MINVALUE
    NO MAXVALUE
    CACHE 1
);


--
-- Name: exploitation_app_operationcontract; Type: TABLE; Schema: public; Owner: exploitation_user
--

CREATE TABLE public.exploitation_app_operationcontract (
    id bigint NOT NULL,
    contract_number character varying(100) NOT NULL,
    contract_type character varying(3) NOT NULL,
    contractor character varying(200) NOT NULL,
    contractor_contact character varying(200) NOT NULL,
    customer_contact character varying(200) NOT NULL,
    signed_date date NOT NULL,
    start_date date NOT NULL,
    end_date date,
    total_amount numeric(15,2),
    status character varying(3) NOT NULL,
    document character varying(100),
    notes text NOT NULL,
    created_at timestamp with time zone NOT NULL,
    updated_at timestamp with time zone NOT NULL,
    building_id bigint NOT NULL,
    contractor_contact_phone character varying(20) NOT NULL,
    contract_subject text NOT NULL
);


ALTER TABLE public.exploitation_app_operationcontract OWNER TO exploitation_user;

--
-- Name: exploitation_app_operationcontract_id_seq; Type: SEQUENCE; Schema: public; Owner: exploitation_user
--

ALTER TABLE public.exploitation_app_operationcontract ALTER COLUMN id ADD GENERATED BY DEFAULT AS IDENTITY (
    SEQUENCE NAME public.exploitation_app_operationcontract_id_seq
    START WITH 1
    INCREMENT BY 1
    NO MINVALUE
    NO MAXVALUE
    CACHE 1
);


--
-- Name: requests_app_material; Type: TABLE; Schema: public; Owner: exploitation_user
--

CREATE TABLE public.requests_app_material (
    id bigint NOT NULL,
    name character varying(200) NOT NULL,
    unit character varying(20) NOT NULL,
    default_price numeric(10,2) NOT NULL,
    quantity_in_stock numeric(12,3) NOT NULL
);


ALTER TABLE public.requests_app_material OWNER TO exploitation_user;

--
-- Name: requests_app_material_id_seq; Type: SEQUENCE; Schema: public; Owner: exploitation_user
--

ALTER TABLE public.requests_app_material ALTER COLUMN id ADD GENERATED BY DEFAULT AS IDENTITY (
    SEQUENCE NAME public.requests_app_material_id_seq
    START WITH 1
    INCREMENT BY 1
    NO MINVALUE
    NO MAXVALUE
    CACHE 1
);


--
-- Name: requests_app_requestassignee; Type: TABLE; Schema: public; Owner: exploitation_user
--

CREATE TABLE public.requests_app_requestassignee (
    id bigint NOT NULL,
    assigned_at timestamp with time zone NOT NULL,
    request_id bigint NOT NULL,
    user_id integer NOT NULL
);


ALTER TABLE public.requests_app_requestassignee OWNER TO exploitation_user;

--
-- Name: requests_app_requestassignee_id_seq; Type: SEQUENCE; Schema: public; Owner: exploitation_user
--

ALTER TABLE public.requests_app_requestassignee ALTER COLUMN id ADD GENERATED BY DEFAULT AS IDENTITY (
    SEQUENCE NAME public.requests_app_requestassignee_id_seq
    START WITH 1
    INCREMENT BY 1
    NO MINVALUE
    NO MAXVALUE
    CACHE 1
);


--
-- Name: requests_app_requestfile; Type: TABLE; Schema: public; Owner: exploitation_user
--

CREATE TABLE public.requests_app_requestfile (
    id bigint NOT NULL,
    file character varying(100) NOT NULL,
    uploaded_at timestamp with time zone NOT NULL,
    request_id bigint NOT NULL,
    uploaded_by_id integer,
    description character varying(255) NOT NULL
);


ALTER TABLE public.requests_app_requestfile OWNER TO exploitation_user;

--
-- Name: requests_app_requestfile_id_seq; Type: SEQUENCE; Schema: public; Owner: exploitation_user
--

ALTER TABLE public.requests_app_requestfile ALTER COLUMN id ADD GENERATED BY DEFAULT AS IDENTITY (
    SEQUENCE NAME public.requests_app_requestfile_id_seq
    START WITH 1
    INCREMENT BY 1
    NO MINVALUE
    NO MAXVALUE
    CACHE 1
);


--
-- Name: requests_app_requesthistory; Type: TABLE; Schema: public; Owner: exploitation_user
--

CREATE TABLE public.requests_app_requesthistory (
    id bigint NOT NULL,
    action character varying(255) NOT NULL,
    old_value text,
    new_value text,
    created_at timestamp with time zone NOT NULL,
    request_id bigint NOT NULL,
    user_id integer
);


ALTER TABLE public.requests_app_requesthistory OWNER TO exploitation_user;

--
-- Name: requests_app_requesthistory_id_seq; Type: SEQUENCE; Schema: public; Owner: exploitation_user
--

ALTER TABLE public.requests_app_requesthistory ALTER COLUMN id ADD GENERATED BY DEFAULT AS IDENTITY (
    SEQUENCE NAME public.requests_app_requesthistory_id_seq
    START WITH 1
    INCREMENT BY 1
    NO MINVALUE
    NO MAXVALUE
    CACHE 1
);


--
-- Name: requests_app_requesttype; Type: TABLE; Schema: public; Owner: exploitation_user
--

CREATE TABLE public.requests_app_requesttype (
    id bigint NOT NULL,
    name character varying(50) NOT NULL,
    icon character varying(20) NOT NULL,
    is_active boolean NOT NULL,
    "order" smallint NOT NULL,
    CONSTRAINT requests_app_requesttype_order_check CHECK (("order" >= 0))
);


ALTER TABLE public.requests_app_requesttype OWNER TO exploitation_user;

--
-- Name: requests_app_requesttype_id_seq; Type: SEQUENCE; Schema: public; Owner: exploitation_user
--

ALTER TABLE public.requests_app_requesttype ALTER COLUMN id ADD GENERATED BY DEFAULT AS IDENTITY (
    SEQUENCE NAME public.requests_app_requesttype_id_seq
    START WITH 1
    INCREMENT BY 1
    NO MINVALUE
    NO MAXVALUE
    CACHE 1
);


--
-- Name: requests_app_servicerequest; Type: TABLE; Schema: public; Owner: exploitation_user
--

CREATE TABLE public.requests_app_servicerequest (
    id bigint NOT NULL,
    request_number character varying(20) NOT NULL,
    description text NOT NULL,
    priority character varying(10) NOT NULL,
    status character varying(20) NOT NULL,
    planned_date date,
    completed_date timestamp with time zone,
    comment text NOT NULL,
    created_at timestamp with time zone NOT NULL,
    updated_at timestamp with time zone NOT NULL,
    assigned_to_id integer,
    building_id bigint NOT NULL,
    created_by_id integer,
    request_type_id bigint NOT NULL,
    room_number character varying(20) NOT NULL,
    time_spent integer,
    track_time boolean NOT NULL,
    suspension_reason text,
    CONSTRAINT requests_app_servicerequest_time_spent_check CHECK ((time_spent >= 0))
);


ALTER TABLE public.requests_app_servicerequest OWNER TO exploitation_user;

--
-- Name: requests_app_servicerequest_id_seq; Type: SEQUENCE; Schema: public; Owner: exploitation_user
--

ALTER TABLE public.requests_app_servicerequest ALTER COLUMN id ADD GENERATED BY DEFAULT AS IDENTITY (
    SEQUENCE NAME public.requests_app_servicerequest_id_seq
    START WITH 1
    INCREMENT BY 1
    NO MINVALUE
    NO MAXVALUE
    CACHE 1
);


--
-- Name: requests_app_usedmaterial; Type: TABLE; Schema: public; Owner: exploitation_user
--

CREATE TABLE public.requests_app_usedmaterial (
    id bigint NOT NULL,
    name character varying(200) NOT NULL,
    quantity numeric(10,2) NOT NULL,
    unit character varying(20) NOT NULL,
    price_per_unit numeric(10,2) NOT NULL,
    total_price numeric(12,2),
    request_id bigint NOT NULL,
    material_id bigint NOT NULL
);


ALTER TABLE public.requests_app_usedmaterial OWNER TO exploitation_user;

--
-- Name: requests_app_usedmaterial_id_seq; Type: SEQUENCE; Schema: public; Owner: exploitation_user
--

ALTER TABLE public.requests_app_usedmaterial ALTER COLUMN id ADD GENERATED BY DEFAULT AS IDENTITY (
    SEQUENCE NAME public.requests_app_usedmaterial_id_seq
    START WITH 1
    INCREMENT BY 1
    NO MINVALUE
    NO MAXVALUE
    CACHE 1
);


--
-- Name: users_profile; Type: TABLE; Schema: public; Owner: exploitation_user
--

CREATE TABLE public.users_profile (
    id bigint NOT NULL,
    role character varying(10) NOT NULL,
    phone character varying(20) NOT NULL,
    "position" character varying(100) NOT NULL,
    user_id integer NOT NULL,
    is_active boolean NOT NULL,
    last_activity timestamp with time zone,
    login_count integer NOT NULL,
    avatar character varying(100)
);


ALTER TABLE public.users_profile OWNER TO exploitation_user;

--
-- Name: users_profile_id_seq; Type: SEQUENCE; Schema: public; Owner: exploitation_user
--

ALTER TABLE public.users_profile ALTER COLUMN id ADD GENERATED BY DEFAULT AS IDENTITY (
    SEQUENCE NAME public.users_profile_id_seq
    START WITH 1
    INCREMENT BY 1
    NO MINVALUE
    NO MAXVALUE
    CACHE 1
);


--
-- Data for Name: auth_group; Type: TABLE DATA; Schema: public; Owner: exploitation_user
--

COPY public.auth_group (id, name) FROM stdin;
\.


--
-- Data for Name: auth_group_permissions; Type: TABLE DATA; Schema: public; Owner: exploitation_user
--

COPY public.auth_group_permissions (id, group_id, permission_id) FROM stdin;
\.


--
-- Data for Name: auth_permission; Type: TABLE DATA; Schema: public; Owner: exploitation_user
--

COPY public.auth_permission (id, name, content_type_id, codename) FROM stdin;
1	Can add log entry	1	add_logentry
2	Can change log entry	1	change_logentry
3	Can delete log entry	1	delete_logentry
4	Can view log entry	1	view_logentry
5	Can add permission	3	add_permission
6	Can change permission	3	change_permission
7	Can delete permission	3	delete_permission
8	Can view permission	3	view_permission
9	Can add group	2	add_group
10	Can change group	2	change_group
11	Can delete group	2	delete_group
12	Can view group	2	view_group
13	Can add user	4	add_user
14	Can change user	4	change_user
15	Can delete user	4	delete_user
16	Can view user	4	view_user
17	Can add content type	5	add_contenttype
18	Can change content type	5	change_contenttype
19	Can delete content type	5	delete_contenttype
20	Can view content type	5	view_contenttype
21	Can add session	6	add_session
22	Can change session	6	change_session
23	Can delete session	6	delete_session
24	Can view session	6	view_session
25	Can add Эксплуатационный договор	9	add_operationcontract
26	Can change Эксплуатационный договор	9	change_operationcontract
27	Can delete Эксплуатационный договор	9	delete_operationcontract
28	Can view Эксплуатационный договор	9	view_operationcontract
29	Can add Оплата по договору	8	add_contractexecution
30	Can change Оплата по договору	8	change_contractexecution
31	Can delete Оплата по договору	8	delete_contractexecution
32	Can view Оплата по договору	8	view_contractexecution
33	Can add Дополнительное соглашение	7	add_additionalagreement
34	Can change Дополнительное соглашение	7	change_additionalagreement
35	Can delete Дополнительное соглашение	7	delete_additionalagreement
36	Can view Дополнительное соглашение	7	view_additionalagreement
37	Can add Здание	10	add_building
38	Can change Здание	10	change_building
39	Can delete Здание	10	delete_building
40	Can view Здание	10	view_building
41	Can add Документ здания	11	add_buildingdocument
42	Can change Документ здания	11	change_buildingdocument
43	Can delete Документ здания	11	delete_buildingdocument
44	Can view Документ здания	11	view_buildingdocument
45	Can add Профиль пользователя	12	add_profile
46	Can change Профиль пользователя	12	change_profile
47	Can delete Профиль пользователя	12	delete_profile
48	Can view Профиль пользователя	12	view_profile
49	Can add Тип ресурса	19	add_resourcetype
50	Can change Тип ресурса	19	change_resourcetype
51	Can delete Тип ресурса	19	delete_resourcetype
52	Can view Тип ресурса	19	view_resourcetype
53	Can add Счётчик	16	add_meter
54	Can change Счётчик	16	change_meter
55	Can delete Счётчик	16	delete_meter
56	Can view Счётчик	16	view_meter
57	Can add Показание	18	add_reading
58	Can change Показание	18	change_reading
59	Can delete Показание	18	delete_reading
60	Can view Показание	18	view_reading
61	Can add Компонент тарифа	20	add_tariffcomponent
62	Can change Компонент тарифа	20	change_tariffcomponent
63	Can delete Компонент тарифа	20	delete_tariffcomponent
64	Can view Компонент тарифа	20	view_tariffcomponent
65	Can add zone reading	22	add_zonereading
66	Can change zone reading	22	change_zonereading
67	Can delete zone reading	22	delete_zonereading
68	Can view zone reading	22	view_zonereading
69	Can add Начальное показание по зоне	15	add_initialzonereading
70	Can change Начальное показание по зоне	15	change_initialzonereading
71	Can delete Начальное показание по зоне	15	delete_initialzonereading
72	Can view Начальное показание по зоне	15	view_initialzonereading
73	Can add Документ счётчика	17	add_meterdocument
74	Can change Документ счётчика	17	change_meterdocument
75	Can delete Документ счётчика	17	delete_meterdocument
76	Can view Документ счётчика	17	view_meterdocument
77	Can add Лог пользователя	21	add_userlog
78	Can change Лог пользователя	21	change_userlog
79	Can delete Лог пользователя	21	delete_userlog
80	Can view Лог пользователя	21	view_userlog
81	Can add Архивное показание	13	add_archivedreading
82	Can change Архивное показание	13	change_archivedreading
83	Can delete Архивное показание	13	delete_archivedreading
84	Can view Архивное показание	13	view_archivedreading
85	Can add archived zone reading	14	add_archivedzonereading
86	Can change archived zone reading	14	change_archivedzonereading
87	Can delete archived zone reading	14	delete_archivedzonereading
88	Can view archived zone reading	14	view_archivedzonereading
89	Can add Тип заявки	25	add_requesttype
90	Can change Тип заявки	25	change_requesttype
91	Can delete Тип заявки	25	delete_requesttype
92	Can view Тип заявки	25	view_requesttype
93	Can add Заявка	26	add_servicerequest
94	Can change Заявка	26	change_servicerequest
95	Can delete Заявка	26	delete_servicerequest
96	Can view Заявка	26	view_servicerequest
97	Can add request file	24	add_requestfile
98	Can change request file	24	change_requestfile
99	Can delete request file	24	delete_requestfile
100	Can view request file	24	view_requestfile
101	Can add used material	27	add_usedmaterial
102	Can change used material	27	change_usedmaterial
103	Can delete used material	27	delete_usedmaterial
104	Can view used material	27	view_usedmaterial
105	Can add Материал	23	add_material
106	Can change Материал	23	change_material
107	Can delete Материал	23	delete_material
108	Can view Материал	23	view_material
109	Can add История заявки	28	add_requesthistory
110	Can change История заявки	28	change_requesthistory
111	Can delete История заявки	28	delete_requesthistory
112	Can view История заявки	28	view_requesthistory
113	Can add Назначенный исполнитель	29	add_requestassignee
114	Can change Назначенный исполнитель	29	change_requestassignee
115	Can delete Назначенный исполнитель	29	delete_requestassignee
116	Can view Назначенный исполнитель	29	view_requestassignee
\.


--
-- Data for Name: auth_user; Type: TABLE DATA; Schema: public; Owner: exploitation_user
--

COPY public.auth_user (id, password, last_login, is_superuser, username, first_name, last_name, email, is_staff, is_active, date_joined) FROM stdin;
4	pbkdf2_sha256$1200000$WgH04MKuy7PuWYNKk7Hps0$WqY7FjSQVevCzQRIw3fPU0OvP4CFEC3ttvtTUN7giZY=	\N	f	penkovav	Александр	Пеньков		f	t	2026-04-27 07:28:38+00
5	pbkdf2_sha256$1200000$kqd2Fp4tFYfzOWIwbazS2s$qlVQ8DAuIKpyise+Ti9g+8w0KwbnB0GHxd7qo5aO348=	\N	f	shitovav	Александр	Шитов		f	t	2026-04-27 07:30:41+00
6	pbkdf2_sha256$1200000$SNCT5N2TNQbayr6Oa06nnh$zTzU+RIyGLZQwty4uh0bGi1oKCa2V24r9VzArm9WeCg=	\N	f	paleychukpp	Павел	Палейчук		f	t	2026-04-27 07:32:01+00
7	pbkdf2_sha256$1200000$cVaamULIsWmQXNXHiugdOE$1seGi1bgLlk2j8R2nbvZRXF4j8wCttWT3foca2qMsAw=	\N	f	zaharchenkoap	Александр	Захарченко		f	t	2026-04-27 07:33:18+00
8	pbkdf2_sha256$1200000$PXjpCHgLmP6T3KqnNvlrY3$U00+PXt5uZ3hXTo2h153dEtu18ie/1n1IYbFBXhbO0M=	\N	f	sharafutdinoviv	Игорь	Шарафутдинов		f	t	2026-04-27 07:35:55+00
9	pbkdf2_sha256$1200000$ENkQqURp4r6w29MeKCabGo$nFv289jpENoWofcZ00+zfpPNM7qRtGuKnRM1OyjpUQY=	\N	f	proxorovvp	Виктор	Прохоров		f	t	2026-04-27 07:37:50+00
10	pbkdf2_sha256$1200000$9ulm6Jrqo9l0CdP7sv7Ksj$7+GHMH0ZPM2I4Lrh30tnqKhyrHk9NqM/5EPh89ZzOoI=	\N	f	grishinda	Дмитрий	Гришин		f	t	2026-04-27 07:40:06+00
11	pbkdf2_sha256$1200000$OPyjK0BZCKUwuizOsTJdhN$IOKme154KhLl5LH+nc3eclX7nHF5LLBAOOyQE7nGNu0=	\N	f	guryeven	Гурьев	Евгений		f	t	2026-04-27 07:42:35+00
12	pbkdf2_sha256$1200000$0kUwQuaPvmRP6bEB1QhtL4$rmsRtxC7BnjDJikC5ZnKppqg6lWchL3OcLFbfnFuhBQ=	\N	f	shutenkodn	Шутенко	Дмитрий		f	t	2026-04-27 07:44:15+00
13	pbkdf2_sha256$1200000$Pl3x160QRtBuAjJimgKwlZ$27zzI73xCMfTmAvzSpoz1Xcyx7MoqmIIMNgeySHxIiY=	\N	f	ermilovgm	Геннадий	Ермилов		f	t	2026-04-29 06:54:36+00
2	pbkdf2_sha256$1200000$LW1xB5Dpl8pQab0gNTJyOP$IzcSpG/udkbBgRgduNy9IWSOGr7I1QyykfZRs7lGnI8=	2026-05-08 08:28:10.61103+00	t	bikov	Николай	Быков	admin@example.com	t	t	2026-04-26 20:30:27.042335+00
3	pbkdf2_sha256$1200000$ZDiHjSqiXtDPLNhu5vcXcf$WHv73KwlJ2Xjm0V5wBxxqr+ZCMgq0tfMJJ3yXNghQlA=	2026-05-08 17:14:48.187353+00	f	viktoriya	Виктория	Пенькова	example@mail.ru	f	t	2026-04-27 05:50:17+00
\.


--
-- Data for Name: auth_user_groups; Type: TABLE DATA; Schema: public; Owner: exploitation_user
--

COPY public.auth_user_groups (id, user_id, group_id) FROM stdin;
\.


--
-- Data for Name: auth_user_user_permissions; Type: TABLE DATA; Schema: public; Owner: exploitation_user
--

COPY public.auth_user_user_permissions (id, user_id, permission_id) FROM stdin;
\.


--
-- Data for Name: buildings_building; Type: TABLE DATA; Schema: public; Owner: exploitation_user
--

COPY public.buildings_building (id, name, cadastral_number, address, residential_area, non_residential_area, total_area, number_of_floors, year_built, wall_material, foundation_type, number_of_rooms, building_type, created_at, updated_at) FROM stdin;
1	Учебный корпус	77:06:0006001:11681	ул Академика Волгина, д 6	8000	15000	23000	15	1982	CN	Ленточный	370	PUB	2026-04-26 20:58:02.807339+00	2026-04-27 15:04:58.987684+00
2	Студенческое общежитие	77:06:0006001:11682	г Москва, ул Академика Волгина, д 6	600	2000	2600	15	1982	CN	Ленточный	350	RES	2026-04-27 04:46:34.552557+00	2026-04-27 11:11:23.144221+00
3	Территория	77:06:0006001:11683	г Москва, ул Академика Волгина, д 6	0	36000	36000	1	1982	BR	Ленточный	0	RES	2026-04-27 15:04:04.221639+00	2026-04-27 15:04:04.221686+00
\.


--
-- Data for Name: buildings_buildingdocument; Type: TABLE DATA; Schema: public; Owner: exploitation_user
--

COPY public.buildings_buildingdocument (id, file, title, uploaded_at, building_id) FROM stdin;
\.


--
-- Data for Name: django_admin_log; Type: TABLE DATA; Schema: public; Owner: exploitation_user
--

COPY public.django_admin_log (id, action_time, object_id, object_repr, action_flag, change_message, content_type_id, user_id) FROM stdin;
\.


--
-- Data for Name: django_content_type; Type: TABLE DATA; Schema: public; Owner: exploitation_user
--

COPY public.django_content_type (id, app_label, model) FROM stdin;
1	admin	logentry
2	auth	group
3	auth	permission
4	auth	user
5	contenttypes	contenttype
6	sessions	session
7	exploitation_app	additionalagreement
8	exploitation_app	contractexecution
9	exploitation_app	operationcontract
10	buildings	building
11	buildings	buildingdocument
12	users	profile
13	energy	archivedreading
14	energy	archivedzonereading
15	energy	initialzonereading
16	energy	meter
17	energy	meterdocument
18	energy	reading
19	energy	resourcetype
20	energy	tariffcomponent
21	energy	userlog
22	energy	zonereading
23	requests_app	material
24	requests_app	requestfile
25	requests_app	requesttype
26	requests_app	servicerequest
27	requests_app	usedmaterial
28	requests_app	requesthistory
29	requests_app	requestassignee
\.


--
-- Data for Name: django_migrations; Type: TABLE DATA; Schema: public; Owner: exploitation_user
--

COPY public.django_migrations (id, app, name, applied) FROM stdin;
1	contenttypes	0001_initial	2026-05-03 12:22:32.513109+00
2	auth	0001_initial	2026-05-03 12:22:33.273265+00
3	admin	0001_initial	2026-05-03 12:22:33.353234+00
4	admin	0002_logentry_remove_auto_add	2026-05-03 12:22:33.371393+00
5	admin	0003_logentry_add_action_flag_choices	2026-05-03 12:22:33.388299+00
6	contenttypes	0002_remove_content_type_name	2026-05-03 12:22:33.411613+00
7	auth	0002_alter_permission_name_max_length	2026-05-03 12:22:33.426227+00
8	auth	0003_alter_user_email_max_length	2026-05-03 12:22:33.441335+00
9	auth	0004_alter_user_username_opts	2026-05-03 12:22:33.454727+00
10	auth	0005_alter_user_last_login_null	2026-05-03 12:22:33.468977+00
11	auth	0006_require_contenttypes_0002	2026-05-03 12:22:33.478238+00
12	auth	0007_alter_validators_add_error_messages	2026-05-03 12:22:33.493544+00
13	auth	0008_alter_user_username_max_length	2026-05-03 12:22:33.519544+00
14	auth	0009_alter_user_last_name_max_length	2026-05-03 12:22:33.532737+00
15	auth	0010_alter_group_name_max_length	2026-05-03 12:22:33.546263+00
16	auth	0011_update_proxy_permissions	2026-05-03 12:22:33.559432+00
17	auth	0012_alter_user_first_name_max_length	2026-05-03 12:22:33.574397+00
18	buildings	0001_initial	2026-05-03 12:22:33.735887+00
19	energy	0001_initial	2026-05-03 12:22:33.99801+00
20	energy	0002_meter_is_multi_tariff	2026-05-03 12:22:34.02362+00
21	energy	0003_meter_initial_value_initialzonereading	2026-05-03 12:22:34.303882+00
22	energy	0004_remove_meter_name_alter_meter_serial_number	2026-05-03 12:22:34.343944+00
23	energy	0005_alter_meter_initial_value_and_more	2026-05-03 12:22:34.454275+00
24	energy	0006_remove_meterdocument_title_meterdocument_description	2026-05-03 12:22:34.48392+00
25	energy	0007_remove_user_from_meter	2026-05-03 12:22:34.517587+00
26	energy	0008_meter_heat_loss_coefficient_and_more	2026-05-03 12:22:34.592824+00
27	energy	0009_remove_meter_heat_loss_coefficient_and_more	2026-05-03 12:22:34.617827+00
28	energy	0010_userlog	2026-05-03 12:22:34.702651+00
29	energy	0011_archivedreading_archivedzonereading	2026-05-03 12:22:34.882292+00
30	energy	0002_meter_default_tariff1_rate_and_more	2026-05-03 12:22:34.918145+00
31	energy	0003_alter_meter_is_unregulated_tariff	2026-05-03 12:22:34.930463+00
32	energy	0012_merge_20260426_1629	2026-05-03 12:22:34.937357+00
33	energy	0013_remove_meter_default_tariff1_rate_and_more	2026-05-03 12:22:34.971284+00
34	exploitation_app	0001_initial	2026-05-03 12:22:35.089791+00
35	exploitation_app	0002_building_name	2026-05-03 12:22:35.139795+00
36	exploitation_app	0003_building_non_residential_area_and_more	2026-05-03 12:22:35.165264+00
37	exploitation_app	0004_buildingdocument	2026-05-03 12:22:35.277867+00
38	exploitation_app	0005_alter_building_address	2026-05-03 12:22:35.414832+00
39	exploitation_app	0006_operationcontract	2026-05-03 12:22:35.574198+00
40	exploitation_app	0007_contractexecution	2026-05-03 12:22:35.697685+00
41	exploitation_app	0008_alter_contractexecution_month	2026-05-03 12:22:35.71675+00
42	exploitation_app	0009_operationcontract_contractor_contact_phone_and_more	2026-05-03 12:22:35.753887+00
43	exploitation_app	0010_remove_operationcontract_contractor_phone_and_more	2026-05-03 12:22:35.785553+00
44	exploitation_app	0011_operationcontract_contract_subject	2026-05-03 12:22:35.799454+00
45	exploitation_app	0012_operationcontract_payment_type_and_more	2026-05-03 12:22:35.824638+00
46	exploitation_app	0013_alter_operationcontract_building_and_more	2026-05-03 12:22:35.85625+00
47	exploitation_app	0014_additionalagreement	2026-05-03 12:22:35.934449+00
48	exploitation_app	0015_remove_operationcontract_monthly_cost_and_more	2026-05-03 12:22:35.967476+00
49	exploitation_app	0016_operationcontract_total_paid	2026-05-03 12:22:35.997282+00
50	exploitation_app	0017_alter_contractexecution_options_and_more	2026-05-03 12:22:36.05195+00
51	exploitation_app	0018_alter_operationcontract_document	2026-05-03 12:22:36.107479+00
52	exploitation_app	0019_remove_contractexecution_payment_status_and_more	2026-05-03 12:22:36.257544+00
53	exploitation_app	0020_contractexecution_document	2026-05-03 12:22:36.296877+00
54	requests_app	0001_initial	2026-05-03 12:22:36.616405+00
55	requests_app	0002_servicerequest_room_number	2026-05-03 12:22:36.646307+00
56	requests_app	0003_usedmaterial	2026-05-03 12:22:36.717964+00
57	requests_app	0004_material	2026-05-03 12:22:36.76963+00
58	requests_app	0005_alter_material_options_remove_material_is_active_and_more	2026-05-03 12:22:36.795173+00
59	requests_app	0006_servicerequest_time_spent_servicerequest_track_time	2026-05-03 12:22:36.841798+00
60	requests_app	0007_alter_servicerequest_status	2026-05-03 12:22:36.877109+00
61	requests_app	0008_servicerequest_suspension_reason	2026-05-03 12:22:36.905807+00
62	requests_app	0009_requestfile_uploaded_by_and_more	2026-05-03 12:22:36.972529+00
63	requests_app	0010_usedmaterial_material_and_more	2026-05-03 12:22:37.210054+00
64	requests_app	0011_alter_usedmaterial_material	2026-05-03 12:22:37.268129+00
65	sessions	0001_initial	2026-05-03 12:22:37.406966+00
66	users	0001_initial	2026-05-03 12:22:37.487077+00
67	users	0002_profile_delete_userprofile	2026-05-03 12:22:37.566951+00
68	users	0003_profile_is_active_profile_last_activity_and_more	2026-05-03 12:22:37.613437+00
69	users	0004_profile_avatar	2026-05-03 12:22:37.635036+00
70	users	0005_alter_profile_role	2026-05-03 12:22:37.706138+00
71	requests_app	0012_requesthistory	2026-05-04 18:29:45.615347+00
72	requests_app	0013_requestfile_description_alter_requestfile_request	2026-05-05 18:26:52.288144+00
73	requests_app	0014_requestassignee	2026-05-05 19:17:27.850241+00
\.


--
-- Data for Name: django_session; Type: TABLE DATA; Schema: public; Owner: exploitation_user
--

COPY public.django_session (session_key, session_data, expire_date) FROM stdin;
bu1fn6cxsnzsry6ay5kzmglw6f7cv0md	.eJxVjEEOwiAQRe_C2pAyFUpduvcMZJgZpGogKe3KeHfbpAvd_vfef6uA65LD2mQOE6uLAnX63SLSU8oO-IHlXjXVssxT1LuiD9r0rbK8rof7d5Cx5a0eELrEKVl0rh_Y-2icYEzQMwKP1hhPIzhMZDeEVsxZHHXkAY2IYfX5AgATOLc:1wJW3w:w-Qb6kZV5NtzrXcUYVmvngU_YxR2czI-a-nC_nioyis	2026-05-17 12:36:44.446977+00
41anglu31gyz2450gnuozasvcyk9wnqi	e30:1wJmZV:GgWvl6ATrsD8PNKsaO8_KOEsg1tj3Lnfeq1gTv0tklo	2026-05-18 06:14:25.318065+00
ctl99x79bx2v2k6svvfmn36oprowkcqa	e30:1wJmZl:p6GuUFu_cU3AeRWlglS2ws0rYNYJ9PWKMCQz1e5ar-Q	2026-05-18 06:14:41.858278+00
g1nsvy4jjxkmz2y61omozr6uogolz3yp	.eJxVjEEOwiAQRe_C2hAYWlCX7nsGwgwzUjU0Ke3KeHfbpAvd_vfef6uY1qXEtfEcx6yuyqnT74aJnlx3kB-p3idNU13mEfWu6IM2PUyZX7fD_TsoqZWt7nxvJJwNGjAmiAeWLuSeyDJkyUDWI3kBT-ACOwhoNpMvHgWds1Z9vtVCN4Y:1wJmZr:tlJaxgYHy7RuvE7UhR95VuHRnPlVflxlJPqwYQsx06g	2026-05-18 06:14:47.865238+00
uuawotdeqq063rrjvl6630ptmglete2g	.eJxVjEEOwiAQRe_C2pAyFUpduvcMZJgZpGogKe3KeHfbpAvd_vfef6uA65LD2mQOE6uLAnX63SLSU8oO-IHlXjXVssxT1LuiD9r0rbK8rof7d5Cx5a0eELrEKVl0rh_Y-2icYEzQMwKP1hhPIzhMZDeEVsxZHHXkAY2IYfX5AgATOLc:1wJnHu:DmA2DpIVXS4LCtUPu1KaNk_cswYLwPBXqi0qn4fkwy0	2026-05-18 07:00:18.698169+00
h57amsjs9aht730278vhpx2mvp6o59y1	.eJxVjEEOwiAQRe_C2hAYWlCX7nsGwgwzUjU0Ke3KeHfbpAvd_vfef6uY1qXEtfEcx6yuyqnT74aJnlx3kB-p3idNU13mEfWu6IM2PUyZX7fD_TsoqZWt7nxvJJwNGjAmiAeWLuSeyDJkyUDWI3kBT-ACOwhoNpMvHgWds1Z9vtVCN4Y:1wJu5n:ltMZv2fMCI0YsYmpGr-XLgNYSkudm40XDZXQzl1AKOQ	2026-05-18 14:16:15.723658+00
v4zqug60valh7c34xggi70i3qnq55bjj	.eJxVjEEOwiAQRe_C2pAyFUpduvcMZJgZpGogKe3KeHfbpAvd_vfef6uA65LD2mQOE6uLAnX63SLSU8oO-IHlXjXVssxT1LuiD9r0rbK8rof7d5Cx5a0eELrEKVl0rh_Y-2icYEzQMwKP1hhPIzhMZDeEVsxZHHXkAY2IYfX5AgATOLc:1wK6hF:o8-7ODz28RmEDrIGxpPSAjH1uBAZ11rGiTIoedf5AzQ	2026-05-19 03:43:45.584103+00
1n01as1hgnvuk7zkkst0qn8rp5l3au22	.eJxVjEEOwiAQRe_C2hAYWlCX7nsGwgwzUjU0Ke3KeHfbpAvd_vfef6uY1qXEtfEcx6yuyqnT74aJnlx3kB-p3idNU13mEfWu6IM2PUyZX7fD_TsoqZWt7nxvJJwNGjAmiAeWLuSeyDJkyUDWI3kBT-ACOwhoNpMvHgWds1Z9vtVCN4Y:1wK9GP:wbQNyY9OHhPCNydptA44858Vl_3_EdN1vSLpcqGy798	2026-05-19 06:28:13.452992+00
f4i4776f3pdobo2xnsfgi0tzr0dnzcqy	.eJxVjEEOwiAQRe_C2pAyFUpduvcMZJgZpGogKe3KeHfbpAvd_vfef6uA65LD2mQOE6uLAnX63SLSU8oO-IHlXjXVssxT1LuiD9r0rbK8rof7d5Cx5a0eELrEKVl0rh_Y-2icYEzQMwKP1hhPIzhMZDeEVsxZHHXkAY2IYfX5AgATOLc:1wKDXT:YM34QqYaFLRV0Ql1YEh2Bxdp-yI8kGs-rmRZxbsj1nA	2026-05-19 11:02:07.316249+00
mz2of0uytu9izayxdkourrbdqccsovhr	.eJxVjEEOwiAQRe_C2pAyFUpduvcMZJgZpGogKe3KeHfbpAvd_vfef6uA65LD2mQOE6uLAnX63SLSU8oO-IHlXjXVssxT1LuiD9r0rbK8rof7d5Cx5a0eELrEKVl0rh_Y-2icYEzQMwKP1hhPIzhMZDeEVsxZHHXkAY2IYfX5AgATOLc:1wKDsr:cBLE47H6FNewefXJd-5NMRGt_JuuIy0hzb5EhK117uI	2026-05-19 11:24:13.190823+00
546mj9wb9g5h9cjxkultfalrjj1z5u29	.eJxVjEEOwiAQRe_C2pAyFUpduvcMZJgZpGogKe3KeHfbpAvd_vfef6uA65LD2mQOE6uLAnX63SLSU8oO-IHlXjXVssxT1LuiD9r0rbK8rof7d5Cx5a0eELrEKVl0rh_Y-2icYEzQMwKP1hhPIzhMZDeEVsxZHHXkAY2IYfX5AgATOLc:1wKECH:IVN9S-PNelg68dqRdBUt98yAFdwW6gEHqC1zVu-i-WQ	2026-05-19 11:44:17.118456+00
vqbhy1aij4j6kzucyg6n48qt7065emax	.eJxVjEEOwiAQRe_C2hAYWlCX7nsGwgwzUjU0Ke3KeHfbpAvd_vfef6uY1qXEtfEcx6yuyqnT74aJnlx3kB-p3idNU13mEfWu6IM2PUyZX7fD_TsoqZWt7nxvJJwNGjAmiAeWLuSeyDJkyUDWI3kBT-ACOwhoNpMvHgWds1Z9vtVCN4Y:1wKUmp:3I8WQ-uj7SZgU7CSnb69LGzO_zoCaFxrkKi-C_jD268	2026-05-20 05:27:07.367383+00
1lwx1z71w4pqgtih57sjl3lqee18db4e	.eJxVjEEOwiAQRe_C2pAyFUpduvcMZJgZpGogKe3KeHfbpAvd_vfef6uA65LD2mQOE6uLAnX63SLSU8oO-IHlXjXVssxT1LuiD9r0rbK8rof7d5Cx5a0eELrEKVl0rh_Y-2icYEzQMwKP1hhPIzhMZDeEVsxZHHXkAY2IYfX5AgATOLc:1wKh0o:lckSGMixw-GytbcPriA85xoRudb_IrRTUkDOV3ZTn_4	2026-05-20 18:30:22.760574+00
naqz836a6lzfoktk0p2vse2puisizmnw	.eJxVjEEOwiAQRe_C2pAyFUpduvcMZJgZpGogKe3KeHfbpAvd_vfef6uA65LD2mQOE6uLAnX63SLSU8oO-IHlXjXVssxT1LuiD9r0rbK8rof7d5Cx5a0eELrEKVl0rh_Y-2icYEzQMwKP1hhPIzhMZDeEVsxZHHXkAY2IYfX5AgATOLc:1wKh1u:MvreM4DGF7MbTGOfZloxmjWEUUzJfXfJQloGY3oqktM	2026-05-20 18:31:30.852573+00
y3j69ujiim2sd79nnpbc57pbqasf9rc3	.eJxVjEEOwiAQRe_C2pAyFUpduvcMZJgZpGogKe3KeHfbpAvd_vfef6uA65LD2mQOE6uLAnX63SLSU8oO-IHlXjXVssxT1LuiD9r0rbK8rof7d5Cx5a0eELrEKVl0rh_Y-2icYEzQMwKP1hhPIzhMZDeEVsxZHHXkAY2IYfX5AgATOLc:1wLGZ8:Txv9Q7XZPN_zWQB4mdBEzvtvuXOt7wQmdKf2A5n09SY	2026-05-22 08:28:10.621838+00
kt7e86efgio4pa5yuw9qp186fxehck3o	.eJxVjEEOwiAQRe_C2hAYWlCX7nsGwgwzUjU0Ke3KeHfbpAvd_vfef6uY1qXEtfEcx6yuyqnT74aJnlx3kB-p3idNU13mEfWu6IM2PUyZX7fD_TsoqZWt7nxvJJwNGjAmiAeWLuSeyDJkyUDWI3kBT-ACOwhoNpMvHgWds1Z9vtVCN4Y:1wLOmm:qDE6p7e7ii1nij0bR-dqZFtacZqAuqR323dmh35uE3k	2026-05-22 17:14:48.200643+00
\.


--
-- Data for Name: energy_archivedreading; Type: TABLE DATA; Schema: public; Owner: exploitation_user
--

COPY public.energy_archivedreading (id, date, value, consumption, archived_at, meter_id) FROM stdin;
\.


--
-- Data for Name: energy_archivedzonereading; Type: TABLE DATA; Schema: public; Owner: exploitation_user
--

COPY public.energy_archivedzonereading (id, value, consumption, archived_reading_id, tariff_component_id) FROM stdin;
\.


--
-- Data for Name: energy_initialzonereading; Type: TABLE DATA; Schema: public; Owner: exploitation_user
--

COPY public.energy_initialzonereading (id, value, meter_id, tariff_component_id) FROM stdin;
1	0.000	1	1
\.


--
-- Data for Name: energy_meter; Type: TABLE DATA; Schema: public; Owner: exploitation_user
--

COPY public.energy_meter (id, location, serial_number, is_active, transformation_ratio, resource_type_id, is_multi_tariff, initial_value) FROM stdin;
1	ВРУ 1 0,4кВ Ввод А	023240140686	t	200.000	1	f	0.000
2	ВРУ 1 0,4кВ Ввод Б	023240140718	t	200.000	1	f	0.000
3	ВРУ 2 0,4кВ Ввод А	23240140876	t	160.000	2	t	0.000
4	ВРУ 2 0,4кВ Ввод Б	023240140296	t	160.000	2	t	0.000
5	Столовая	42994734	t	1.000	1	f	77841.000
7	Столовая	256790	t	1.000	1	f	0.000
8	ЦТП	12103	t	1.000	3	f	19072.780
6	Столовая	43092620	t	1.000	1	f	93368.000
9	Подвал учебного корпуса	022101031	t	1.000	4	f	188241.000
\.


--
-- Data for Name: energy_meterdocument; Type: TABLE DATA; Schema: public; Owner: exploitation_user
--

COPY public.energy_meterdocument (id, file, uploaded_at, meter_id, description) FROM stdin;
1	meter_documents/2026/04/27/АДПУ_023240140686.pdf	2026-04-27 07:59:46.729813+00	1	Акт допуска
2	meter_documents/2026/04/27/Паспорта_прибор_и_ТТ_023240140686.pdf	2026-04-27 08:01:27.323385+00	1	Паспорта на прибор и трансформаторы тока
3	meter_documents/2026/04/27/АДПУ_023240140718.pdf	2026-04-27 08:15:19.291814+00	2	Акт допуска
4	meter_documents/2026/04/27/Паспорта_прибор_и_ТТ_023240140718.pdf	2026-04-27 08:15:46.10439+00	2	Паспорта на прибор и трансформаторы тока
5	meter_documents/2026/04/27/АДПУ_023240140876.pdf	2026-04-27 09:53:57.607378+00	3	Акт допуска
6	meter_documents/2026/04/27/Паспорта_прибор_и_ТТ_023240140876.pdf	2026-04-27 09:54:23.388969+00	3	Паспорта на прибор и трансформаторы тока
8	meter_documents/2026/04/27/АДПУ_023240140296.pdf	2026-04-27 09:54:58.13999+00	4	Акт допуска
9	meter_documents/2026/04/27/Паспорта_прибор_и_ТТ_023240140296.pdf	2026-04-27 09:55:18.010947+00	4	Паспорта на прибор и трансформаторы тока
10	meter_documents/2026/04/28/Скан-копия_акта_подписанного_на_бумаге_7.PDF	2026-04-28 09:34:50.501551+00	8	Акт периодической поверки июль 2025
12	meter_documents/2026/04/28/Проект.pdf	2026-04-28 09:41:23.298638+00	8	Проект узла учета тепловой энергии
13	meter_documents/2026/04/28/Паспорт_УУТЭ.pdf	2026-04-28 09:49:57.607033+00	8	Паспорт узла учета тепловой энергии
14	meter_documents/2026/04/28/паспорт_водомер_подпитки.pdf	2026-04-28 09:50:36.048004+00	8	Паспорт водомер подпитки
15	meter_documents/2026/04/29/04._акт_снятия_пу_апрель_2024.pdf	2026-04-29 12:02:42.502253+00	5	Акт снятия показаний 04.2024
16	meter_documents/2026/04/29/05._акт_снятия_пу_май_2024.pdf	2026-04-29 12:03:07.770325+00	5	Акт снятия показаний 05.2024
17	meter_documents/2026/04/29/06._акт_снятия_показаний_пу_июнь_2024.pdf	2026-04-29 12:03:53.658627+00	5	Акт снятия показаний 06.2024
18	meter_documents/2026/04/29/07._акт_снятия_пу_июль_2024.pdf	2026-04-29 12:04:19.720972+00	5	Акт снятия показаний 07.2024
19	meter_documents/2026/04/29/08._акт_снятия_показаний_пу_август_2024.pdf	2026-04-29 12:04:50.267936+00	5	Акт снятия показаний 08.2024
20	meter_documents/2026/04/29/09._акт_снятия_показаний_пу_сентябрь_2024.pdf	2026-04-29 12:05:32.362423+00	5	Акт снятия показаний 09.2024
21	meter_documents/2026/04/29/10._акт_снятия_показаний_пу_октябрь_2024.pdf	2026-04-29 12:06:07.013366+00	5	Акт снятия показаний 10.2024
22	meter_documents/2026/04/29/11._акт_снятия_показаний_пу_ноябрь_2024.pdf	2026-04-29 12:06:31.404719+00	5	Акт снятия показаний 11.2024
23	meter_documents/2026/04/29/12._акт_снятия_показаний_декабрь_2024.pdf	2026-04-29 12:06:52.424353+00	5	Акт снятия показаний 12.2024
24	meter_documents/2026/04/29/01._январь_2025.pdf	2026-04-29 12:08:22.912106+00	5	Акт снятия показаний 01.2025
25	meter_documents/2026/04/29/02._февраль_2025.pdf	2026-04-29 12:09:23.327091+00	5	Акт снятия показаний 02.2025
26	meter_documents/2026/04/29/03._март_2025.pdf	2026-04-29 12:09:56.85972+00	5	Акт снятия показаний 03.2025
27	meter_documents/2026/04/29/04._апрель_2025.pdf	2026-04-29 12:10:45.311731+00	5	Акт снятия показаний 04.2025
28	meter_documents/2026/04/29/05._май_2025.pdf	2026-04-29 12:11:21.226896+00	5	Акт снятия показаний 05.2025
29	meter_documents/2026/04/29/06._июнь_2025.pdf	2026-04-29 12:11:46.087558+00	5	Акт снятия показаний 06.2025
30	meter_documents/2026/04/29/07._июль_2025.pdf	2026-04-29 12:12:15.795481+00	5	Акт снятия показаний 07.2025
31	meter_documents/2026/04/29/08._август_2025.pdf	2026-04-29 12:12:43.594558+00	5	Акт снятия показаний 08.2025
32	meter_documents/2026/04/29/09._сентябрь_2025.pdf	2026-04-29 12:13:14.291601+00	5	Акт снятия показаний 09.2025
33	meter_documents/2026/04/29/10._октябрь_2025.pdf	2026-04-29 12:14:20.037722+00	5	Акт снятия показаний 10.2025
34	meter_documents/2026/04/29/11._ноябрь_2025.pdf	2026-04-29 12:14:42.055548+00	5	Акт снятия показаний 11.2025
35	meter_documents/2026/04/29/12._декабрь_2025.pdf	2026-04-29 12:15:12.026118+00	5	Акт снятия показаний 12.2025
36	meter_documents/2026/04/29/01._январь_2026.pdf	2026-04-29 12:18:51.949315+00	5	Акт снятия показаний 01.2026
37	meter_documents/2026/04/29/02._февраль_2026.pdf	2026-04-29 12:19:14.572614+00	5	Акт снятия показаний 02.2026
38	meter_documents/2026/04/29/03._март_2026.pdf	2026-04-29 12:19:43.536698+00	5	Акт снятия показаний 03.2026
39	meter_documents/2026/04/29/04._апрель_2026.pdf	2026-04-29 12:20:36.180319+00	5	Акт снятия показаний 04.2026
40	meter_documents/2026/05/07/С-ЕШИ_29-04-2026_524405357.2026-05-07.pdf	2026-05-07 07:46:47.669995+00	8	Свидетельство о поверке водомер 29.04.2026
41	meter_documents/2026/05/07/С-ЕШИ_29-04-2026_524401740.2026-05-07.pdf	2026-05-07 07:48:16.555685+00	8	Свидетельство о поверке термометры 29.04.2026
42	meter_documents/2026/05/07/С-ЕАЫ_29-04-2026_524402375.2026-05-07.pdf	2026-05-07 07:50:45.948312+00	8	Свидетельство о поверке прибор 29.04.2026
43	meter_documents/2026/05/07/Акт_демонтажа_29.04.2026.pdf	2026-05-07 08:30:36.69665+00	8	Акт демонтажа ПУ от 29.04.2026
\.


--
-- Data for Name: energy_reading; Type: TABLE DATA; Schema: public; Owner: exploitation_user
--

COPY public.energy_reading (id, date, value, consumption, meter_id) FROM stdin;
2	2025-10-31	20.800	4160.000	1
3	2025-11-28	307.260	57292.000	1
4	2025-12-30	600.830	58714.000	1
5	2026-01-30	876.520	55138.000	1
6	2026-02-27	1125.890	49874.000	1
7	2026-03-31	1386.710	52164.000	1
8	2025-11-28	0.000	0.000	2
9	2025-10-31	\N	\N	3
10	2025-11-28	\N	\N	3
11	2025-12-30	\N	\N	3
12	2026-01-30	\N	\N	3
13	2026-02-27	\N	\N	3
14	2026-03-28	\N	\N	3
15	2024-04-27	79744.000	1903.000	5
16	2024-05-29	87130.000	7386.000	5
17	2024-06-28	90686.000	3556.000	5
18	2024-07-31	94497.000	3811.000	5
19	2024-08-29	98478.000	3981.000	5
20	2024-10-01	102426.000	3948.000	5
21	2024-11-07	109547.000	7121.000	5
22	2024-12-02	113487.000	3940.000	5
23	2025-01-10	119283.000	5796.000	5
24	2025-01-31	122378.000	3095.000	5
25	2025-02-27	126951.000	4573.000	5
26	2025-03-31	132405.000	5454.000	5
27	2025-04-30	138279.000	5874.000	5
28	2025-05-29	141749.000	3470.000	5
29	2025-06-30	146304.000	4555.000	5
30	2025-07-30	149800.000	3496.000	5
31	2025-08-29	152654.000	2854.000	5
32	2025-09-30	157154.000	4500.000	5
33	2025-10-28	161415.000	4261.000	5
34	2025-11-28	166155.000	4740.000	5
35	2025-12-29	170888.000	4733.000	5
36	2026-01-30	174680.000	3792.000	5
37	2026-02-27	178458.000	3778.000	5
38	2026-03-31	182988.000	4530.000	5
39	2026-04-29	187172.000	4184.000	5
40	2026-04-29	1619.860	46630.000	1
41	2026-04-29	\N	\N	3
43	2025-01-31	20512.230	1439.450	8
44	2025-02-28	22053.300	1541.070	8
45	2025-03-30	23062.710	1009.410	8
46	2025-04-30	24016.870	954.160	8
47	2025-05-31	24353.360	336.490	8
48	2025-06-30	24446.370	93.010	8
49	2025-07-31	24551.030	104.660	8
50	2025-08-31	24650.060	99.030	8
51	2025-09-30	24785.580	135.520	8
52	2025-10-31	25666.390	880.810	8
53	2025-11-30	26849.740	1183.350	8
54	2025-12-31	28370.720	1520.980	8
55	2026-01-31	30252.150	1881.430	8
56	2026-02-28	32008.800	1756.650	8
57	2026-03-31	33250.380	1241.580	8
58	2026-04-29	34213.290	962.910	8
59	2024-04-27	95659.000	2291.000	6
60	2024-05-31	102191.000	6532.000	6
61	2024-06-28	105784.000	3593.000	6
62	2024-07-31	109827.000	4043.000	6
63	2024-08-31	113757.000	3930.000	6
64	2024-09-30	117575.000	3818.000	6
65	2024-10-31	123622.000	6047.000	6
66	2024-11-30	127609.000	3987.000	6
67	2024-12-31	133712.000	6103.000	6
68	2025-01-31	136610.000	2898.000	6
69	2025-02-27	140956.000	4346.000	6
70	2025-03-31	145714.000	4758.000	6
71	2025-04-30	150942.000	5228.000	6
72	2025-05-29	154397.000	3455.000	6
73	2025-06-30	158551.000	4154.000	6
74	2025-07-30	162415.000	3864.000	6
79	2025-05-31	223694.000	7257.000	9
75	2025-01-31	194713.000	6472.000	9
76	2025-02-28	201069.000	6356.000	9
80	2025-06-30	230104.000	6410.000	9
77	2025-03-31	208940.000	7871.000	9
78	2025-04-30	216437.000	7497.000	9
81	2025-07-31	234542.000	4438.000	9
82	2025-08-31	237856.000	3314.000	9
83	2025-09-30	243266.000	5410.000	9
84	2025-10-31	248976.000	5710.000	9
85	2025-11-30	256662.000	7686.000	9
86	2025-12-31	265044.000	8382.000	9
87	2026-01-31	272714.000	7670.000	9
88	2026-02-28	280165.000	7451.000	9
89	2026-03-31	290123.000	9958.000	9
42	2026-04-29	298867.000	8744.000	9
\.


--
-- Data for Name: energy_resourcetype; Type: TABLE DATA; Schema: public; Owner: exploitation_user
--

COPY public.energy_resourcetype (id, name, unit) FROM stdin;
1	Электроэнергия-одноставочный	кВт·ч
2	Электроэнергия	кВт·ч
3	Тепловая энергия	Гкал
4	Водоснабжение	м3
\.


--
-- Data for Name: energy_tariffcomponent; Type: TABLE DATA; Schema: public; Owner: exploitation_user
--

COPY public.energy_tariffcomponent (id, name, unit, is_multi_tariff_zone, valid_from, valid_to, price, resource_type_id) FROM stdin;
1	Электроэнергия-одноставочный	кВт·ч	f	2025-07-01	\N	10.11	1
2	Т1 (пик)	кВт·ч	t	2025-07-01	\N	10.11	2
3	Т2 (ночь)	кВт·ч	t	2025-07-01	\N	4.61	2
4	Т3 (полупик)	кВт·ч	t	2025-07-01	\N	8.46	2
\.


--
-- Data for Name: energy_userlog; Type: TABLE DATA; Schema: public; Owner: exploitation_user
--

COPY public.energy_userlog (id, action, model_name, object_id, details, ip_address, "timestamp", user_id) FROM stdin;
1	VIEW	Report		Просмотр отчёта по потреблению за Апрель 2026, фильтр: all	78.17.66.84	2026-04-26 20:47:07.153848+00	2
2	VIEW	Report		Просмотр отчёта по аномалиям (порог 2.0)	78.17.66.84	2026-04-26 20:47:11.338643+00	2
3	VIEW	Report		Просмотр отчёта по потреблению за Апрель 2026, фильтр: all	85.198.105.97	2026-04-26 20:48:50.873347+00	2
4	VIEW	Report		Просмотр отчёта по потреблению за Апрель 2026, фильтр: all	85.198.105.97	2026-04-26 20:54:42.789493+00	2
5	VIEW	Report		Просмотр отчёта по аномалиям (порог 2.0)	78.17.66.84	2026-04-26 21:06:43.047971+00	2
6	VIEW	Meter	1	Просмотр счётчика 023240140686	86.110.118.251	2026-04-27 07:56:26.203597+00	2
7	CREATE	MeterDocument	1	Загружен документ для счётчика 023240140686: АДПУ_023240140686.pdf	86.110.118.251	2026-04-27 07:59:46.826018+00	2
8	VIEW	Meter	1	Просмотр счётчика 023240140686	86.110.118.251	2026-04-27 07:59:47.168873+00	2
9	CREATE	MeterDocument	2	Загружен документ для счётчика 023240140686: Паспорта_прибор_и_ТТ_023240140686.pdf	86.110.118.251	2026-04-27 08:01:27.355877+00	2
10	VIEW	Meter	1	Просмотр счётчика 023240140686	86.110.118.251	2026-04-27 08:01:27.447556+00	2
11	CREATE	Reading	1	Показание для 023240140686 от 2026-05-30: 0	86.110.118.251	2026-04-27 08:02:15.198574+00	2
12	VIEW	Meter	1	Просмотр счётчика 023240140686	86.110.118.251	2026-04-27 08:02:15.270193+00	2
13	VIEW	Meter	1	Просмотр счётчика 023240140686	86.110.118.251	2026-04-27 08:07:44.914422+00	2
14	CREATE	Meter	2	Добавлен счётчик: 023240140718, тип: Электроэнергия-одноставочный	86.110.118.251	2026-04-27 08:11:52.316319+00	2
15	EDIT	Meter	1	Редактирование счётчика 023240140686	86.110.118.251	2026-04-27 08:12:13.130838+00	2
16	VIEW	Meter	2	Просмотр счётчика 023240140718	86.110.118.251	2026-04-27 08:14:59.048391+00	2
17	CREATE	MeterDocument	3	Загружен документ для счётчика 023240140718: АДПУ_023240140718.pdf	86.110.118.251	2026-04-27 08:15:19.330443+00	2
18	VIEW	Meter	2	Просмотр счётчика 023240140718	86.110.118.251	2026-04-27 08:15:19.411091+00	2
19	CREATE	MeterDocument	4	Загружен документ для счётчика 023240140718: Паспорта_прибор_и_ТТ_023240140718.pdf	86.110.118.251	2026-04-27 08:15:46.149914+00	2
20	VIEW	Meter	2	Просмотр счётчика 023240140718	86.110.118.251	2026-04-27 08:15:46.243759+00	2
21	VIEW	Meter	1	Просмотр счётчика 023240140686	86.110.118.251	2026-04-27 08:19:38.41002+00	2
22	VIEW	Meter	2	Просмотр счётчика 023240140718	86.110.118.251	2026-04-27 08:19:44.110557+00	2
23	CREATE	Meter	3	Добавлен счётчик: 23240140876, тип: Электроэнергия	86.110.118.251	2026-04-27 09:44:48.797866+00	2
24	CREATE	Meter	4	Добавлен счётчик: 023240140296, тип: Электроэнергия	86.110.118.251	2026-04-27 09:46:37.236763+00	2
25	CREATE	Meter	5	Добавлен счётчик: 256780, тип: Электроэнергия-одноставочный	86.110.118.251	2026-04-27 09:48:21.426694+00	2
26	CREATE	Meter	6	Добавлен счётчик: 256789, тип: Электроэнергия-одноставочный	86.110.118.251	2026-04-27 09:48:43.901903+00	2
27	VIEW	Meter	3	Просмотр счётчика 23240140876	86.110.118.251	2026-04-27 09:53:35.423876+00	2
28	CREATE	MeterDocument	5	Загружен документ для счётчика 23240140876: АДПУ_023240140876.pdf	86.110.118.251	2026-04-27 09:53:57.656409+00	2
29	VIEW	Meter	3	Просмотр счётчика 23240140876	86.110.118.251	2026-04-27 09:53:57.76595+00	2
30	CREATE	MeterDocument	6	Загружен документ для счётчика 23240140876: Паспорта_прибор_и_ТТ_023240140876.pdf	86.110.118.251	2026-04-27 09:54:23.431689+00	2
31	VIEW	Meter	3	Просмотр счётчика 23240140876	86.110.118.251	2026-04-27 09:54:23.54254+00	2
32	CREATE	MeterDocument	7	Загружен документ для счётчика 23240140876: Паспорта_прибор_и_ТТ_023240140876_DsqWGuy.pdf	86.110.118.251	2026-04-27 09:54:24.875506+00	2
33	VIEW	Meter	4	Просмотр счётчика 023240140296	86.110.118.251	2026-04-27 09:54:42.717818+00	2
34	CREATE	MeterDocument	8	Загружен документ для счётчика 023240140296: АДПУ_023240140296.pdf	86.110.118.251	2026-04-27 09:54:58.196783+00	2
35	VIEW	Meter	4	Просмотр счётчика 023240140296	86.110.118.251	2026-04-27 09:54:58.300472+00	2
36	CREATE	MeterDocument	9	Загружен документ для счётчика 023240140296: Паспорта_прибор_и_ТТ_023240140296.pdf	86.110.118.251	2026-04-27 09:55:18.150004+00	2
37	VIEW	Meter	4	Просмотр счётчика 023240140296	86.110.118.251	2026-04-27 09:55:18.314303+00	2
38	VIEW	Meter	4	Просмотр счётчика 023240140296	86.110.118.251	2026-04-27 09:55:41.857379+00	2
39	CREATE	Meter	7	Добавлен счётчик: 256790, тип: Электроэнергия-одноставочный	86.110.118.251	2026-04-27 09:56:03.406799+00	2
40	VIEW	Meter	1	Просмотр счётчика 023240140686	78.17.66.84	2026-04-27 10:44:05.720685+00	2
41	VIEW	Report		Просмотр отчёта по потреблению за Апрель 2026, фильтр: all	86.110.118.251	2026-04-27 13:16:51.248164+00	2
42	VIEW	Report		Просмотр отчёта по потреблению за 2026, фильтр: all	86.110.118.251	2026-04-27 13:17:04.156981+00	2
43	VIEW	Report		Просмотр отчёта по потреблению за 2026, фильтр: all	86.110.118.251	2026-04-27 13:17:06.382607+00	2
44	VIEW	Report		Просмотр отчёта по потреблению за 2026, фильтр: all	86.110.118.251	2026-04-27 13:17:07.375288+00	2
45	VIEW	Report		Просмотр отчёта по потреблению за 2026, фильтр: all	86.110.118.251	2026-04-27 13:17:07.941911+00	2
46	VIEW	Report		Просмотр отчёта по потреблению за 2026, фильтр: all	86.110.118.251	2026-04-27 13:17:08.117419+00	2
47	VIEW	Report		Просмотр отчёта по потреблению за 2026, фильтр: all	86.110.118.251	2026-04-27 13:17:08.292235+00	2
48	VIEW	Report		Просмотр отчёта по потреблению за 2026, фильтр: all	86.110.118.251	2026-04-27 13:17:08.451416+00	2
49	VIEW	Report		Просмотр отчёта по потреблению за 2026, фильтр: all	86.110.118.251	2026-04-27 13:17:08.720851+00	2
50	VIEW	Report		Просмотр отчёта по потреблению за 2026, фильтр: all	86.110.118.251	2026-04-27 13:17:09.282914+00	2
51	VIEW	Report		Просмотр отчёта по потреблению за 2026, фильтр: all	86.110.118.251	2026-04-27 13:17:09.48742+00	2
52	VIEW	Report		Просмотр отчёта по потреблению за 2026, фильтр: all	86.110.118.251	2026-04-27 13:17:09.684231+00	2
53	VIEW	Report		Просмотр отчёта по потреблению за 2026, фильтр: 2	86.110.118.251	2026-04-27 13:17:14.829671+00	2
54	VIEW	Report		Просмотр отчёта по потреблению за 2026, фильтр: 1	86.110.118.251	2026-04-27 13:17:18.130493+00	2
55	VIEW	Report		Просмотр отчёта по потреблению за 2026, фильтр: 1	86.110.118.251	2026-04-27 13:17:19.598336+00	2
56	VIEW	Report		Просмотр отчёта по потреблению за 2026, фильтр: 1	86.110.118.251	2026-04-27 13:17:20.020408+00	2
57	VIEW	Report		Просмотр отчёта по потреблению за 2026, фильтр: 1	86.110.118.251	2026-04-27 13:17:20.199566+00	2
58	VIEW	Report		Просмотр отчёта по потреблению за 2026, фильтр: 1	86.110.118.251	2026-04-27 13:17:20.364595+00	2
59	VIEW	Meter	4	Просмотр счётчика 023240140296	86.110.118.251	2026-04-27 15:28:57.811734+00	2
60	VIEW	Meter	1	Просмотр счётчика 023240140686	86.110.118.251	2026-04-27 15:30:19.432701+00	2
61	CREATE	Reading	2	Показание для 023240140686 от 2025-10-31: 0	86.110.118.251	2026-04-27 15:31:22.321847+00	2
62	VIEW	Meter	1	Просмотр счётчика 023240140686	86.110.118.251	2026-04-27 15:31:22.42988+00	2
63	DELETE	Reading	1	Удалено показание для 023240140686 от 2026-05-30	86.110.118.251	2026-04-27 15:31:33.53314+00	2
64	VIEW	Meter	1	Просмотр счётчика 023240140686	86.110.118.251	2026-04-27 15:31:33.611554+00	2
65	CREATE	Reading	3	Показание для 023240140686 от 2025-11-28: 0	86.110.118.251	2026-04-27 15:32:27.31551+00	2
66	VIEW	Meter	1	Просмотр счётчика 023240140686	86.110.118.251	2026-04-27 15:32:27.427073+00	2
67	VIEW	Meter	1	Просмотр счётчика 023240140686	86.110.118.251	2026-04-27 15:32:52.733379+00	2
68	VIEW	Meter	1	Просмотр счётчика 023240140686	86.110.118.251	2026-04-27 15:33:06.014072+00	2
69	VIEW	Meter	1	Просмотр счётчика 023240140686	86.110.118.251	2026-04-27 15:33:10.226214+00	2
70	VIEW	Meter	1	Просмотр счётчика 023240140686	86.110.118.251	2026-04-27 15:33:13.063735+00	2
71	CREATE	Reading	4	Показание для 023240140686 от 2025-12-30: 0	86.110.118.251	2026-04-27 15:33:48.215626+00	2
72	VIEW	Meter	1	Просмотр счётчика 023240140686	86.110.118.251	2026-04-27 15:33:48.319301+00	2
73	CREATE	Reading	5	Показание для 023240140686 от 2026-01-30: 0	86.110.118.251	2026-04-27 15:35:09.523384+00	2
74	VIEW	Meter	1	Просмотр счётчика 023240140686	86.110.118.251	2026-04-27 15:35:09.659343+00	2
75	CREATE	Reading	6	Показание для 023240140686 от 2026-02-27: 0	86.110.118.251	2026-04-27 15:35:34.680235+00	2
76	VIEW	Meter	1	Просмотр счётчика 023240140686	86.110.118.251	2026-04-27 15:35:34.743345+00	2
77	CREATE	Reading	7	Показание для 023240140686 от 2026-03-31: 0	86.110.118.251	2026-04-27 15:36:05.95003+00	2
78	VIEW	Meter	1	Просмотр счётчика 023240140686	86.110.118.251	2026-04-27 15:36:06.02293+00	2
79	VIEW	Meter	1	Просмотр счётчика 023240140686	86.110.118.251	2026-04-27 15:41:35.620903+00	2
80	VIEW	Meter	1	Просмотр счётчика 023240140686	86.110.118.251	2026-04-27 15:42:33.433473+00	2
81	VIEW	Meter	1	Просмотр счётчика 023240140686	86.110.118.251	2026-04-27 15:42:37.570586+00	2
82	VIEW	Meter	1	Просмотр счётчика 023240140686	86.110.118.251	2026-04-27 15:42:46.067069+00	2
83	VIEW	Meter	1	Просмотр счётчика 023240140686	85.198.105.97	2026-04-27 17:31:10.705731+00	2
84	VIEW	Meter	1	Просмотр счётчика 023240140686	78.17.66.84	2026-04-27 17:41:53.200413+00	2
85	VIEW	Meter	1	Просмотр счётчика 023240140686	78.17.66.84	2026-04-27 17:42:10.387981+00	2
86	VIEW	Meter	1	Просмотр счётчика 023240140686	78.17.66.84	2026-04-27 17:42:49.371019+00	2
87	VIEW	Meter	1	Просмотр счётчика 023240140686	78.17.66.84	2026-04-27 17:42:59.475113+00	2
88	VIEW	Report		Просмотр отчёта по аномалиям (порог 2.0)	86.110.118.251	2026-04-28 07:16:58.165178+00	2
89	VIEW	Report		Просмотр отчёта по потреблению за Апрель 2026, фильтр: all	86.110.118.251	2026-04-28 07:39:36.124343+00	2
90	VIEW	Meter	1	Просмотр счётчика 023240140686	86.110.118.251	2026-04-28 07:40:37.031326+00	2
91	VIEW	Meter	2	Просмотр счётчика 023240140718	86.110.118.251	2026-04-28 07:43:47.729927+00	2
92	CREATE	Reading	8	Показание для 023240140718 от 2025-11-28: 0	86.110.118.251	2026-04-28 07:44:41.389564+00	2
93	VIEW	Meter	2	Просмотр счётчика 023240140718	86.110.118.251	2026-04-28 07:44:41.521109+00	2
94	VIEW	Meter	2	Просмотр счётчика 023240140718	86.110.118.251	2026-04-28 09:08:25.161046+00	2
95	VIEW	Meter	1	Просмотр счётчика 023240140686	86.110.118.251	2026-04-28 09:08:33.860427+00	2
96	VIEW	Meter	8	Просмотр счётчика 567-1	86.110.118.251	2026-04-28 09:33:53.301295+00	2
97	CREATE	MeterDocument	10	Загружен документ для счётчика 567-1: Скан-копия_акта_подписанного_на_бумаге_7.PDF	86.110.118.251	2026-04-28 09:34:50.529847+00	2
98	VIEW	Meter	8	Просмотр счётчика 567-1	86.110.118.251	2026-04-28 09:34:50.625752+00	2
99	CREATE	MeterDocument	11	Загружен документ для счётчика 567-1: Акт_демонтажа_УУТЭ_28.04.2026.pdf	86.110.118.251	2026-04-28 09:37:56.896073+00	2
100	VIEW	Meter	8	Просмотр счётчика 567-1	86.110.118.251	2026-04-28 09:37:57.228778+00	2
101	CREATE	MeterDocument	12	Загружен документ для счётчика 567-1: Проект.pdf	86.110.118.251	2026-04-28 09:41:23.32992+00	2
102	VIEW	Meter	8	Просмотр счётчика 567-1	86.110.118.251	2026-04-28 09:41:23.938532+00	2
103	CREATE	MeterDocument	13	Загружен документ для счётчика 567-1: Паспорт_УУТЭ.pdf	86.110.118.251	2026-04-28 09:49:57.635473+00	2
104	VIEW	Meter	8	Просмотр счётчика 567-1	86.110.118.251	2026-04-28 09:49:57.817022+00	2
105	CREATE	MeterDocument	14	Загружен документ для счётчика 567-1: паспорт_водомер_подпитки.pdf	86.110.118.251	2026-04-28 09:50:36.238848+00	2
106	VIEW	Meter	8	Просмотр счётчика 567-1	86.110.118.251	2026-04-28 09:50:36.468708+00	2
107	VIEW	Meter	4	Просмотр счётчика 023240140296	86.110.118.251	2026-04-28 10:04:21.317135+00	2
108	VIEW	Meter	3	Просмотр счётчика 23240140876	86.110.118.251	2026-04-28 10:05:23.286813+00	2
109	CREATE	Reading	9	Показание для 23240140876 от 2025-10-31: 3566.400	86.110.118.251	2026-04-28 10:07:12.142448+00	2
110	VIEW	Meter	3	Просмотр счётчика 23240140876	86.110.118.251	2026-04-28 10:07:12.235416+00	2
171	CREATE	Reading	26	Показание для 42994734 от 2025-03-31: 0	86.110.118.251	2026-04-29 11:46:34.666145+00	2
111	DELETE	MeterDocument	7	Удалён документ Паспорта_прибор_и_ТТ_023240140876_DsqWGuy.pdf для счётчика 23240140876	86.110.118.251	2026-04-28 10:09:44.627095+00	2
112	VIEW	Meter	3	Просмотр счётчика 23240140876	86.110.118.251	2026-04-28 10:09:44.71563+00	2
113	CREATE	Reading	10	Показание для 23240140876 от 2025-11-28: 57331.200	86.110.118.251	2026-04-28 10:10:59.395063+00	2
114	VIEW	Meter	3	Просмотр счётчика 23240140876	86.110.118.251	2026-04-28 10:10:59.47563+00	2
115	VIEW	Meter	3	Просмотр счётчика 23240140876	86.110.118.251	2026-04-28 10:11:17.137431+00	2
116	VIEW	Meter	3	Просмотр счётчика 23240140876	86.110.118.251	2026-04-28 10:11:33.976144+00	2
117	CREATE	Reading	11	Показание для 23240140876 от 2025-12-30: 60627.200	86.110.118.251	2026-04-28 10:12:18.788352+00	2
118	VIEW	Meter	3	Просмотр счётчика 23240140876	86.110.118.251	2026-04-28 10:12:18.878305+00	2
119	CREATE	Reading	12	Показание для 23240140876 от 2026-01-30: 58065.600	86.110.118.251	2026-04-28 10:14:02.653142+00	2
120	VIEW	Meter	3	Просмотр счётчика 23240140876	86.110.118.251	2026-04-28 10:14:02.740723+00	2
121	CREATE	Reading	13	Показание для 23240140876 от 2026-02-27: 53409.600	86.110.118.251	2026-04-28 10:15:27.623543+00	2
122	VIEW	Meter	3	Просмотр счётчика 23240140876	86.110.118.251	2026-04-28 10:15:27.686745+00	2
123	VIEW	Report		Просмотр отчёта по потреблению за Апрель 2026, фильтр: all	86.110.118.251	2026-04-28 10:16:03.38868+00	2
124	VIEW	Report		Просмотр отчёта по потреблению за Апрель 2026, фильтр: all	86.110.118.251	2026-04-28 10:16:05.48462+00	2
125	VIEW	Report		Просмотр отчёта по потреблению за Апрель 2026, фильтр: all	86.110.118.251	2026-04-28 10:16:06.589625+00	2
126	VIEW	Report		Просмотр отчёта по потреблению за Апрель 2026, фильтр: all	86.110.118.251	2026-04-28 10:16:06.990013+00	2
127	VIEW	Report		Просмотр отчёта по потреблению за Март 2026, фильтр: all	86.110.118.251	2026-04-28 10:16:12.360443+00	2
128	VIEW	Report		Просмотр отчёта по потреблению за Февраль 2026, фильтр: all	86.110.118.251	2026-04-28 10:16:21.606989+00	2
129	VIEW	Meter	3	Просмотр счётчика 23240140876	86.110.118.251	2026-04-28 10:16:50.076946+00	2
130	CREATE	Reading	14	Показание для 23240140876 от 2026-03-28: 62030.400	86.110.118.251	2026-04-28 10:17:51.000034+00	2
131	VIEW	Meter	3	Просмотр счётчика 23240140876	86.110.118.251	2026-04-28 10:17:51.216743+00	2
132	VIEW	Meter	3	Просмотр счётчика 23240140876	86.110.118.251	2026-04-28 10:18:32.083643+00	2
133	VIEW	Meter	1	Просмотр счётчика 023240140686	86.110.118.251	2026-04-28 10:20:47.062856+00	2
134	VIEW	Meter	5	Просмотр счётчика 256780	86.110.118.251	2026-04-28 10:20:59.274215+00	2
135	VIEW	Report		Просмотр отчёта по потреблению за Апрель 2026, фильтр: all	86.110.118.251	2026-04-28 10:22:15.594449+00	2
136	VIEW	Meter	1	Просмотр счётчика 023240140686	86.110.118.251	2026-04-28 10:32:24.956914+00	2
137	VIEW	Meter	2	Просмотр счётчика 023240140718	86.110.118.251	2026-04-28 10:33:22.223378+00	2
138	VIEW	Meter	3	Просмотр счётчика 23240140876	86.110.118.251	2026-04-28 10:33:30.482169+00	2
139	VIEW	Meter	1	Просмотр счётчика 023240140686	85.198.105.97	2026-04-28 18:07:24.190816+00	2
140	VIEW	Meter	8	Просмотр счётчика 567-1	85.198.105.97	2026-04-28 19:35:33.048612+00	2
141	EDIT	Meter	5	Редактирование счётчика 42994734	86.110.118.251	2026-04-29 09:44:17.294826+00	2
142	CREATE	Reading	15	Показание для 42994734 от 2024-04-27: 0	86.110.118.251	2026-04-29 09:44:57.271844+00	2
143	VIEW	Meter	5	Просмотр счётчика 42994734	86.110.118.251	2026-04-29 09:45:06.387057+00	2
144	CREATE	Reading	16	Показание для 42994734 от 2025-05-29: 0	86.110.118.251	2026-04-29 09:47:41.594899+00	2
145	VIEW	Meter	5	Просмотр счётчика 42994734	86.110.118.251	2026-04-29 09:47:41.658149+00	2
146	EDIT	Reading	16	Показание для 42994734 от 2024-05-29: 7386.000000	86.110.118.251	2026-04-29 09:48:18.813833+00	2
147	VIEW	Meter	5	Просмотр счётчика 42994734	86.110.118.251	2026-04-29 09:48:18.89948+00	2
148	CREATE	Reading	17	Показание для 42994734 от 2024-06-28: 0	86.110.118.251	2026-04-29 09:50:15.558581+00	2
149	VIEW	Meter	5	Просмотр счётчика 42994734	86.110.118.251	2026-04-29 09:50:15.674381+00	2
150	CREATE	Reading	18	Показание для 42994734 от 2024-07-31: 0	86.110.118.251	2026-04-29 09:51:55.568705+00	2
151	VIEW	Meter	5	Просмотр счётчика 42994734	86.110.118.251	2026-04-29 09:51:55.638799+00	2
152	VIEW	Report		Просмотр отчёта по потреблению за Апрель 2026, фильтр: all	86.110.118.251	2026-04-29 09:52:18.52881+00	2
153	VIEW	Report		Просмотр отчёта по потреблению за 2024, фильтр: 1	86.110.118.251	2026-04-29 09:52:31.778084+00	2
154	VIEW	Meter	5	Просмотр счётчика 42994734	86.110.118.251	2026-04-29 09:52:57.062637+00	2
155	CREATE	Reading	19	Показание для 42994734 от 2024-08-29: 0	86.110.118.251	2026-04-29 11:36:47.015145+00	2
156	VIEW	Meter	5	Просмотр счётчика 42994734	86.110.118.251	2026-04-29 11:36:47.420024+00	2
157	CREATE	Reading	20	Показание для 42994734 от 2024-10-29: 0	86.110.118.251	2026-04-29 11:38:13.942039+00	2
158	VIEW	Meter	5	Просмотр счётчика 42994734	86.110.118.251	2026-04-29 11:38:14.281984+00	2
159	CREATE	Reading	21	Показание для 42994734 от 2024-11-07: 0	86.110.118.251	2026-04-29 11:39:25.949098+00	2
160	VIEW	Meter	5	Просмотр счётчика 42994734	86.110.118.251	2026-04-29 11:39:26.048106+00	2
161	CREATE	Reading	22	Показание для 42994734 от 2024-12-02: 0	86.110.118.251	2026-04-29 11:40:38.350279+00	2
162	VIEW	Meter	5	Просмотр счётчика 42994734	86.110.118.251	2026-04-29 11:40:38.464997+00	2
163	EDIT	Reading	20	Показание для 42994734 от 2024-10-01: 3948.000000	86.110.118.251	2026-04-29 11:41:15.740773+00	2
164	VIEW	Meter	5	Просмотр счётчика 42994734	86.110.118.251	2026-04-29 11:41:15.821831+00	2
165	CREATE	Reading	23	Показание для 42994734 от 2025-01-10: 0	86.110.118.251	2026-04-29 11:42:29.426377+00	2
166	VIEW	Meter	5	Просмотр счётчика 42994734	86.110.118.251	2026-04-29 11:42:29.488075+00	2
167	CREATE	Reading	24	Показание для 42994734 от 2025-01-31: 0	86.110.118.251	2026-04-29 11:43:33.576652+00	2
168	VIEW	Meter	5	Просмотр счётчика 42994734	86.110.118.251	2026-04-29 11:43:33.646983+00	2
169	CREATE	Reading	25	Показание для 42994734 от 2025-02-27: 0	86.110.118.251	2026-04-29 11:45:13.953529+00	2
170	VIEW	Meter	5	Просмотр счётчика 42994734	86.110.118.251	2026-04-29 11:45:14.019045+00	2
172	VIEW	Meter	5	Просмотр счётчика 42994734	86.110.118.251	2026-04-29 11:46:34.803113+00	2
173	CREATE	Reading	27	Показание для 42994734 от 2025-05-05: 0	86.110.118.251	2026-04-29 11:47:52.610582+00	2
174	VIEW	Meter	5	Просмотр счётчика 42994734	86.110.118.251	2026-04-29 11:47:52.686163+00	2
175	CREATE	Reading	28	Показание для 42994734 от 2025-05-29: 0	86.110.118.251	2026-04-29 11:49:00.968911+00	2
176	VIEW	Meter	5	Просмотр счётчика 42994734	86.110.118.251	2026-04-29 11:49:01.16345+00	2
177	EDIT	Reading	27	Показание для 42994734 от 2025-04-30: 5874.000000	86.110.118.251	2026-04-29 11:49:42.306064+00	2
178	VIEW	Meter	5	Просмотр счётчика 42994734	86.110.118.251	2026-04-29 11:49:42.39531+00	2
179	CREATE	Reading	29	Показание для 42994734 от 2025-06-30: 0	86.110.118.251	2026-04-29 11:50:30.371412+00	2
180	VIEW	Meter	5	Просмотр счётчика 42994734	86.110.118.251	2026-04-29 11:50:30.450366+00	2
181	VIEW	Meter	5	Просмотр счётчика 42994734	86.110.118.251	2026-04-29 11:51:41.865464+00	2
182	CREATE	Reading	30	Показание для 42994734 от 2025-07-30: 0	86.110.118.251	2026-04-29 11:52:09.246454+00	2
183	VIEW	Meter	5	Просмотр счётчика 42994734	86.110.118.251	2026-04-29 11:52:09.307765+00	2
184	CREATE	Reading	31	Показание для 42994734 от 2025-08-29: 0	86.110.118.251	2026-04-29 11:52:57.770405+00	2
185	VIEW	Meter	5	Просмотр счётчика 42994734	86.110.118.251	2026-04-29 11:52:57.834032+00	2
186	CREATE	Reading	32	Показание для 42994734 от 2025-09-30: 0	86.110.118.251	2026-04-29 11:53:52.203705+00	2
187	VIEW	Meter	5	Просмотр счётчика 42994734	86.110.118.251	2026-04-29 11:53:52.291655+00	2
188	CREATE	Reading	33	Показание для 42994734 от 2025-10-28: 0	86.110.118.251	2026-04-29 11:54:59.128209+00	2
189	VIEW	Meter	5	Просмотр счётчика 42994734	86.110.118.251	2026-04-29 11:54:59.232615+00	2
190	CREATE	Reading	34	Показание для 42994734 от 2025-11-28: 0	86.110.118.251	2026-04-29 11:55:47.206385+00	2
191	VIEW	Meter	5	Просмотр счётчика 42994734	86.110.118.251	2026-04-29 11:55:47.266315+00	2
192	CREATE	Reading	35	Показание для 42994734 от 2025-12-29: 0	86.110.118.251	2026-04-29 11:56:43.93188+00	2
193	VIEW	Meter	5	Просмотр счётчика 42994734	86.110.118.251	2026-04-29 11:56:44.01349+00	2
194	CREATE	Reading	36	Показание для 42994734 от 2026-01-30: 0	86.110.118.251	2026-04-29 11:57:52.361289+00	2
195	VIEW	Meter	5	Просмотр счётчика 42994734	86.110.118.251	2026-04-29 11:57:53.192763+00	2
196	CREATE	Reading	37	Показание для 42994734 от 2026-02-27: 0	86.110.118.251	2026-04-29 11:59:00.229295+00	2
197	VIEW	Meter	5	Просмотр счётчика 42994734	86.110.118.251	2026-04-29 11:59:00.305421+00	2
198	CREATE	Reading	38	Показание для 42994734 от 2026-03-31: 0	86.110.118.251	2026-04-29 11:59:47.780677+00	2
199	VIEW	Meter	5	Просмотр счётчика 42994734	86.110.118.251	2026-04-29 11:59:47.851849+00	2
200	CREATE	Reading	39	Показание для 42994734 от 2026-04-29: 0	86.110.118.251	2026-04-29 12:00:43.447772+00	2
201	VIEW	Meter	5	Просмотр счётчика 42994734	86.110.118.251	2026-04-29 12:00:44.161185+00	2
202	VIEW	Meter	5	Просмотр счётчика 42994734	86.110.118.251	2026-04-29 12:01:14.678261+00	2
203	CREATE	MeterDocument	15	Загружен документ для счётчика 42994734: 04._акт_снятия_пу_апрель_2024.pdf	86.110.118.251	2026-04-29 12:02:42.526245+00	2
204	VIEW	Meter	5	Просмотр счётчика 42994734	86.110.118.251	2026-04-29 12:02:42.64865+00	2
205	CREATE	MeterDocument	16	Загружен документ для счётчика 42994734: 05._акт_снятия_пу_май_2024.pdf	86.110.118.251	2026-04-29 12:03:07.836082+00	2
206	VIEW	Meter	5	Просмотр счётчика 42994734	86.110.118.251	2026-04-29 12:03:07.967478+00	2
207	CREATE	MeterDocument	17	Загружен документ для счётчика 42994734: 06._акт_снятия_показаний_пу_июнь_2024.pdf	86.110.118.251	2026-04-29 12:03:53.694185+00	2
208	VIEW	Meter	5	Просмотр счётчика 42994734	86.110.118.251	2026-04-29 12:03:53.826785+00	2
209	CREATE	MeterDocument	18	Загружен документ для счётчика 42994734: 07._акт_снятия_пу_июль_2024.pdf	86.110.118.251	2026-04-29 12:04:19.758262+00	2
210	VIEW	Meter	5	Просмотр счётчика 42994734	86.110.118.251	2026-04-29 12:04:19.909189+00	2
211	CREATE	MeterDocument	19	Загружен документ для счётчика 42994734: 08._акт_снятия_показаний_пу_август_2024.pdf	86.110.118.251	2026-04-29 12:04:50.294186+00	2
212	VIEW	Meter	5	Просмотр счётчика 42994734	86.110.118.251	2026-04-29 12:04:50.400434+00	2
213	CREATE	MeterDocument	20	Загружен документ для счётчика 42994734: 09._акт_снятия_показаний_пу_сентябрь_2024.pdf	86.110.118.251	2026-04-29 12:05:32.461344+00	2
214	VIEW	Meter	5	Просмотр счётчика 42994734	86.110.118.251	2026-04-29 12:05:32.854207+00	2
215	CREATE	MeterDocument	21	Загружен документ для счётчика 42994734: 10._акт_снятия_показаний_пу_октябрь_2024.pdf	86.110.118.251	2026-04-29 12:06:07.152329+00	2
216	VIEW	Meter	5	Просмотр счётчика 42994734	86.110.118.251	2026-04-29 12:06:07.384516+00	2
217	CREATE	MeterDocument	22	Загружен документ для счётчика 42994734: 11._акт_снятия_показаний_пу_ноябрь_2024.pdf	86.110.118.251	2026-04-29 12:06:31.439459+00	2
218	VIEW	Meter	5	Просмотр счётчика 42994734	86.110.118.251	2026-04-29 12:06:31.53276+00	2
219	CREATE	MeterDocument	23	Загружен документ для счётчика 42994734: 12._акт_снятия_показаний_декабрь_2024.pdf	86.110.118.251	2026-04-29 12:06:52.460206+00	2
220	VIEW	Meter	5	Просмотр счётчика 42994734	86.110.118.251	2026-04-29 12:06:52.872148+00	2
221	CREATE	MeterDocument	24	Загружен документ для счётчика 42994734: 01._январь_2025.pdf	86.110.118.251	2026-04-29 12:08:22.943782+00	2
222	VIEW	Meter	5	Просмотр счётчика 42994734	86.110.118.251	2026-04-29 12:08:23.092615+00	2
223	CREATE	MeterDocument	25	Загружен документ для счётчика 42994734: 02._февраль_2025.pdf	86.110.118.251	2026-04-29 12:09:23.349897+00	2
224	VIEW	Meter	5	Просмотр счётчика 42994734	86.110.118.251	2026-04-29 12:09:23.522921+00	2
225	CREATE	MeterDocument	26	Загружен документ для счётчика 42994734: 03._март_2025.pdf	86.110.118.251	2026-04-29 12:09:56.891043+00	2
226	VIEW	Meter	5	Просмотр счётчика 42994734	86.110.118.251	2026-04-29 12:09:57.224622+00	2
227	CREATE	MeterDocument	27	Загружен документ для счётчика 42994734: 04._апрель_2025.pdf	86.110.118.251	2026-04-29 12:10:45.368045+00	2
228	VIEW	Meter	5	Просмотр счётчика 42994734	86.110.118.251	2026-04-29 12:10:45.749942+00	2
287	VIEW	Meter	5	Просмотр счётчика 42994734	85.198.105.97	2026-05-05 19:23:22.800179+00	2
229	CREATE	MeterDocument	28	Загружен документ для счётчика 42994734: 05._май_2025.pdf	86.110.118.251	2026-04-29 12:11:21.264298+00	2
230	VIEW	Meter	5	Просмотр счётчика 42994734	86.110.118.251	2026-04-29 12:11:21.383238+00	2
231	CREATE	MeterDocument	29	Загружен документ для счётчика 42994734: 06._июнь_2025.pdf	86.110.118.251	2026-04-29 12:11:46.193172+00	2
232	VIEW	Meter	5	Просмотр счётчика 42994734	86.110.118.251	2026-04-29 12:11:46.328281+00	2
233	CREATE	MeterDocument	30	Загружен документ для счётчика 42994734: 07._июль_2025.pdf	86.110.118.251	2026-04-29 12:12:15.830367+00	2
234	VIEW	Meter	5	Просмотр счётчика 42994734	86.110.118.251	2026-04-29 12:12:15.972132+00	2
235	CREATE	MeterDocument	31	Загружен документ для счётчика 42994734: 08._август_2025.pdf	86.110.118.251	2026-04-29 12:12:43.630791+00	2
236	VIEW	Meter	5	Просмотр счётчика 42994734	86.110.118.251	2026-04-29 12:12:43.756779+00	2
237	CREATE	MeterDocument	32	Загружен документ для счётчика 42994734: 09._сентябрь_2025.pdf	86.110.118.251	2026-04-29 12:13:14.324894+00	2
238	VIEW	Meter	5	Просмотр счётчика 42994734	86.110.118.251	2026-04-29 12:13:14.431266+00	2
239	CREATE	MeterDocument	33	Загружен документ для счётчика 42994734: 10._октябрь_2025.pdf	86.110.118.251	2026-04-29 12:14:20.251448+00	2
240	VIEW	Meter	5	Просмотр счётчика 42994734	86.110.118.251	2026-04-29 12:14:20.538748+00	2
241	CREATE	MeterDocument	34	Загружен документ для счётчика 42994734: 11._ноябрь_2025.pdf	86.110.118.251	2026-04-29 12:14:42.176855+00	2
242	VIEW	Meter	5	Просмотр счётчика 42994734	86.110.118.251	2026-04-29 12:14:42.32787+00	2
243	CREATE	MeterDocument	35	Загружен документ для счётчика 42994734: 12._декабрь_2025.pdf	86.110.118.251	2026-04-29 12:15:12.318075+00	2
244	VIEW	Meter	5	Просмотр счётчика 42994734	86.110.118.251	2026-04-29 12:15:12.630779+00	2
245	VIEW	Meter	5	Просмотр счётчика 42994734	86.110.118.251	2026-04-29 12:17:56.403578+00	2
246	CREATE	MeterDocument	36	Загружен документ для счётчика 42994734: 01._январь_2026.pdf	86.110.118.251	2026-04-29 12:18:51.976027+00	2
247	VIEW	Meter	5	Просмотр счётчика 42994734	86.110.118.251	2026-04-29 12:18:52.139181+00	2
248	CREATE	MeterDocument	37	Загружен документ для счётчика 42994734: 02._февраль_2026.pdf	86.110.118.251	2026-04-29 12:19:14.618844+00	2
249	VIEW	Meter	5	Просмотр счётчика 42994734	86.110.118.251	2026-04-29 12:19:14.970043+00	2
250	CREATE	MeterDocument	38	Загружен документ для счётчика 42994734: 03._март_2026.pdf	86.110.118.251	2026-04-29 12:19:43.591865+00	2
251	VIEW	Meter	5	Просмотр счётчика 42994734	86.110.118.251	2026-04-29 12:19:43.75093+00	2
252	CREATE	MeterDocument	39	Загружен документ для счётчика 42994734: 04._апрель_2026.pdf	86.110.118.251	2026-04-29 12:20:36.240641+00	2
253	VIEW	Meter	5	Просмотр счётчика 42994734	86.110.118.251	2026-04-29 12:20:36.397873+00	2
254	VIEW	Meter	5	Просмотр счётчика 42994734	86.110.118.251	2026-04-29 12:20:46.805553+00	2
255	VIEW	Meter	5	Просмотр счётчика 42994734	86.110.118.251	2026-04-29 12:20:49.247892+00	2
256	VIEW	Meter	1	Просмотр счётчика 023240140686	86.110.118.251	2026-04-29 12:21:05.013229+00	2
257	CREATE	Reading	40	Показание для 023240140686 от 2026-04-29: 0	86.110.118.251	2026-04-29 12:22:18.74337+00	2
258	VIEW	Meter	1	Просмотр счётчика 023240140686	86.110.118.251	2026-04-29 12:22:19.028918+00	2
259	VIEW	Meter	3	Просмотр счётчика 23240140876	86.110.118.251	2026-04-29 12:23:23.358823+00	2
260	CREATE	Reading	41	Показание для 23240140876 от 2026-04-29: 56387.200	86.110.118.251	2026-04-29 12:24:24.634531+00	2
261	VIEW	Meter	3	Просмотр счётчика 23240140876	86.110.118.251	2026-04-29 12:24:24.95183+00	2
262	VIEW	Meter	3	Просмотр счётчика 23240140876	86.110.118.251	2026-04-29 12:25:49.669536+00	2
263	VIEW	Meter	3	Просмотр счётчика 23240140876	86.110.118.251	2026-04-29 12:26:09.85931+00	2
264	CREATE	Reading	42	Показание для 022101031 от 2026-04-29: 0	86.110.118.251	2026-04-29 12:28:51.885883+00	2
265	VIEW	Meter	9	Просмотр счётчика 022101031	86.110.118.251	2026-04-29 12:28:54.414583+00	2
266	VIEW	Report		Просмотр отчёта по потреблению за Апрель 2026, фильтр: all	86.110.118.251	2026-04-29 12:30:46.956779+00	2
267	VIEW	Report		Просмотр отчёта по потреблению за Апрель 2026, фильтр: all	78.17.66.84	2026-04-30 04:34:33.141338+00	2
268	VIEW	Meter	5	Просмотр счётчика 42994734	78.17.66.84	2026-04-30 04:34:45.205693+00	2
269	VIEW	Meter	1	Просмотр счётчика 023240140686	86.110.118.251	2026-04-30 11:37:05.948122+00	2
270	VIEW	Meter	2	Просмотр счётчика 023240140718	86.110.118.251	2026-04-30 11:37:11.452195+00	2
271	VIEW	Meter	3	Просмотр счётчика 23240140876	86.110.118.251	2026-04-30 11:37:15.027333+00	2
272	VIEW	Report		Просмотр отчёта по потреблению за Апрель 2026, фильтр: all	86.110.118.251	2026-04-30 11:41:18.147258+00	2
273	VIEW	Report		Просмотр отчёта по потреблению за Март 2026, фильтр: all	86.110.118.251	2026-04-30 11:42:09.692551+00	2
274	VIEW	Report		Просмотр отчёта по аномалиям (порог 2.0)	86.110.118.251	2026-04-30 16:26:18.042883+00	2
275	VIEW	Report		Просмотр отчёта по потреблению за Май 2026, фильтр: all	85.198.105.97	2026-05-02 21:02:01.081663+00	2
276	VIEW	Meter	2	Просмотр счётчика 023240140718	85.198.105.97	2026-05-03 12:47:54.32815+00	2
277	VIEW	Meter	1	Просмотр счётчика 023240140686	85.198.105.97	2026-05-03 12:47:58.926803+00	2
278	VIEW	Report		Просмотр отчёта по потреблению за Май 2026, фильтр: all	85.198.105.97	2026-05-03 14:16:30.161901+00	2
279	VIEW	Report		Просмотр отчёта по аномалиям (порог 2.0)	85.198.105.97	2026-05-03 14:16:32.656532+00	2
280	VIEW	Meter	5	Просмотр счётчика 42994734	85.198.105.97	2026-05-04 03:21:15.524253+00	2
281	VIEW	Meter	5	Просмотр счётчика 42994734	86.110.118.251	2026-05-04 10:47:13.379016+00	2
282	VIEW	Meter	2	Просмотр счётчика 023240140718	86.110.118.251	2026-05-04 10:56:15.812775+00	2
283	VIEW	Meter	9	Просмотр счётчика 022101031	86.110.118.251	2026-05-04 10:56:33.609957+00	2
284	VIEW	Meter	5	Просмотр счётчика 42994734	85.198.105.97	2026-05-05 19:22:04.74804+00	2
285	VIEW	Meter	5	Просмотр счётчика 42994734	85.198.105.97	2026-05-05 19:22:35.39418+00	2
286	VIEW	Meter	5	Просмотр счётчика 42994734	85.198.105.97	2026-05-05 19:22:45.772645+00	2
288	VIEW	Meter	5	Просмотр счётчика 42994734	85.198.105.97	2026-05-05 19:23:26.854143+00	2
289	EDIT	Meter	8	Редактирование счётчика 12103	86.110.118.251	2026-05-06 11:28:30.568756+00	2
290	VIEW	Meter	8	Просмотр счётчика 12103	86.110.118.251	2026-05-06 11:28:42.478475+00	2
291	VIEW	Meter	8	Просмотр счётчика 12103	86.110.118.251	2026-05-06 11:29:31.103137+00	2
292	VIEW	Meter	8	Просмотр счётчика 12103	86.110.118.251	2026-05-06 11:29:41.893303+00	2
293	EDIT	Meter	8	Редактирование счётчика 12103	86.110.118.251	2026-05-06 11:30:04.225987+00	2
294	CREATE	Reading	43	Показание для 12103 от 2025-01-31: 0	86.110.118.251	2026-05-06 11:30:40.800865+00	2
295	VIEW	Meter	8	Просмотр счётчика 12103	86.110.118.251	2026-05-06 11:30:43.086188+00	2
296	CREATE	Reading	44	Показание для 12103 от 2025-02-28: 0	86.110.118.251	2026-05-06 11:35:29.298745+00	2
297	VIEW	Meter	8	Просмотр счётчика 12103	86.110.118.251	2026-05-06 11:35:32.661294+00	2
298	CREATE	Reading	45	Показание для 12103 от 2025-03-30: 0	86.110.118.251	2026-05-06 11:37:53.731729+00	2
299	CREATE	Reading	46	Показание для 12103 от 2025-04-30: 0	86.110.118.251	2026-05-06 11:40:47.50495+00	2
300	VIEW	Meter	8	Просмотр счётчика 12103	86.110.118.251	2026-05-06 11:40:49.924237+00	2
301	VIEW	Meter	8	Просмотр счётчика 12103	86.110.118.251	2026-05-06 11:40:58.70833+00	2
302	VIEW	Meter	9	Просмотр счётчика 022101031	86.110.118.251	2026-05-06 11:55:57.215369+00	2
303	VIEW	Meter	9	Просмотр счётчика 022101031	86.110.118.251	2026-05-06 11:56:01.594786+00	2
304	VIEW	Meter	9	Просмотр счётчика 022101031	86.110.118.251	2026-05-06 11:56:05.292737+00	2
305	VIEW	Meter	8	Просмотр счётчика 12103	86.110.118.251	2026-05-06 11:56:24.682437+00	2
306	VIEW	Meter	8	Просмотр счётчика 12103	86.110.118.251	2026-05-06 11:56:28.041053+00	2
307	CREATE	Reading	47	Показание для 12103 от 2025-05-31: 0	86.110.118.251	2026-05-06 13:40:08.415551+00	2
308	CREATE	Reading	48	Показание для 12103 от 2025-06-30: 0	86.110.118.251	2026-05-06 13:42:02.258203+00	2
309	VIEW	Meter	8	Просмотр счётчика 12103	86.110.118.251	2026-05-06 13:42:06.314928+00	2
310	VIEW	Meter	8	Просмотр счётчика 12103	86.110.118.251	2026-05-06 13:42:10.563635+00	2
311	VIEW	Meter	8	Просмотр счётчика 12103	86.110.118.251	2026-05-06 13:42:41.996481+00	2
312	CREATE	Reading	49	Показание для 12103 от 2025-07-31: 0	86.110.118.251	2026-05-06 13:44:00.799244+00	2
313	VIEW	Meter	8	Просмотр счётчика 12103	86.110.118.251	2026-05-06 13:44:03.248236+00	2
314	CREATE	Reading	50	Показание для 12103 от 2025-08-31: 0	86.110.118.251	2026-05-06 13:45:37.867083+00	2
315	VIEW	Meter	8	Просмотр счётчика 12103	86.110.118.251	2026-05-06 13:45:40.156035+00	2
316	CREATE	Reading	51	Показание для 12103 от 2025-09-30: 0	86.110.118.251	2026-05-06 13:47:44.582245+00	2
317	CREATE	Reading	52	Показание для 12103 от 2025-10-31: 0	86.110.118.251	2026-05-06 13:49:28.608852+00	2
318	VIEW	Meter	8	Просмотр счётчика 12103	86.110.118.251	2026-05-06 13:49:32.294891+00	2
319	VIEW	Meter	8	Просмотр счётчика 12103	86.110.118.251	2026-05-06 13:49:36.598827+00	2
320	CREATE	Reading	53	Показание для 12103 от 2025-11-30: 0	86.110.118.251	2026-05-06 13:51:39.69388+00	2
321	VIEW	Meter	8	Просмотр счётчика 12103	86.110.118.251	2026-05-06 13:51:43.437152+00	2
322	CREATE	Reading	54	Показание для 12103 от 2025-12-31: 0	86.110.118.251	2026-05-06 13:53:59.204287+00	2
323	CREATE	Reading	55	Показание для 12103 от 2026-01-31: 0	86.110.118.251	2026-05-06 13:55:26.771978+00	2
324	VIEW	Meter	8	Просмотр счётчика 12103	86.110.118.251	2026-05-06 13:55:30.191249+00	2
325	VIEW	Meter	8	Просмотр счётчика 12103	86.110.118.251	2026-05-06 13:55:33.492237+00	2
326	CREATE	Reading	56	Показание для 12103 от 2026-02-28: 0	86.110.118.251	2026-05-06 13:57:15.491678+00	2
327	VIEW	Meter	8	Просмотр счётчика 12103	86.110.118.251	2026-05-06 13:57:19.934045+00	2
328	VIEW	Meter	8	Просмотр счётчика 12103	86.110.118.251	2026-05-06 13:57:26.503914+00	2
329	VIEW	Meter	8	Просмотр счётчика 12103	86.110.118.251	2026-05-06 13:57:38.545665+00	2
330	VIEW	Meter	8	Просмотр счётчика 12103	86.110.118.251	2026-05-06 13:57:58.496335+00	2
331	CREATE	Reading	57	Показание для 12103 от 2026-03-31: 0	86.110.118.251	2026-05-06 13:59:17.826246+00	2
332	CREATE	Reading	58	Показание для 12103 от 2026-04-29: 0	86.110.118.251	2026-05-06 14:00:06.964196+00	2
333	VIEW	Meter	8	Просмотр счётчика 12103	86.110.118.251	2026-05-06 14:01:29.961033+00	2
334	VIEW	Meter	8	Просмотр счётчика 12103	86.110.118.251	2026-05-06 14:01:45.167589+00	2
335	VIEW	Meter	5	Просмотр счётчика 42994734	86.110.118.251	2026-05-06 14:04:26.107827+00	2
336	VIEW	Meter	5	Просмотр счётчика 42994734	86.110.118.251	2026-05-06 14:04:29.967781+00	2
337	VIEW	Meter	6	Просмотр счётчика 256789	86.110.118.251	2026-05-06 14:05:38.114226+00	2
338	VIEW	Meter	6	Просмотр счётчика 256789	86.110.118.251	2026-05-06 14:07:01.510538+00	2
339	EDIT	Meter	6	Редактирование счётчика 43092620	86.110.118.251	2026-05-06 14:08:01.861678+00	2
340	CREATE	Reading	59	Показание для 43092620 от 2024-04-27: 0	86.110.118.251	2026-05-06 14:09:07.233506+00	2
341	VIEW	Meter	6	Просмотр счётчика 43092620	86.110.118.251	2026-05-06 14:09:10.95552+00	2
342	CREATE	Reading	60	Показание для 43092620 от 2024-05-31: 0	86.110.118.251	2026-05-06 14:10:29.388257+00	2
343	VIEW	Meter	6	Просмотр счётчика 43092620	86.110.118.251	2026-05-06 14:10:31.435194+00	2
344	VIEW	Meter	6	Просмотр счётчика 43092620	86.110.118.251	2026-05-06 14:10:34.221442+00	2
345	CREATE	Reading	61	Показание для 43092620 от 2024-06-28: 0	86.110.118.251	2026-05-06 14:11:44.001683+00	2
346	VIEW	Meter	6	Просмотр счётчика 43092620	86.110.118.251	2026-05-06 14:11:46.026072+00	2
347	VIEW	Meter	6	Просмотр счётчика 43092620	86.110.118.251	2026-05-06 14:11:50.469529+00	2
348	CREATE	Reading	62	Показание для 43092620 от 2024-07-31: 0	86.110.118.251	2026-05-06 14:13:09.526973+00	2
349	VIEW	Meter	6	Просмотр счётчика 43092620	86.110.118.251	2026-05-06 14:13:44.485076+00	2
350	CREATE	Reading	63	Показание для 43092620 от 2024-08-31: 0	86.110.118.251	2026-05-06 14:14:56.078823+00	2
351	VIEW	Meter	6	Просмотр счётчика 43092620	86.110.118.251	2026-05-06 14:14:58.407734+00	2
352	VIEW	Meter	6	Просмотр счётчика 43092620	86.110.118.251	2026-05-06 14:15:00.81616+00	2
353	CREATE	Reading	64	Показание для 43092620 от 2024-09-30: 0	86.110.118.251	2026-05-06 14:16:25.154433+00	2
354	VIEW	Meter	6	Просмотр счётчика 43092620	86.110.118.251	2026-05-06 14:16:26.794638+00	2
355	VIEW	Meter	6	Просмотр счётчика 43092620	86.110.118.251	2026-05-06 14:16:33.634717+00	2
356	CREATE	Reading	65	Показание для 43092620 от 2024-10-31: 0	86.110.118.251	2026-05-06 14:17:35.583714+00	2
357	CREATE	Reading	66	Показание для 43092620 от 2024-11-30: 0	86.110.118.251	2026-05-06 14:18:19.67559+00	2
358	CREATE	Reading	67	Показание для 43092620 от 2024-12-31: 0	86.110.118.251	2026-05-06 14:19:07.225675+00	2
359	VIEW	Meter	6	Просмотр счётчика 43092620	86.110.118.251	2026-05-06 14:19:09.180268+00	2
360	VIEW	Meter	6	Просмотр счётчика 43092620	86.110.118.251	2026-05-06 14:19:13.316162+00	2
361	VIEW	Meter	6	Просмотр счётчика 43092620	86.110.118.251	2026-05-06 14:46:50.372295+00	2
362	CREATE	Reading	68	Показание для 43092620 от 2025-01-31: 0	86.110.118.251	2026-05-06 14:47:35.50084+00	2
363	VIEW	Meter	6	Просмотр счётчика 43092620	86.110.118.251	2026-05-06 14:50:59.355671+00	2
364	VIEW	Meter	6	Просмотр счётчика 43092620	86.110.118.251	2026-05-06 14:51:06.360015+00	2
365	VIEW	Meter	6	Просмотр счётчика 43092620	86.110.118.251	2026-05-06 14:51:30.177192+00	2
366	CREATE	Reading	69	Показание для 43092620 от 2025-02-27: 0	86.110.118.251	2026-05-06 14:51:54.698563+00	2
367	CREATE	Reading	70	Показание для 43092620 от 2025-03-31: 0	86.110.118.251	2026-05-06 14:52:37.545104+00	2
368	CREATE	Reading	71	Показание для 43092620 от 2025-04-30: 0	86.110.118.251	2026-05-06 14:53:20.215998+00	2
369	CREATE	Reading	72	Показание для 43092620 от 2025-05-29: 0	86.110.118.251	2026-05-06 14:53:50.237658+00	2
370	CREATE	Reading	73	Показание для 43092620 от 2025-06-30: 0	86.110.118.251	2026-05-06 14:54:33.895283+00	2
371	CREATE	Reading	74	Показание для 43092620 от 2025-07-30: 0	86.110.118.251	2026-05-06 14:55:15.886614+00	2
372	VIEW	Meter	6	Просмотр счётчика 43092620	86.110.118.251	2026-05-06 14:55:19.457436+00	2
373	VIEW	Meter	6	Просмотр счётчика 43092620	86.110.118.251	2026-05-06 14:55:32.819123+00	2
374	VIEW	Meter	8	Просмотр счётчика 12103	85.198.105.97	2026-05-06 17:08:12.788902+00	2
375	VIEW	Meter	8	Просмотр счётчика 12103	85.198.105.97	2026-05-06 17:08:16.588143+00	2
376	VIEW	Meter	4	Просмотр счётчика 023240140296	85.198.105.97	2026-05-06 17:11:36.585515+00	2
377	VIEW	Meter	2	Просмотр счётчика 023240140718	85.198.105.97	2026-05-06 17:11:45.23322+00	2
378	VIEW	Meter	3	Просмотр счётчика 23240140876	85.198.105.97	2026-05-06 17:11:51.231825+00	2
379	VIEW	Meter	4	Просмотр счётчика 023240140296	85.198.105.97	2026-05-06 17:13:09.99994+00	2
380	VIEW	Meter	1	Просмотр счётчика 023240140686	85.198.105.97	2026-05-06 17:13:15.370667+00	2
381	VIEW	Meter	3	Просмотр счётчика 23240140876	85.198.105.97	2026-05-06 17:13:38.433412+00	2
382	VIEW	Meter	5	Просмотр счётчика 42994734	85.198.105.97	2026-05-06 17:13:47.168437+00	2
383	VIEW	Meter	9	Просмотр счётчика 022101031	85.198.105.97	2026-05-06 17:13:59.054457+00	2
384	VIEW	Meter	8	Просмотр счётчика 12103	86.110.118.251	2026-05-07 07:45:14.64152+00	2
385	DELETE	MeterDocument	11	Удалён документ Акт_демонтажа_УУТЭ_28.04.2026.pdf для счётчика 12103	86.110.118.251	2026-05-07 07:45:29.608356+00	2
386	VIEW	Meter	8	Просмотр счётчика 12103	86.110.118.251	2026-05-07 07:45:29.685877+00	2
387	CREATE	MeterDocument	40	Загружен документ для счётчика 12103: С-ЕШИ_29-04-2026_524405357.2026-05-07.pdf	86.110.118.251	2026-05-07 07:46:47.679586+00	2
388	VIEW	Meter	8	Просмотр счётчика 12103	86.110.118.251	2026-05-07 07:46:47.775241+00	2
389	CREATE	MeterDocument	41	Загружен документ для счётчика 12103: С-ЕШИ_29-04-2026_524401740.2026-05-07.pdf	86.110.118.251	2026-05-07 07:48:16.562849+00	2
390	VIEW	Meter	8	Просмотр счётчика 12103	86.110.118.251	2026-05-07 07:48:16.63912+00	2
391	CREATE	MeterDocument	42	Загружен документ для счётчика 12103: С-ЕАЫ_29-04-2026_524402375.2026-05-07.pdf	86.110.118.251	2026-05-07 07:50:45.954891+00	2
392	VIEW	Meter	8	Просмотр счётчика 12103	86.110.118.251	2026-05-07 07:50:46.069132+00	2
393	CREATE	MeterDocument	43	Загружен документ для счётчика 12103: Акт_демонтажа_29.04.2026.pdf	86.110.118.251	2026-05-07 08:30:36.712721+00	2
394	VIEW	Meter	8	Просмотр счётчика 12103	86.110.118.251	2026-05-07 08:30:36.834713+00	2
395	VIEW	Meter	8	Просмотр счётчика 12103	86.110.118.251	2026-05-07 08:31:55.407371+00	2
396	VIEW	Report		Просмотр отчёта по потреблению за Май 2026, фильтр: all	86.110.118.251	2026-05-07 08:32:09.529541+00	2
397	VIEW	Report		Просмотр отчёта по потреблению за Апрель 2026, фильтр: all	86.110.118.251	2026-05-07 08:32:19.815742+00	2
398	VIEW	Meter	8	Просмотр счётчика 12103	86.110.118.251	2026-05-08 08:30:24.137725+00	2
399	VIEW	Meter	3	Просмотр счётчика 23240140876	86.110.118.251	2026-05-08 08:36:07.208094+00	2
400	VIEW	Report		Просмотр отчёта по потреблению за Май 2026, фильтр: all	86.110.118.251	2026-05-08 08:38:58.134239+00	2
401	VIEW	Report		Просмотр отчёта по потреблению за 2026, фильтр: all	86.110.118.251	2026-05-08 08:39:10.122834+00	2
402	EDIT	Meter	9	Редактирование счётчика 022101031	86.110.118.251	2026-05-08 08:47:36.394433+00	2
403	VIEW	Meter	6	Просмотр счётчика 43092620	86.110.118.251	2026-05-08 08:47:43.015075+00	2
404	VIEW	Meter	9	Просмотр счётчика 022101031	86.110.118.251	2026-05-08 08:48:11.052256+00	2
405	EDIT	Reading	42	Показание для 022101031 от 2026-04-29: 110626.000000	86.110.118.251	2026-05-08 08:48:57.572753+00	2
406	VIEW	Meter	9	Просмотр счётчика 022101031	86.110.118.251	2026-05-08 08:48:57.634776+00	2
407	VIEW	Meter	8	Просмотр счётчика 12103	86.110.118.251	2026-05-08 09:11:13.169335+00	2
408	CREATE	Reading	75	Показание для 022101031 от 2025-01-31: 0	86.110.118.251	2026-05-08 09:12:26.983507+00	2
409	CREATE	Reading	76	Показание для 022101031 от 2025-02-28: 0	86.110.118.251	2026-05-08 09:13:09.539734+00	2
410	CREATE	Reading	77	Показание для 022101031 от 2025-03-31: 0	86.110.118.251	2026-05-08 09:14:00.907061+00	2
411	CREATE	Reading	78	Показание для 022101031 от 2025-04-30: 0	86.110.118.251	2026-05-08 09:14:33.571955+00	2
412	CREATE	Reading	79	Показание для 022101031 от 2025-05-31: 0	86.110.118.251	2026-05-08 09:15:06.19359+00	2
413	CREATE	Reading	80	Показание для 022101031 от 2025-06-30: 0	86.110.118.251	2026-05-08 09:15:33.953055+00	2
414	CREATE	Reading	81	Показание для 022101031 от 2025-07-31: 0	86.110.118.251	2026-05-08 09:16:00.624426+00	2
415	CREATE	Reading	82	Показание для 022101031 от 2025-08-31: 0	86.110.118.251	2026-05-08 09:16:26.488791+00	2
416	CREATE	Reading	83	Показание для 022101031 от 2025-09-30: 0	86.110.118.251	2026-05-08 09:16:44.401044+00	2
417	CREATE	Reading	84	Показание для 022101031 от 2025-10-31: 0	86.110.118.251	2026-05-08 09:17:04.6541+00	2
418	CREATE	Reading	85	Показание для 022101031 от 2025-11-30: 0	86.110.118.251	2026-05-08 09:21:08.929775+00	2
419	CREATE	Reading	86	Показание для 022101031 от 2025-12-31: 0	86.110.118.251	2026-05-08 09:21:26.267873+00	2
420	CREATE	Reading	87	Показание для 022101031 от 2026-01-31: 0	86.110.118.251	2026-05-08 09:22:02.909232+00	2
421	CREATE	Reading	88	Показание для 022101031 от 2026-02-28: 0	86.110.118.251	2026-05-08 09:22:25.270726+00	2
422	CREATE	Reading	89	Показание для 022101031 от 2026-03-31: 0	86.110.118.251	2026-05-08 09:22:42.490218+00	2
423	VIEW	Meter	9	Просмотр счётчика 022101031	86.110.118.251	2026-05-08 09:23:21.444027+00	2
424	VIEW	Meter	9	Просмотр счётчика 022101031	86.110.118.251	2026-05-08 09:24:04.386852+00	2
425	VIEW	Meter	9	Просмотр счётчика 022101031	86.110.118.251	2026-05-08 09:27:29.360566+00	2
426	VIEW	Meter	9	Просмотр счётчика 022101031	86.110.118.251	2026-05-08 09:27:50.647879+00	2
427	VIEW	Meter	9	Просмотр счётчика 022101031	86.110.118.251	2026-05-08 09:28:06.316935+00	2
428	VIEW	Meter	9	Просмотр счётчика 022101031	86.110.118.251	2026-05-08 09:28:13.213457+00	2
429	VIEW	Meter	8	Просмотр счётчика 12103	86.110.118.251	2026-05-08 09:30:00.672328+00	2
430	VIEW	Meter	8	Просмотр счётчика 12103	86.110.118.251	2026-05-08 09:30:05.4594+00	2
431	VIEW	Meter	9	Просмотр счётчика 022101031	86.110.118.251	2026-05-08 10:36:58.068055+00	2
432	VIEW	Report		Просмотр отчёта по потреблению за Май 2026, фильтр: all	86.110.118.251	2026-05-08 11:17:40.128514+00	2
433	VIEW	Meter	9	Просмотр счётчика 022101031	85.198.105.97	2026-05-08 17:53:57.470732+00	2
434	VIEW	Meter	9	Просмотр счётчика 022101031	85.198.105.97	2026-05-08 17:55:15.888242+00	2
\.


--
-- Data for Name: energy_zonereading; Type: TABLE DATA; Schema: public; Owner: exploitation_user
--

COPY public.energy_zonereading (id, value, consumption, reading_id, tariff_component_id) FROM stdin;
1	7.970	1275.200	9	2
2	4.910	785.600	9	3
3	9.410	1505.600	9	4
4	131.660	19790.400	10	2
5	84.020	12657.600	10	3
6	164.930	24883.200	10	4
7	259.790	20500.800	11	2
8	170.070	13768.000	11	3
9	329.670	26358.400	11	4
10	379.820	19204.800	12	2
11	256.740	13867.200	12	3
12	485.880	24993.600	12	4
13	492.690	18059.200	13	2
14	335.670	12628.800	13	3
15	627.890	22721.600	13	4
16	622.590	20784.000	14	2
17	426.500	14532.800	14	3
18	794.850	26713.600	14	4
19	741.360	19003.200	41	2
20	509.310	13249.600	41	3
21	945.690	24134.400	41	4
\.


--
-- Data for Name: exploitation_app_additionalagreement; Type: TABLE DATA; Schema: public; Owner: exploitation_user
--

COPY public.exploitation_app_additionalagreement (id, file, title, signed_date, notes, uploaded_at, contract_id) FROM stdin;
1	additional_agreements/2026/05/04/0842_260502103059_001.pdf	Акт квартальный 01.2026	2026-05-01		2026-05-04 10:45:58.865763+00	12
\.


--
-- Data for Name: exploitation_app_contractexecution; Type: TABLE DATA; Schema: public; Owner: exploitation_user
--

COPY public.exploitation_app_contractexecution (id, year, month, paid_amount, payment_date, notes, created_at, updated_at, contract_id, document) FROM stdin;
1	2026	3	44000.00	2026-04-10		2026-04-27 11:15:56.547136+00	2026-04-27 11:15:56.547171+00	12	\N
2	2026	2	71666.00	2026-02-10		2026-04-27 11:17:17.520921+00	2026-04-27 11:17:17.52094+00	11	\N
3	2026	3	71666.00	2026-03-10		2026-04-27 11:17:47.494302+00	2026-04-27 11:17:47.494323+00	11	\N
4	2026	1	11000.00	2026-01-13		2026-04-27 11:19:15.529399+00	2026-04-27 11:19:15.529436+00	10	\N
5	2026	2	11000.00	2026-02-27		2026-04-27 11:19:38.138343+00	2026-04-27 11:19:38.138364+00	10	\N
6	2026	3	11000.00	2026-04-27		2026-04-27 11:20:03.145012+00	2026-04-27 11:20:03.145053+00	10	\N
7	2026	1	58000.00	2026-01-13		2026-04-27 12:56:01.282262+00	2026-04-27 12:56:01.28229+00	9	\N
8	2026	1	8292.98	2026-01-30		2026-04-27 12:56:58.874749+00	2026-04-27 12:57:16.02469+00	8	\N
9	2026	2	24134.40	2026-02-27		2026-04-27 12:57:46.618276+00	2026-04-27 12:57:46.618297+00	8	\N
10	2026	3	20576.60	2026-04-30		2026-04-27 12:58:16.496353+00	2026-04-27 12:58:16.496372+00	8	\N
11	2026	1	4198.22	2026-01-30		2026-04-27 13:01:28.825604+00	2026-04-27 13:02:03.221589+00	7	\N
12	2026	2	4198.22	2026-02-27		2026-04-27 13:01:48.291332+00	2026-04-27 13:01:57.599684+00	7	\N
13	2026	3	4198.22	2026-04-30		2026-04-27 13:02:25.259765+00	2026-04-27 13:02:25.259786+00	7	\N
14	2026	1	28700.00	2026-01-30		2026-04-27 13:05:58.468668+00	2026-04-27 13:05:58.46869+00	6	\N
15	2026	2	28700.00	2026-02-27		2026-04-27 13:06:19.841325+00	2026-04-27 13:06:19.841354+00	6	\N
16	2026	3	28700.00	2026-03-30		2026-04-27 13:06:45.670803+00	2026-04-27 13:06:45.670842+00	6	\N
17	2026	1	158744.64	2026-01-30		2026-04-27 13:08:04.903567+00	2026-04-27 13:08:04.903587+00	5	\N
18	2026	2	151741.20	2026-02-27		2026-04-27 13:08:37.630994+00	2026-04-27 13:08:37.631015+00	5	\N
19	2026	3	199987.12	2026-03-31		2026-04-27 13:09:13.480325+00	2026-04-27 13:09:13.480349+00	5	\N
20	2026	1	50315.01	2026-01-30		2026-04-27 13:20:37.222038+00	2026-04-27 13:20:37.222081+00	4	\N
21	2026	2	50315.01	2026-02-27		2026-04-27 13:20:57.726423+00	2026-04-27 13:20:57.726445+00	4	\N
22	2026	3	50315.01	2026-03-31		2026-04-27 13:21:25.422935+00	2026-04-27 13:21:25.422974+00	4	\N
24	2026	1	955979.16	2026-01-30		2026-04-27 13:26:23.485621+00	2026-04-27 13:26:23.485647+00	3	\N
25	2026	2	886536.89	2026-02-27		2026-04-27 13:26:54.510043+00	2026-04-27 13:26:54.510064+00	3	\N
26	2026	3	1050147.77	2026-03-31		2026-04-27 13:27:27.850577+00	2026-04-27 13:27:27.850616+00	3	\N
27	2026	1	965734.51	2026-01-30		2026-04-27 13:31:18.828676+00	2026-04-27 13:32:45.485853+00	2	\N
28	2026	2	939596.69	2026-02-26		2026-04-27 13:32:32.233375+00	2026-04-27 13:32:32.233427+00	2	\N
29	2026	3	1238808.79	2026-03-31		2026-04-27 13:33:13.457172+00	2026-04-27 13:33:13.457208+00	2	\N
30	2026	1	5773757.74	2026-01-30		2026-04-27 13:35:08.095147+00	2026-04-27 13:35:08.095184+00	13	\N
31	2026	2	5395046.60	2026-02-27		2026-04-27 13:35:50.527447+00	2026-04-27 13:35:50.527468+00	13	\N
32	2026	3	3831958.61	2026-03-31		2026-04-27 13:36:24.096835+00	2026-04-27 13:36:24.096879+00	13	\N
\.


--
-- Data for Name: exploitation_app_operationcontract; Type: TABLE DATA; Schema: public; Owner: exploitation_user
--

COPY public.exploitation_app_operationcontract (id, contract_number, contract_type, contractor, contractor_contact, customer_contact, signed_date, start_date, end_date, total_amount, status, document, notes, created_at, updated_at, building_id, contractor_contact_phone, contract_subject) FROM stdin;
1	29-44-26 ЕП	MNT	ООО «Поверено»			2026-04-20	2026-04-20	2026-05-13	33333.33	ACT			2026-04-27 11:13:09.451304+00	2026-04-27 15:04:58.989001+00	1		Оказание услуг по поверке узла учета тепловой энергии
3	77700001002048	UTL	АО "Мосэнергосбыт			2026-05-20	2026-06-20	2026-06-20	14522982.50	ACT			2026-04-27 11:13:09.538799+00	2026-04-27 13:33:33.466791+00	1		Поставка электроэнергии
6	14-44-26 ЕП	MNT	ООО ПРОГРЕССЛИФТСЕРВИС			2025-12-30	2026-01-01	2026-12-31	344400.00	ACT			2026-04-27 11:13:09.63107+00	2026-04-27 11:13:09.631093+00	1		Техническое обслуживание лифтов
7	ТО-166П	MNT	АО "Мослифт"			2025-12-24	2026-01-01	2026-12-31	50378.64	ACT			2026-04-27 11:13:09.667914+00	2026-04-27 11:13:09.667941+00	1		Техническое обслуживание грузового подъемника
9	16-44-26 ЕП	MNT	ООО "ИЦ СОЮЗ"			2026-01-20	2026-01-20	2026-01-30	58000.00	EXP			2026-04-27 11:13:09.73263+00	2026-04-27 11:13:09.732662+00	1		Освидетельствование грузоподъемного оборудования
13	07.300266кТЭ	UTL	ПАО "МОЭК"			2026-05-20	2026-06-20	2026-06-20	38799128.02	ACT	contracts/2026/04/29/Контракт_07.300266кТЭ_от_17.12.2025.pdf		2026-04-27 11:24:50.435594+00	2026-04-29 09:40:54.623251+00	1		Поставка тепловой энергии
12	18-44-26 ЕП	MNT	ООО "ФЭЗЕРА"			2026-06-20	2026-06-20	2026-07-20	528000.00	ACT			2026-04-27 11:13:09.812344+00	2026-05-04 10:45:58.878106+00	1		Техническое обслуживание АПС и СОУЭ, РСПИ Стрелец-Мониторинг
11	13-223-26 ЕП	MNT	ООО "Служба Эксплуатации и Ремонта"			2026-06-20	2026-06-20	2026-06-20	429996.00	ACT	contracts/2026/05/08/Договор_13-223-26_ЕП_от_26.01.26.pdf		2026-04-27 11:13:09.788647+00	2026-05-08 09:02:15.234611+00	1		Техническое обслуживание теплотехнического оборудования теплового пункта
10	5-223-26 ЕП	OTH	ООО "МДЛ"			2026-05-20	2026-06-20	2026-06-20	132000.00	ACT	contracts/2026/05/08/Договор_5-223-26ЕП_от_29.12.25.pdf		2026-04-27 11:13:09.764614+00	2026-05-08 09:07:30.403723+00	1		Предрейсовые медицинские осмотры
2	3077033	UTL	АО "Мосводоканал"			2026-06-20	2026-06-20	2026-06-20	9859711.76	ACT	contracts/2026/05/08/3077033_от_21.11.2024.pdf		2026-04-27 11:13:09.502185+00	2026-05-08 09:08:17.454397+00	1		Поставка холодного водоснабжения
4	14227-50404	UTL	ГУП "Мосводосток"			2026-05-20	2026-06-20	2026-06-20	653730.09	ACT	contracts/2026/05/08/14227-50404_от_17.12.2025.pdf		2026-04-27 11:13:09.565748+00	2026-05-08 09:09:36.63038+00	1		Водоотведение сточных вод
5	7-7-591723/26	UTL	ООО МКМ-Логистика (АО "Экотехпром")			2026-05-20	2026-06-20	2026-06-20	2364032.05	ACT	contracts/2026/05/08/Договор_7-7-591723-26_от_17.12.2025.pdf		2026-04-27 11:13:09.596661+00	2026-05-08 09:10:56.50441+00	1		Утилизация ТКО и КГО
8	6-223-26 ЕП	OTH	ООО "ЛИКАРД"			2026-06-20	2026-06-20	2026-07-20	450000.00	ACT	contracts/2026/05/08/ДОГОВОР__6-223-26_ЕП.pdf		2026-04-27 11:13:09.700478+00	2026-05-08 09:33:26.082386+00	1		ГСМ
\.


--
-- Data for Name: requests_app_material; Type: TABLE DATA; Schema: public; Owner: exploitation_user
--

COPY public.requests_app_material (id, name, unit, default_price, quantity_in_stock) FROM stdin;
4	Лента бордюрная для ванн	шт.	10.00	450.000
5	Сифон для ван	шт.	5.00	350.000
8	Шланг для душа рус-имп	шт.	50.00	105.000
9	Шланг для душа имп-имп	шт.	50.00	75.000
10	Излив смесителя для ванной	шт.	25.00	145.000
11	Герметик универсальный	шт.	55.00	155.000
13	Клей монтажный	шт.	5.00	188.000
16	Скоба для степлера	шт.	0.08	3000.000
18	Цилиндр для замка	шт.	150.00	15.000
19	Ограничитель оконный для ПВХ	шт.	80.00	25.000
20	Доводчик дверной 80 кг	шт.	1000.00	5.000
21	Доводчик дверной 100 кг	шт.	1600.00	4.000
22	Ходовой ролик для шкафа купе	шт.	36.00	20.000
23	Круг отрезной по металлу	шт.	30.00	50.000
24	Анкер втулочный	шт.	515.60	60.000
7	Набор сантехнических прокладок дл смесителя	компл.	500.00	10.000
6	Сифон для раковины	шт.	280.00	10.000
14	Ручка для металлопластиковых окон	шт.	70.00	25.000
15	Смазка силиконовая	шт.	6.00	349.800
28	Светильник светодиодный 600х600	шт.	761.64	110.000
25	Лампа люминисцентная 18W/640	шт.	53.00	374.000
27	Стартер для люминисцентных ламп	шт.	18.00	292.000
26	Лампа светодиодная Е27 12Вт	шт.	42.00	96.000
12	Гибкая подводка для смесителя	шт.	150.00	118.000
17	Электроды сварочные	шт.	3.68	175.000
\.


--
-- Data for Name: requests_app_requestassignee; Type: TABLE DATA; Schema: public; Owner: exploitation_user
--

COPY public.requests_app_requestassignee (id, assigned_at, request_id, user_id) FROM stdin;
1	2026-05-05 19:19:08.819953+00	175	9
2	2026-05-05 19:20:12.751529+00	175	4
3	2026-05-06 06:18:16.355064+00	176	10
4	2026-05-06 15:01:51.617311+00	183	10
5	2026-05-07 09:14:40.490826+00	193	10
6	2026-05-07 09:15:00.816626+00	193	4
7	2026-05-07 09:17:22.332455+00	194	9
8	2026-05-08 11:20:27.757785+00	214	10
9	2026-05-08 11:20:38.409421+00	214	7
10	2026-05-08 11:32:36.565456+00	215	10
11	2026-05-08 14:00:49.396205+00	217	9
\.


--
-- Data for Name: requests_app_requestfile; Type: TABLE DATA; Schema: public; Owner: exploitation_user
--

COPY public.requests_app_requestfile (id, file, uploaded_at, request_id, uploaded_by_id, description) FROM stdin;
1	request_files/2026/04/27/3d06b0ed-3292-4542-879c-4a68c8e56ed3.jfif	2026-04-27 11:02:53.552962+00	4	\N	
2	request_files/2026/04/28/291d1e05-7c9b-43c2-bdf8-2479439f1c67.jfif	2026-04-28 20:18:43.816271+00	62	\N	
\.


--
-- Data for Name: requests_app_requesthistory; Type: TABLE DATA; Schema: public; Owner: exploitation_user
--

COPY public.requests_app_requesthistory (id, action, old_value, new_value, created_at, request_id, user_id) FROM stdin;
1	Заявка отредактирована	\N	\N	2026-05-04 19:11:30.707765+00	168	2
2	Заявка отредактирована	\N	\N	2026-05-04 19:19:23.588037+00	168	2
3	Заявка отредактирована	\N	\N	2026-05-04 19:27:25.40774+00	168	2
4	Заявка отредактирована	\N	\N	2026-05-04 19:35:40.216087+00	168	2
5	Заявка отредактирована	\N	\N	2026-05-04 19:38:17.045677+00	168	2
6	Заявка отредактирована	\N	\N	2026-05-04 19:38:34.500065+00	168	2
7	Заявка отредактирована	\N	\N	2026-05-04 19:39:29.971972+00	168	2
8	Заявка отредактирована	\N	\N	2026-05-04 19:43:52.801645+00	168	2
9	Заявка отредактирована	\N	\N	2026-05-04 19:45:00.54152+00	168	2
10	Заявка отредактирована	\N	\N	2026-05-04 19:46:58.429084+00	168	2
11	Создана заявка №ЗЯ-000169	\N	\N	2026-05-05 11:29:46.547251+00	169	3
12	Назначен исполнитель: Александр Пеньков	\N	\N	2026-05-05 11:30:12.727268+00	169	3
13	Заявка отмечена как выполненная	\N	\N	2026-05-05 11:30:20.515427+00	169	3
14	Создана заявка №ЗЯ-000170	\N	\N	2026-05-05 11:31:25.601369+00	170	3
15	Назначен исполнитель: Александр Пеньков	\N	\N	2026-05-05 11:31:34.333085+00	170	3
16	Создана заявка №ЗЯ-000171	\N	\N	2026-05-05 11:32:16.651477+00	171	3
17	Назначен исполнитель: Александр Пеньков	\N	\N	2026-05-05 11:32:26.541839+00	171	3
18	Заявка отмечена как выполненная	\N	\N	2026-05-05 11:32:42.25865+00	170	3
19	Заявка отмечена как выполненная	\N	\N	2026-05-05 11:32:45.661227+00	171	3
20	Создана заявка №ЗЯ-000172	\N	\N	2026-05-05 11:33:52.188292+00	172	3
21	Назначен исполнитель: Александр Пеньков	\N	\N	2026-05-05 11:34:00.830812+00	172	3
22	Заявка отредактирована	\N	\N	2026-05-05 13:19:37.407123+00	169	3
23	Заявка отредактирована	\N	\N	2026-05-05 13:20:20.323669+00	171	3
24	Заявка отредактирована	\N	\N	2026-05-05 13:20:56.147992+00	170	3
25	Заявка отредактирована	\N	\N	2026-05-05 13:23:44.959347+00	172	3
26	Заявка отмечена как выполненная	\N	\N	2026-05-05 13:24:53.731118+00	172	3
27	Создана заявка №ЗЯ-000173	\N	\N	2026-05-05 14:14:40.581021+00	173	3
28	Назначен исполнитель: Александр Пеньков	\N	\N	2026-05-05 14:14:48.172731+00	173	3
29	Заявка отмечена как выполненная	\N	\N	2026-05-05 14:14:52.339137+00	173	3
30	Создана заявка №ЗЯ-000174	\N	\N	2026-05-05 15:09:19.792855+00	174	3
31	Назначен исполнитель: Виктор Прохоров	\N	\N	2026-05-05 15:09:28.667431+00	174	3
32	Заявка отмечена как выполненная	\N	\N	2026-05-05 15:09:33.695466+00	174	3
33	Создана заявка №ЗЯ-000175	\N	\N	2026-05-05 15:10:23.446435+00	175	3
34	Назначен исполнитель: Дмитрий Гришин	\N	\N	2026-05-05 15:10:32.934853+00	175	3
35	Заявка отмечена как выполненная	\N	\N	2026-05-05 15:10:36.680172+00	175	3
36	Создана заявка №ЗЯ-000176	\N	\N	2026-05-05 15:12:25.873066+00	176	3
37	Назначен исполнитель: Дмитрий Гришин	\N	\N	2026-05-05 15:12:41.179106+00	176	3
38	Заявка отмечена как выполненная	\N	\N	2026-05-05 15:13:04.552367+00	176	3
39	Заявка отредактирована	\N	\N	2026-05-05 15:30:07.189748+00	161	3
40	Назначен исполнитель: Геннадий Ермилов	\N	\N	2026-05-05 18:48:56.985284+00	176	2
41	Заявка возобновлена	\N	\N	2026-05-05 19:19:00.416544+00	175	2
42	Добавлен исполнитель: Виктор Прохоров	\N	\N	2026-05-05 19:19:08.832115+00	175	2
43	Добавлен исполнитель: Александр Пеньков	\N	\N	2026-05-05 19:20:12.758635+00	175	2
44	Заявка отмечена как выполненная	\N	\N	2026-05-06 05:28:01.506011+00	175	3
45	Назначен исполнитель: Александр Пеньков	\N	\N	2026-05-06 05:30:54.735882+00	177	3
46	Заявка отмечена как выполненная	\N	\N	2026-05-06 05:30:58.70936+00	177	3
47	Назначен исполнитель: Александр Пеньков	\N	\N	2026-05-06 05:32:50.27333+00	178	3
48	Заявка отмечена как выполненная	\N	\N	2026-05-06 05:32:57.144332+00	178	3
49	Заявка закрыта (с материалами)	\N	\N	2026-05-06 05:33:43.969482+00	178	3
50	Заявка отмечена как выполненная	\N	\N	2026-05-06 05:35:10.954153+00	179	3
51	Назначен исполнитель: Александр Пеньков	\N	\N	2026-05-06 05:35:15.664444+00	179	3
52	Заявка возобновлена	\N	\N	2026-05-06 06:17:46.951549+00	176	3
53	Назначен исполнитель: Виктор Прохоров	\N	\N	2026-05-06 06:18:02.484066+00	176	3
54	Добавлен исполнитель: Дмитрий Гришин	\N	\N	2026-05-06 06:18:16.364361+00	176	3
55	Заявка отмечена как выполненная	\N	\N	2026-05-06 06:20:56.647276+00	176	3
56	Заявка возобновлена	\N	\N	2026-05-06 06:26:41.313781+00	176	3
57	Заявка отмечена как выполненная	\N	\N	2026-05-06 06:27:05.517389+00	176	3
58	Назначен исполнитель: Виктор Прохоров	\N	\N	2026-05-06 08:00:29.620391+00	181	3
59	Заявка отмечена как выполненная	\N	\N	2026-05-06 08:00:34.403473+00	181	3
60	Назначен исполнитель: Дмитрий Гришин	\N	\N	2026-05-06 08:04:02.863741+00	180	3
61	Назначен исполнитель: Виктор Прохоров	\N	\N	2026-05-06 08:56:27.754472+00	180	3
62	Заявка отмечена как выполненная	\N	\N	2026-05-06 08:57:33.762966+00	180	3
63	Заявка закрыта (без материалов)	\N	\N	2026-05-06 11:04:44.186763+00	64	3
64	Заявка закрыта (без материалов)	\N	\N	2026-05-06 11:06:12.368719+00	181	3
65	Заявка закрыта (без материалов)	\N	\N	2026-05-06 11:06:23.75726+00	180	3
66	Заявка закрыта (без материалов)	\N	\N	2026-05-06 11:06:30.520152+00	179	3
67	Заявка закрыта (без материалов)	\N	\N	2026-05-06 11:06:39.121978+00	177	3
68	Заявка закрыта (без материалов)	\N	\N	2026-05-06 11:06:51.150222+00	176	3
69	Заявка закрыта (без материалов)	\N	\N	2026-05-06 11:07:01.360463+00	175	3
70	Заявка закрыта (без материалов)	\N	\N	2026-05-06 11:07:17.38044+00	174	3
71	Заявка закрыта (без материалов)	\N	\N	2026-05-06 11:07:25.141857+00	173	3
72	Заявка закрыта (без материалов)	\N	\N	2026-05-06 11:15:43.851821+00	172	3
73	Заявка закрыта (без материалов)	\N	\N	2026-05-06 11:15:55.624911+00	171	3
74	Заявка закрыта (без материалов)	\N	\N	2026-05-06 11:16:03.267992+00	170	3
75	Заявка закрыта (без материалов)	\N	\N	2026-05-06 11:16:10.699234+00	169	3
76	Заявка закрыта (без материалов)	\N	\N	2026-05-06 11:16:20.433703+00	167	3
77	Заявка закрыта (без материалов)	\N	\N	2026-05-06 11:16:31.708922+00	166	3
78	Заявка закрыта (без материалов)	\N	\N	2026-05-06 11:16:44.149861+00	165	3
79	Заявка закрыта (без материалов)	\N	\N	2026-05-06 11:16:53.651104+00	164	3
80	Заявка закрыта (без материалов)	\N	\N	2026-05-06 11:17:02.918861+00	163	3
81	Заявка закрыта (без материалов)	\N	\N	2026-05-06 11:17:21.319477+00	162	3
82	Заявка закрыта (без материалов)	\N	\N	2026-05-06 11:17:30.312267+00	161	3
83	Заявка закрыта (без материалов)	\N	\N	2026-05-06 11:17:39.005488+00	160	3
84	Заявка закрыта (без материалов)	\N	\N	2026-05-06 11:17:50.60434+00	158	3
85	Заявка закрыта (без материалов)	\N	\N	2026-05-06 11:18:04.419096+00	157	3
86	Заявка закрыта (без материалов)	\N	\N	2026-05-06 11:18:17.571211+00	156	3
87	Заявка закрыта (без материалов)	\N	\N	2026-05-06 11:18:41.339839+00	155	3
88	Заявка закрыта (без материалов)	\N	\N	2026-05-06 11:18:55.282945+00	152	3
89	Заявка закрыта (без материалов)	\N	\N	2026-05-06 11:19:06.331438+00	151	3
90	Заявка закрыта (без материалов)	\N	\N	2026-05-06 11:20:28.366433+00	150	3
91	Заявка закрыта (без материалов)	\N	\N	2026-05-06 11:20:36.679236+00	148	3
92	Заявка закрыта (без материалов)	\N	\N	2026-05-06 11:20:52.535102+00	124	3
93	Заявка закрыта (без материалов)	\N	\N	2026-05-06 11:21:38.349754+00	123	3
94	Заявка закрыта (без материалов)	\N	\N	2026-05-06 11:21:48.460673+00	122	3
95	Заявка закрыта (без материалов)	\N	\N	2026-05-06 11:21:56.385672+00	121	3
96	Заявка закрыта (без материалов)	\N	\N	2026-05-06 11:22:04.510042+00	120	3
97	Заявка закрыта (без материалов)	\N	\N	2026-05-06 11:22:13.27684+00	119	3
98	Заявка закрыта (без материалов)	\N	\N	2026-05-06 11:22:32.887451+00	118	3
99	Заявка закрыта (без материалов)	\N	\N	2026-05-06 11:22:54.750113+00	117	3
100	Заявка закрыта (без материалов)	\N	\N	2026-05-06 11:23:27.619441+00	116	3
101	Заявка закрыта (без материалов)	\N	\N	2026-05-06 11:23:36.6364+00	115	3
102	Заявка закрыта (без материалов)	\N	\N	2026-05-06 11:23:50.325167+00	114	3
103	Заявка закрыта (без материалов)	\N	\N	2026-05-06 11:24:07.083702+00	113	3
104	Заявка закрыта (без материалов)	\N	\N	2026-05-06 11:24:20.08008+00	112	3
105	Заявка закрыта (без материалов)	\N	\N	2026-05-06 11:24:58.545093+00	111	3
106	Заявка закрыта (без материалов)	\N	\N	2026-05-06 11:25:09.893214+00	110	3
107	Заявка закрыта (без материалов)	\N	\N	2026-05-06 11:25:29.74426+00	109	3
108	Заявка закрыта (без материалов)	\N	\N	2026-05-06 11:25:42.065429+00	108	3
109	Заявка закрыта (без материалов)	\N	\N	2026-05-06 11:28:33.995396+00	105	3
110	Заявка закрыта (без материалов)	\N	\N	2026-05-06 11:28:52.583924+00	104	3
111	Заявка закрыта (без материалов)	\N	\N	2026-05-06 11:29:08.892944+00	101	3
112	Заявка закрыта (без материалов)	\N	\N	2026-05-06 11:29:25.640983+00	100	3
113	Заявка закрыта (без материалов)	\N	\N	2026-05-06 11:29:42.915658+00	99	3
114	Заявка закрыта (без материалов)	\N	\N	2026-05-06 11:30:07.383161+00	98	3
115	Заявка закрыта (без материалов)	\N	\N	2026-05-06 11:30:40.886273+00	97	3
116	Заявка закрыта (без материалов)	\N	\N	2026-05-06 11:30:55.18409+00	96	3
117	Заявка закрыта (без материалов)	\N	\N	2026-05-06 11:31:11.711966+00	95	3
118	Заявка закрыта (без материалов)	\N	\N	2026-05-06 11:32:08.314606+00	94	3
119	Заявка закрыта (без материалов)	\N	\N	2026-05-06 11:32:18.875953+00	93	3
120	Заявка закрыта (без материалов)	\N	\N	2026-05-06 11:32:34.337154+00	92	3
121	Назначен исполнитель: Дмитрий Гришин	\N	\N	2026-05-06 11:46:42.01106+00	182	3
122	Заявка отмечена как выполненная	\N	\N	2026-05-06 11:46:45.673981+00	182	3
123	Заявка закрыта (без материалов)	\N	\N	2026-05-06 11:46:52.113393+00	182	3
124	Назначен исполнитель: Виктор Прохоров	\N	\N	2026-05-06 15:01:21.722691+00	183	3
125	Добавлен исполнитель: Дмитрий Гришин	\N	\N	2026-05-06 15:01:51.634335+00	183	3
126	Заявка отмечена как выполненная	\N	\N	2026-05-06 15:02:01.594413+00	183	3
127	Заявка закрыта (без материалов)	\N	\N	2026-05-06 15:02:08.146667+00	183	3
128	Назначен исполнитель: Павел Палейчук	\N	\N	2026-05-07 08:21:55.255316+00	184	3
129	Заявка отмечена как выполненная	\N	\N	2026-05-07 08:22:03.401089+00	184	3
130	Заявка закрыта (без материалов)	\N	\N	2026-05-07 08:26:49.296938+00	184	3
131	Назначен исполнитель: Павел Палейчук	\N	\N	2026-05-07 08:27:59.381226+00	185	3
132	Заявка отмечена как выполненная	\N	\N	2026-05-07 08:28:18.234309+00	185	3
133	Заявка закрыта (без материалов)	\N	\N	2026-05-07 08:28:28.613796+00	185	3
134	Назначен исполнитель: Павел Палейчук	\N	\N	2026-05-07 08:47:19.566618+00	186	3
135	Заявка отмечена как выполненная	\N	\N	2026-05-07 08:47:22.428829+00	186	3
136	Заявка закрыта (без материалов)	\N	\N	2026-05-07 08:47:29.51139+00	186	3
137	Назначен исполнитель: Игорь Шарафутдинов	\N	\N	2026-05-07 08:49:38.857542+00	187	3
138	Заявка отмечена как выполненная	\N	\N	2026-05-07 08:49:43.185463+00	187	3
139	Заявка закрыта (с материалами)	\N	\N	2026-05-07 08:50:10.412293+00	187	3
140	Назначен исполнитель: Игорь Шарафутдинов	\N	\N	2026-05-07 08:53:53.304163+00	188	3
141	Заявка отмечена как выполненная	\N	\N	2026-05-07 08:53:57.391052+00	188	3
142	Заявка закрыта (без материалов)	\N	\N	2026-05-07 08:54:04.249393+00	188	3
143	Назначен исполнитель: Игорь Шарафутдинов	\N	\N	2026-05-07 08:54:48.8144+00	189	3
144	Заявка отмечена как выполненная	\N	\N	2026-05-07 08:54:58.350742+00	189	3
145	Заявка закрыта (без материалов)	\N	\N	2026-05-07 08:55:14.403287+00	189	3
146	Назначен исполнитель: Александр Пеньков	\N	\N	2026-05-07 08:59:37.722126+00	190	3
147	Заявка отмечена как выполненная	\N	\N	2026-05-07 08:59:41.562442+00	190	3
148	Заявка закрыта (с материалами)	\N	\N	2026-05-07 09:00:03.539008+00	190	3
149	Назначен исполнитель: Александр Пеньков	\N	\N	2026-05-07 09:07:41.677897+00	191	3
150	Заявка отмечена как выполненная	\N	\N	2026-05-07 09:07:50.858791+00	191	3
151	Заявка закрыта (без материалов)	\N	\N	2026-05-07 09:07:57.574892+00	191	3
152	Назначен исполнитель: Александр Пеньков	\N	\N	2026-05-07 09:12:21.1097+00	192	3
153	Добавлен исполнитель: Дмитрий Гришин	\N	\N	2026-05-07 09:14:40.497845+00	193	3
154	Добавлен исполнитель: Александр Пеньков	\N	\N	2026-05-07 09:15:00.826712+00	193	3
155	Назначен исполнитель: Виктор Прохоров	\N	\N	2026-05-07 09:15:14.376871+00	193	3
156	Заявка отмечена как выполненная	\N	\N	2026-05-07 09:15:18.546378+00	193	3
157	Заявка закрыта (без материалов)	\N	\N	2026-05-07 09:15:24.949126+00	193	3
158	Добавлен исполнитель: Виктор Прохоров	\N	\N	2026-05-07 09:17:22.338982+00	194	3
159	Назначен исполнитель: Дмитрий Гришин	\N	\N	2026-05-07 09:17:32.643713+00	194	3
160	Назначен исполнитель: Александр Пеньков	\N	\N	2026-05-07 12:14:59.494552+00	195	3
161	Заявка отмечена как выполненная	\N	\N	2026-05-07 12:15:02.926599+00	195	3
162	Заявка закрыта (без материалов)	\N	\N	2026-05-07 12:15:11.82416+00	195	3
163	Назначен исполнитель: Александр Пеньков	\N	\N	2026-05-07 13:44:37.64622+00	196	3
164	Заявка отмечена как выполненная	\N	\N	2026-05-07 13:44:41.249649+00	196	3
165	Заявка закрыта (без материалов)	\N	\N	2026-05-07 13:44:45.111017+00	196	3
166	Заявка отмечена как выполненная	\N	\N	2026-05-07 13:55:33.709354+00	38	3
167	Заявка закрыта (без материалов)	\N	\N	2026-05-07 14:07:31.134023+00	38	3
168	Заявка отмечена как выполненная	\N	\N	2026-05-07 14:51:11.385625+00	192	3
169	Заявка закрыта (без материалов)	\N	\N	2026-05-07 14:51:18.62726+00	192	3
170	Заявка отмечена как выполненная	\N	\N	2026-05-07 14:51:34.055001+00	194	3
171	Заявка закрыта (без материалов)	\N	\N	2026-05-07 14:51:37.451756+00	194	3
172	Назначен исполнитель: Александр Пеньков	\N	\N	2026-05-07 15:00:56.922214+00	197	3
173	Заявка отмечена как выполненная	\N	\N	2026-05-07 15:01:00.531052+00	197	3
174	Заявка закрыта (без материалов)	\N	\N	2026-05-07 15:01:39.354312+00	197	3
175	Назначен исполнитель: Александр Пеньков	\N	\N	2026-05-07 15:12:03.545951+00	198	3
176	Заявка отмечена как выполненная	\N	\N	2026-05-07 15:12:07.212636+00	198	3
177	Заявка закрыта (без материалов)	\N	\N	2026-05-07 15:12:11.412563+00	198	3
178	Назначен исполнитель: Александр Пеньков	\N	\N	2026-05-07 15:15:26.888149+00	199	3
179	Заявка отмечена как выполненная	\N	\N	2026-05-07 15:15:29.900279+00	199	3
180	Заявка закрыта (с материалами)	\N	\N	2026-05-07 15:15:56.125897+00	199	3
181	Заявка возобновлена	\N	\N	2026-05-07 15:16:10.364065+00	199	3
182	Заявка отмечена как выполненная	\N	\N	2026-05-07 15:16:18.208091+00	199	3
183	Заявка закрыта (с материалами)	\N	\N	2026-05-07 15:17:20.301191+00	199	3
184	Назначен исполнитель: Александр Пеньков	\N	\N	2026-05-07 15:18:38.761285+00	200	3
185	Заявка отмечена как выполненная	\N	\N	2026-05-07 15:18:45.505107+00	200	3
186	Заявка закрыта (без материалов)	\N	\N	2026-05-07 15:18:50.716884+00	200	3
187	Заявка возобновлена	\N	\N	2026-05-07 15:20:13.261609+00	197	3
188	Заявка отмечена как выполненная	\N	\N	2026-05-07 15:20:30.943509+00	197	3
189	Заявка закрыта (с материалами)	\N	\N	2026-05-07 15:20:51.177162+00	197	3
190	Заявка возобновлена	\N	\N	2026-05-07 15:21:09.346549+00	190	3
191	Заявка отмечена как выполненная	\N	\N	2026-05-07 15:21:19.255479+00	190	3
192	Заявка закрыта (с материалами)	\N	\N	2026-05-07 15:21:42.894622+00	190	3
193	Заявка возобновлена	\N	\N	2026-05-07 15:24:29.242343+00	106	3
194	Заявка отмечена как выполненная	\N	\N	2026-05-07 15:24:58.057763+00	106	3
195	Заявка закрыта (с материалами)	\N	\N	2026-05-07 15:25:19.300408+00	106	3
196	Назначен исполнитель: Павел Палейчук	\N	\N	2026-05-07 15:30:46.343129+00	201	3
197	Заявка отмечена как выполненная	\N	\N	2026-05-07 15:30:51.620027+00	201	3
198	Заявка закрыта (без материалов)	\N	\N	2026-05-07 15:30:59.062902+00	201	3
199	Назначен исполнитель: Павел Палейчук	\N	\N	2026-05-08 08:46:43.658575+00	202	3
200	Заявка отмечена как выполненная	\N	\N	2026-05-08 08:46:46.935555+00	202	3
201	Заявка закрыта (с материалами)	\N	\N	2026-05-08 08:47:07.669995+00	202	3
202	Назначен исполнитель: Павел Палейчук	\N	\N	2026-05-08 08:48:41.949163+00	203	3
203	Заявка отмечена как выполненная	\N	\N	2026-05-08 08:48:44.21464+00	203	3
204	Заявка закрыта (с материалами)	\N	\N	2026-05-08 08:49:22.850357+00	203	3
205	Назначен исполнитель: Павел Палейчук	\N	\N	2026-05-08 08:50:36.819392+00	204	3
206	Заявка отмечена как выполненная	\N	\N	2026-05-08 08:50:40.349221+00	204	3
207	Заявка закрыта (без материалов)	\N	\N	2026-05-08 08:50:45.861485+00	204	3
208	Назначен исполнитель: Павел Палейчук	\N	\N	2026-05-08 08:51:47.368171+00	205	3
209	Заявка отмечена как выполненная	\N	\N	2026-05-08 08:51:50.702234+00	205	3
210	Заявка закрыта (с материалами)	\N	\N	2026-05-08 08:52:05.3936+00	205	3
211	Заявка отмечена как выполненная	\N	\N	2026-05-08 08:53:55.178364+00	206	3
212	Назначен исполнитель: Александр Пеньков	\N	\N	2026-05-08 08:53:59.41166+00	206	3
213	Заявка закрыта (без материалов)	\N	\N	2026-05-08 08:54:17.649305+00	206	3
214	Назначен исполнитель: Александр Пеньков	\N	\N	2026-05-08 08:55:15.102639+00	207	3
215	Заявка отмечена как выполненная	\N	\N	2026-05-08 08:55:17.17857+00	207	3
216	Заявка закрыта (без материалов)	\N	\N	2026-05-08 08:55:19.929148+00	207	3
217	Назначен исполнитель: Александр Пеньков	\N	\N	2026-05-08 08:57:00.790631+00	208	3
218	Заявка отмечена как выполненная	\N	\N	2026-05-08 08:57:02.909043+00	208	3
219	Заявка закрыта (без материалов)	\N	\N	2026-05-08 08:57:51.461364+00	208	3
220	Назначен исполнитель: Александр Пеньков	\N	\N	2026-05-08 08:59:39.48409+00	209	3
221	Заявка отмечена как выполненная	\N	\N	2026-05-08 08:59:43.211203+00	209	3
222	Заявка закрыта (без материалов)	\N	\N	2026-05-08 08:59:46.995397+00	209	3
223	Назначен исполнитель: Александр Пеньков	\N	\N	2026-05-08 09:03:19.424302+00	210	3
224	Заявка отмечена как выполненная	\N	\N	2026-05-08 09:03:23.941806+00	210	3
225	Заявка закрыта (без материалов)	\N	\N	2026-05-08 09:03:29.219304+00	210	3
226	Назначен исполнитель: Александр Пеньков	\N	\N	2026-05-08 09:04:38.940426+00	211	3
227	Заявка отмечена как выполненная	\N	\N	2026-05-08 09:04:40.826275+00	211	3
228	Заявка закрыта (без материалов)	\N	\N	2026-05-08 09:04:43.464951+00	211	3
229	Назначен исполнитель: Александр Пеньков	\N	\N	2026-05-08 09:06:48.454774+00	212	3
230	Заявка отмечена как выполненная	\N	\N	2026-05-08 09:06:51.35199+00	212	3
231	Заявка закрыта (без материалов)	\N	\N	2026-05-08 09:06:58.366925+00	212	3
232	Назначен исполнитель: Александр Пеньков	\N	\N	2026-05-08 09:10:30.430169+00	213	3
233	Заявка отмечена как выполненная	\N	\N	2026-05-08 09:10:35.227241+00	213	3
234	Заявка закрыта (без материалов)	\N	\N	2026-05-08 09:10:47.127866+00	213	3
235	Назначен исполнитель: Виктор Прохоров	\N	\N	2026-05-08 11:20:11.499126+00	214	3
236	Добавлен исполнитель: Дмитрий Гришин	\N	\N	2026-05-08 11:20:27.797371+00	214	3
237	Добавлен исполнитель: Александр Захарченко	\N	\N	2026-05-08 11:20:38.420529+00	214	3
238	Заявка отмечена как выполненная	\N	\N	2026-05-08 11:20:44.553851+00	214	3
239	Заявка закрыта (без материалов)	\N	\N	2026-05-08 11:20:49.067475+00	214	3
240	Заявка возобновлена	\N	\N	2026-05-08 11:21:20.956613+00	214	3
241	Заявка отмечена как выполненная	\N	\N	2026-05-08 11:22:40.035728+00	214	3
242	Заявка закрыта (с материалами)	\N	\N	2026-05-08 11:22:49.712175+00	214	3
243	Назначен исполнитель: Виктор Прохоров	\N	\N	2026-05-08 11:32:24.566712+00	215	3
244	Добавлен исполнитель: Дмитрий Гришин	\N	\N	2026-05-08 11:32:36.577136+00	215	3
245	Заявка отмечена как выполненная	\N	\N	2026-05-08 11:32:43.34235+00	215	3
246	Заявка закрыта (без материалов)	\N	\N	2026-05-08 11:34:48.418195+00	215	3
247	Назначен исполнитель: Александр Пеньков	\N	\N	2026-05-08 11:45:14.911948+00	216	3
248	Заявка отмечена как выполненная	\N	\N	2026-05-08 11:45:25.916352+00	216	3
249	Заявка закрыта (без материалов)	\N	\N	2026-05-08 11:45:41.858987+00	216	3
250	Назначен исполнитель: Дмитрий Гришин	\N	\N	2026-05-08 14:00:05.994039+00	217	3
251	Заявка отмечена как выполненная	\N	\N	2026-05-08 14:00:10.497075+00	217	3
252	Заявка возобновлена	\N	\N	2026-05-08 14:00:37.535201+00	217	3
253	Добавлен исполнитель: Виктор Прохоров	\N	\N	2026-05-08 14:00:49.404825+00	217	3
254	Заявка отмечена как выполненная	\N	\N	2026-05-08 14:00:55.114636+00	217	3
255	Заявка закрыта (без материалов)	\N	\N	2026-05-08 14:00:59.496379+00	217	3
256	Заявка возобновлена	\N	\N	2026-05-08 16:55:28.943098+00	198	3
257	Заявка отмечена как выполненная	\N	\N	2026-05-08 16:56:54.251683+00	198	3
258	Заявка закрыта (без материалов)	\N	\N	2026-05-08 16:57:02.816471+00	198	3
259	Назначен исполнитель: Александр Пеньков	\N	\N	2026-05-08 16:57:17.177612+00	218	3
260	Заявка отмечена как выполненная	\N	\N	2026-05-08 16:57:21.395855+00	218	3
261	Заявка закрыта (с материалами)	\N	\N	2026-05-08 16:58:06.418685+00	218	3
262	Назначен исполнитель: Александр Пеньков	\N	\N	2026-05-08 16:59:58.179927+00	219	3
263	Заявка отмечена как выполненная	\N	\N	2026-05-08 17:00:01.270089+00	219	3
264	Заявка закрыта (без материалов)	\N	\N	2026-05-08 17:01:01.681226+00	219	3
265	Заявка возобновлена	\N	\N	2026-05-08 17:14:55.550299+00	214	3
266	Заявка отмечена как выполненная	\N	\N	2026-05-08 17:15:22.370541+00	214	3
267	Заявка закрыта (с материалами)	\N	\N	2026-05-08 17:15:36.091094+00	214	3
\.


--
-- Data for Name: requests_app_requesttype; Type: TABLE DATA; Schema: public; Owner: exploitation_user
--

COPY public.requests_app_requesttype (id, name, icon, is_active, "order") FROM stdin;
1	Электроснабжение		t	0
2	Сантехника		t	0
3	Перемещение мебели/оборудования		t	0
4	Плотницкие работы		t	0
5	Прочие		t	0
\.


--
-- Data for Name: requests_app_servicerequest; Type: TABLE DATA; Schema: public; Owner: exploitation_user
--

COPY public.requests_app_servicerequest (id, request_number, description, priority, status, planned_date, completed_date, comment, created_at, updated_at, assigned_to_id, building_id, created_by_id, request_type_id, room_number, time_spent, track_time, suspension_reason) FROM stdin;
1	ЗЯ-000001	Угостить начальника вкусным чаем	high	closed	2026-04-27	2026-04-27 06:25:33.345068+00		2026-04-27 05:34:01.658758+00	2026-04-27 06:25:33.346177+00	3	2	2	5	105	\N	f	\N
2	ЗЯ-000002	Устранение засора ванны	medium	closed	2026-04-27	2026-04-27 15:11:32.895295+00		2026-04-27 06:37:48.919804+00	2026-04-27 15:11:32.896291+00	4	2	3	2	205	\N	f	\N
3	ЗЯ-000003	Не полностью закрываются выездные ворота	high	closed	2026-04-27	\N	Регулировка выездных ворот\r\nШитов А.В. электрик	2026-04-27 08:50:49.344791+00	2026-04-27 16:58:52.265484+00	12	3	3	4	0	\N	f	\N
4	ЗЯ-000004	Необходимо убрать сломавшееся дерево возле ангара	high	closed	2026-04-27	\N	Гришин Д.А. плотник	2026-04-27 11:02:53.514648+00	2026-04-28 07:12:39.998281+00	4	3	2	5	0	\N	f	\N
5	ЗЯ-000005	В санузле возле столовой не работает бочок	medium	closed	2026-04-27	\N		2026-04-27 11:54:22.475467+00	2026-04-27 15:13:37.749848+00	4	1	3	2	0	\N	f	\N
6	ЗЯ-000006	Ремонт душевого шланга	medium	closed	2026-04-24	\N		2026-04-27 12:00:01.147765+00	2026-04-27 12:00:25.27055+00	6	2	3	2	1104	\N	f	\N
7	ЗЯ-000007	Укрепить смеситель на раковине в кухне	medium	closed	2026-04-24	\N		2026-04-27 12:03:42.96819+00	2026-04-27 12:04:14.136586+00	6	2	3	2	309	\N	f	\N
8	ЗЯ-000008	Протекает кран в ванной	medium	closed	2026-04-24	\N		2026-04-27 12:30:28.560788+00	2026-04-27 12:30:35.031278+00	6	2	3	2	425	\N	f	\N
9	ЗЯ-000009	Устранение засора раковины	medium	closed	2026-04-25	\N		2026-04-27 12:32:20.795666+00	2026-04-27 12:32:29.89578+00	11	2	3	2	309	\N	f	\N
10	ЗЯ-000010	Устранение засора ванны	medium	closed	2026-04-25	\N		2026-04-27 12:33:58.02602+00	2026-04-27 12:34:06.194348+00	11	2	3	2	1211	\N	f	\N
11	ЗЯ-000011	Устранение засора в раковине	medium	closed	2026-04-25	\N		2026-04-27 12:35:12.149556+00	2026-04-27 12:35:20.677813+00	11	2	3	2	1009	\N	f	\N
12	ЗЯ-000012	Ремонт смесителя	medium	closed	2026-04-25	\N		2026-04-27 12:36:17.094753+00	2026-04-27 12:36:22.8915+00	11	2	3	2	1318	\N	f	\N
13	ЗЯ-000013	Замена смесителя (купили студенты)	medium	closed	2026-04-25	2026-04-27 13:36:24.753735+00		2026-04-27 12:37:38.578603+00	2026-04-27 13:36:24.755007+00	11	2	3	2	425	\N	f	\N
14	ЗЯ-000014	Устранение засора ванны	medium	closed	2026-04-26	\N		2026-04-27 12:38:55.642931+00	2026-04-27 12:39:06.104928+00	11	2	3	2	918	\N	f	\N
15	ЗЯ-000015	Засор ванны, раковины	medium	closed	2026-04-26	\N		2026-04-27 12:43:58.111466+00	2026-04-27 12:44:07.912559+00	11	2	3	2	1431	\N	f	\N
16	ЗЯ-000016	Засор в раковине	medium	closed	2026-04-26	\N		2026-04-27 12:45:58.215089+00	2026-04-27 12:51:25.920097+00	11	2	3	2	624	\N	f	\N
17	ЗЯ-000017	Ремонт душевого шланга	medium	closed	2026-04-26	\N		2026-04-27 12:52:15.011504+00	2026-04-27 12:52:21.052582+00	11	2	3	2	1030	\N	f	\N
18	ЗЯ-000018	Засор в раковине	medium	closed	2026-04-26	\N		2026-04-27 12:55:02.332034+00	2026-04-27 12:55:09.726604+00	11	2	3	2	932	\N	f	\N
19	ЗЯ-000019	Засор в ванне	medium	closed	\N	\N		2026-04-27 12:56:23.048414+00	2026-04-27 12:56:35.910652+00	11	2	3	2	331	\N	f	\N
20	ЗЯ-000020	Засор в раковине	medium	closed	2026-04-26	\N		2026-04-27 12:57:24.840507+00	2026-04-27 12:57:35.655366+00	11	2	3	2	809	\N	f	\N
21	ЗЯ-000021	Не горит свет	medium	closed	2026-04-24	2026-04-27 13:04:28.458413+00		2026-04-27 13:02:32.296332+00	2026-04-27 13:04:28.45945+00	8	1	3	1	215А	\N	f	\N
22	ЗЯ-000022	Заменить лампы (купили студенты)	medium	closed	2026-04-24	2026-04-27 13:51:09.783284+00		2026-04-27 13:43:56.553264+00	2026-04-27 13:51:30.151709+00	8	2	3	1	228	\N	f	\N
23	ЗЯ-000023	Замена ламп (купили студенты)	medium	closed	2026-04-25	2026-04-27 13:56:33.642816+00		2026-04-27 13:55:41.375847+00	2026-04-27 13:56:33.644008+00	6	2	3	1	1225	\N	f	\N
24	ЗЯ-000024	Замена ламп (купили студенты)	medium	closed	\N	2026-04-27 13:58:09.950149+00		2026-04-27 13:57:36.633931+00	2026-04-27 13:58:09.951296+00	6	2	3	1	1211	\N	f	\N
25	ЗЯ-000025	Установка стойки с логотипом Института у главного входа 1 шт., высокие стулья 2 шт.	medium	closed	2026-04-24	2026-04-27 14:00:43.81034+00	Гришин Д.А. плотник\r\nВремя работы: 30 мин.	2026-04-27 14:00:37.25424+00	2026-04-27 15:40:00.935576+00	9	1	3	3	0	\N	f	\N
27	ЗЯ-000027	Перемещение из к. 212  журналы в к. 100	medium	closed	2026-04-24	2026-04-27 14:54:28.541404+00	30 мин.	2026-04-27 14:29:22.142986+00	2026-04-27 15:38:34.49212+00	6	1	3	3	212	\N	f	\N
28	ЗЯ-000028	Ремонт и укрепление навеса ТБО со сваркой	medium	closed	2026-04-24	2026-04-27 15:35:43.296323+00		2026-04-27 15:28:32.516435+00	2026-04-27 15:35:43.297291+00	12	3	3	4	0	\N	f	\N
29	ЗЯ-000029	Сортировка матрасов для дальнейшей чистки	medium	closed	2026-04-24	2026-04-27 15:37:50.5376+00	20 мин.	2026-04-27 15:37:31.036117+00	2026-04-27 15:46:18.491382+00	10	2	3	3	0	\N	f	\N
30	ЗЯ-000030	Ремонт стула	medium	closed	2026-04-24	2026-04-27 15:42:02.377509+00		2026-04-27 15:41:49.04608+00	2026-04-27 15:42:02.378223+00	9	1	3	4	112	\N	f	\N
31	ЗЯ-000031	Перемещение от главного входа стойки с логотипом Института 1 шт., высокие стулья 2 шт.	medium	closed	2026-04-24	2026-04-27 15:45:55.487376+00	Прохоров В.П. плотник\r\nВремя работы: 30 мин.	2026-04-27 15:45:28.137252+00	2026-04-28 03:12:35.803871+00	10	1	3	3	0	\N	f	\N
32	ЗЯ-000032	Ремонт душевого шланга. Замена душевой лейки 1 шт.	medium	closed	2026-04-27	2026-04-27 16:02:24.449922+00		2026-04-27 16:01:54.111434+00	2026-04-27 16:02:24.450841+00	4	2	3	2	1305	\N	f	\N
33	ЗЯ-000033	Устранение засора ванны, раковины	medium	closed	2026-04-27	2026-04-27 16:33:39.450568+00		2026-04-27 16:33:33.731652+00	2026-04-27 16:33:39.451226+00	4	2	3	2	527	\N	f	\N
34	ЗЯ-000034	Замена смесителя для ванны	medium	closed	2026-04-27	2026-04-27 16:38:06.044051+00		2026-04-27 16:37:43.905643+00	2026-04-27 16:38:06.044866+00	4	2	3	2	305	\N	f	\N
35	ЗЯ-000035	Замена душевого шланга	medium	closed	2026-04-27	2026-04-27 16:39:15.530683+00		2026-04-27 16:39:01.865566+00	2026-04-27 16:39:15.531295+00	4	2	3	2	835	\N	f	\N
36	ЗЯ-000036	Устранение засора ванны, раковины	medium	closed	2026-04-27	2026-04-27 16:40:05.39672+00		2026-04-27 16:39:55.688237+00	2026-04-27 16:40:05.397911+00	4	2	3	2	1002	\N	f	\N
37	ЗЯ-000037	Ремонт холодильника	medium	closed	2026-04-27	2026-04-27 16:46:33.968239+00	Осмотрен холодильник, регулировка дверцы холодильника, работает исправно\r\nЕрмилов Г.М.	2026-04-27 16:46:24.906594+00	2026-04-27 16:46:33.969028+00	5	2	3	1	1305	\N	f	\N
39	ЗЯ-000039	Не закрываются полностью выездные ворота	high	closed	2026-04-27	2026-04-27 17:08:15.899558+00	Сварочные работы\r\nПрохоров В.П. плотник	2026-04-27 17:06:58.86994+00	2026-04-27 17:08:15.901086+00	12	3	3	4	0	\N	f	\N
40	ЗЯ-000040	Ремонт, регулировка окна	medium	closed	2026-04-27	2026-04-27 17:09:46.185171+00		2026-04-27 17:09:40.521309+00	2026-04-27 17:09:46.186163+00	9	2	3	4	524	\N	f	\N
41	ЗЯ-000041	Ремонт и регулировка двери шкафа	medium	closed	2026-04-27	2026-04-27 17:11:28.373951+00		2026-04-27 17:11:22.960212+00	2026-04-27 17:11:28.374972+00	10	2	3	4	926	\N	f	\N
42	ЗЯ-000042	Ремонт и регулировка дверей шкафа	medium	closed	2026-04-27	2026-04-27 17:12:54.305196+00		2026-04-27 17:12:47.608373+00	2026-04-27 17:12:54.306533+00	9	2	3	4	833	\N	f	\N
43	ЗЯ-000043	Замена замка в ванной	medium	closed	2026-04-27	2026-04-27 17:16:09.484285+00		2026-04-27 17:14:58.169462+00	2026-04-27 17:16:09.485525+00	9	2	3	4	726	\N	f	\N
44	ЗЯ-000044	Ремонт, регулировка окна	medium	closed	2026-04-27	2026-04-27 17:19:44.204051+00		2026-04-27 17:19:36.184864+00	2026-04-27 17:19:44.20524+00	12	2	3	4	922	\N	f	\N
45	ЗЯ-000045	Ремонт сифона раковины	medium	closed	2026-04-27	2026-04-28 05:38:07.099423+00		2026-04-28 05:38:01.034813+00	2026-04-28 05:38:07.100108+00	4	2	3	2	1334	\N	f	\N
46	ЗЯ-000046	Ремонт душевого шланга	medium	closed	2026-04-27	2026-04-28 05:38:45.344311+00		2026-04-28 05:38:40.473378+00	2026-04-28 05:38:45.345078+00	4	2	3	2	732	\N	f	\N
47	ЗЯ-000047	Ремонт душевого шланга	medium	closed	2026-04-27	2026-04-28 05:39:37.190732+00		2026-04-28 05:39:31.734384+00	2026-04-28 05:39:37.191586+00	4	2	3	2	206	\N	f	\N
48	ЗЯ-000048	Замена светильника	medium	closed	2026-04-27	2026-04-28 06:04:43.799153+00		2026-04-28 06:04:19.57937+00	2026-04-28 06:04:43.800173+00	5	2	3	1	1309	\N	f	\N
49	ЗЯ-000049	Ремонт кровати	medium	closed	2026-04-28	2026-04-28 14:24:05.724176+00		2026-04-28 14:23:54.661601+00	2026-04-28 14:24:05.72541+00	9	2	3	4	925	\N	f	\N
51	ЗЯ-000051	Перемещение со склада шкаф 1 шт., установка шкафа в к. 246	medium	closed	2026-04-28	2026-04-28 14:44:43.274356+00	Шутенко Д.Н. плотник\r\nВремя работы: 20 мин.	2026-04-28 14:44:36.817644+00	2026-04-28 14:44:43.275259+00	6	1	3	3	246	\N	f	\N
52	ЗЯ-000052	Получение товара с WB 3 тележки, доставка на склад	medium	closed	2026-04-28	2026-04-28 14:48:57.60871+00	Прохоров В.П. плотник\r\nГришин Д.А. плотник\r\nВремя работы: 1ч.	2026-04-28 14:48:51.899377+00	2026-04-28 19:37:09.180403+00	12	2	3	3	0	40	t	\N
53	ЗЯ-000053	Перестановка мебели внутри к. 246	medium	closed	\N	2026-04-28 14:50:50.067753+00	Палейчук П.П. сантехник\r\nВремя работы: 30 мин.	2026-04-28 14:50:44.896731+00	2026-04-28 14:50:50.06878+00	12	1	3	3	246	\N	f	\N
54	ЗЯ-000054	Перемещение из к. 112 (склад) 2 столов в столовую	medium	closed	2026-04-28	2026-04-28 14:52:47.070846+00	Шутенко Д,Н. плотник \r\nВремя работы: 20 мин.	2026-04-28 14:52:40.802508+00	2026-04-28 14:52:47.071731+00	10	2	3	3	112	\N	f	\N
55	ЗЯ-000055	Перемещение со склада 1 шт. регистрационная стойка, 1 шт. стул на 1 этаж к большому экрану,1 шт. парту с 1 шт. стулом установить рядом с конференц-залом	medium	closed	\N	2026-04-28 14:57:46.843642+00	Прохоров В.П. плотник\r\nВремя работы: 40 мин.	2026-04-28 14:57:40.916975+00	2026-04-28 19:34:57.380191+00	12	1	3	3	МОП	40	t	\N
56	ЗЯ-000056	Установка в конференц-зале 6 шт. белых лавочек	medium	closed	\N	2026-04-28 15:01:03.169578+00	Прохоров В.П. плотник\r\nВремя работы: 30 мин.	2026-04-28 15:00:53.585947+00	2026-04-28 15:01:03.170323+00	12	1	3	3	МОП	\N	f	\N
57	ЗЯ-000057	Выгрузка коробок (Ректорат)	medium	closed	2026-04-28	2026-04-28 15:05:13.708031+00	Время работы: 30 мин.	2026-04-28 15:05:08.866083+00	2026-04-28 19:34:38.639137+00	6	1	3	3	МОП	30	t	\N
58	ЗЯ-000058	Устранение засора ванны	medium	closed	2026-04-28	2026-04-28 15:06:53.302803+00		2026-04-28 15:06:48.762375+00	2026-04-28 15:06:53.303946+00	6	2	3	2	611	\N	f	\N
59	ЗЯ-000059	Установка смесителя после ремонта	medium	closed	2026-04-28	2026-04-28 15:08:17.50746+00		2026-04-28 15:08:13.17025+00	2026-04-28 15:08:17.508496+00	6	2	3	2	925	\N	f	\N
60	ЗЯ-000060	Устранения засора ванны	medium	closed	2026-04-28	2026-04-28 15:08:53.664361+00		2026-04-28 15:08:49.848181+00	2026-04-28 15:08:53.665113+00	6	2	3	2	1101	\N	f	\N
61	ЗЯ-000061	Устранения засора ванны	medium	closed	2026-04-28	2026-04-28 15:09:34.959006+00		2026-04-28 15:09:28.029593+00	2026-04-28 15:09:34.959897+00	6	2	3	2	826	\N	f	\N
62	ЗЯ-000062	Отремонтировать забор (3 секция от ул. Волгина).\r\nОсмотрено, все в порядке	high	closed	2026-04-29	2026-04-29 14:46:23.321801+00		2026-04-28 20:18:43.772588+00	2026-04-29 14:46:23.322404+00	3	3	2	5	0	\N	f	\N
63	ЗЯ-000063	Устранения засора раковины	medium	closed	2026-04-28	2026-04-29 05:18:19.384926+00		2026-04-29 05:18:11.027062+00	2026-04-29 05:18:19.385763+00	6	2	3	2	1408	\N	f	\N
65	ЗЯ-000065	Замена лампы	medium	closed	2026-04-28	2026-04-29 05:44:46.730979+00		2026-04-29 05:44:15.564914+00	2026-04-29 05:44:46.731878+00	8	2	3	1	226	\N	f	\N
66	ЗЯ-000066	Замена ламп	medium	closed	2026-04-28	2026-04-29 06:49:24.913077+00		2026-04-29 06:47:55.436603+00	2026-04-29 06:49:24.913968+00	8	2	3	1	14 этаж	\N	f	\N
67	ЗЯ-000067	Замена ламп	medium	closed	2026-04-28	2026-04-30 07:39:52.650536+00		2026-04-29 06:50:06.373364+00	2026-04-30 07:39:52.6522+00	8	2	3	1	13 этаж	\N	f	\N
68	ЗЯ-000068	Замена ламп	medium	closed	2026-04-28	2026-04-29 07:01:53.426093+00		2026-04-29 07:00:52.564891+00	2026-04-29 07:01:53.427443+00	8	2	3	1	12 этаж	\N	f	\N
70	ЗЯ-000070	Ремонт смесителя	medium	closed	2026-04-29	2026-04-29 13:29:23.415711+00		2026-04-29 13:29:19.340153+00	2026-04-29 13:29:23.416377+00	11	2	3	2	533	\N	f	\N
71	ЗЯ-000071	Устранения засора ванны	medium	closed	2026-04-29	2026-04-29 13:30:26.105961+00		2026-04-29 13:30:18.997489+00	2026-04-29 13:30:26.106817+00	11	2	3	2	1318	\N	f	\N
72	ЗЯ-000072	Ремонт смесителя	medium	closed	2026-04-29	2026-04-29 13:31:29.034173+00		2026-04-29 13:31:06.752123+00	2026-04-29 13:31:29.035+00	11	2	3	2	812	\N	f	\N
69	ЗЯ-000069	Замена ламп	medium	closed	2026-04-28	2026-05-04 08:22:19.248966+00		2026-04-29 07:02:27.579835+00	2026-05-04 08:22:39.023451+00	8	2	3	1	11 этаж	\N	f	\N
167	ЗЯ-000167	Устранения засора ванны	medium	closed	2026-05-04	2026-05-04 16:02:17.020236+00		2026-05-04 16:01:13.339182+00	2026-05-06 11:16:20.42357+00	4	2	3	2	1132	\N	f	\N
64	ЗЯ-000064	Замена  ламп LED медуза - 1 шт.	medium	closed	2026-04-28	2026-05-04 12:56:04.030529+00		2026-04-29 05:40:15.456353+00	2026-05-06 11:04:44.144141+00	8	2	3	1	925	\N	f	\N
194	ЗЯ-000194	Покраска забора	medium	closed	2026-05-07	2026-05-07 14:51:34.042007+00		2026-05-07 09:17:13.185528+00	2026-05-07 14:51:37.440024+00	10	3	3	5	0	\N	f	\N
73	ЗЯ-000073	Осмотр смесителя и душевой лейки на предмет протечки. Оборудование находится в исправном состоянии, дополнительных работ не требуется.	low	closed	2026-04-29	2026-04-29 13:33:55.02198+00		2026-04-29 13:33:50.379273+00	2026-04-29 13:33:55.023033+00	11	2	3	2	813	\N	f	\N
74	ЗЯ-000074	Устранения засора раковины на кухне	medium	closed	2026-04-29	2026-04-29 14:07:42.140036+00		2026-04-29 14:07:36.982341+00	2026-04-29 14:07:42.14076+00	11	2	3	2	1009	\N	f	\N
76	ЗЯ-000076	Ремонт замка, личинки	medium	closed	2026-04-29	2026-04-29 14:32:00.060422+00		2026-04-29 14:31:54.380831+00	2026-04-29 14:32:00.061549+00	12	2	3	4	1432	\N	f	\N
77	ЗЯ-000077	Демонтаж повреждённой плитки, очистка поверхности, нанесение клея, укладка плитки	medium	closed	2026-04-29	2026-04-29 14:38:11.757939+00		2026-04-29 14:37:49.534995+00	2026-04-29 14:38:11.75888+00	12	2	3	4	1101	\N	f	\N
78	ЗЯ-000078	Ремонт, регулировка оконной ручки,	medium	closed	2026-04-29	2026-04-29 14:41:18.983143+00		2026-04-29 14:41:12.668217+00	2026-04-29 14:41:18.983874+00	9	2	3	4	930	\N	f	\N
79	ЗЯ-000079	Осмотр, ремонт веерных граблей	low	closed	2026-04-29	2026-04-29 14:43:38.784914+00	Прохоров В.П. плотник\r\nШутенко Д.Н. плотник	2026-04-29 14:43:34.131166+00	2026-04-29 14:43:38.785685+00	10	2	3	4	112	\N	f	\N
80	ЗЯ-000080	Ремонт и регулировка двери шкафа	low	closed	2026-04-29	2026-04-29 14:44:31.113305+00		2026-04-29 14:44:26.359781+00	2026-04-29 14:45:44.856783+00	9	2	3	4	1435	\N	f	\N
81	ЗЯ-000081	Перемещение от главного входа института 1 шт. стойку, 1 шт. стул; из холла конференц-зала 1 шт. парта, 1 шт. стул на склад	medium	closed	\N	2026-04-29 14:53:00.711238+00	Шутенко Д.Н. плотник	2026-04-29 14:52:26.51754+00	2026-04-29 14:53:00.711915+00	10	1	3	3	МОП	40	t	\N
82	ЗЯ-000082	Перемещение из конференц-зала (99В) 6 шт. белых лавочек	medium	closed	2026-04-29	2026-04-29 14:54:58.897584+00		2026-04-29 14:54:54.543141+00	2026-04-29 14:54:58.898236+00	6	1	3	3	99В	30	t	\N
83	ЗЯ-000083	Получение товара на главном входе Института, перемещение товара на склад (к. 112)	medium	closed	2026-04-29	2026-04-29 14:57:11.299717+00		2026-04-29 14:57:03.043766+00	2026-04-29 14:57:11.300426+00	10	2	3	3	112	20	t	\N
84	ЗЯ-000084	Ремонт светильника	low	closed	2026-04-29	2026-04-30 11:55:43.871638+00		2026-04-29 14:58:58.606183+00	2026-04-30 11:55:43.872401+00	6	2	3	1	1318	\N	f	\N
85	ЗЯ-000085	Устранение засора ванны	medium	closed	2026-04-29	2026-04-30 11:52:37.829415+00		2026-04-30 11:52:24.771363+00	2026-04-30 11:52:37.830197+00	11	2	3	2	612	\N	f	\N
86	ЗЯ-000086	Устранение засора ванны	medium	closed	2026-04-29	2026-04-30 11:53:59.721339+00		2026-04-30 11:53:52.355131+00	2026-04-30 11:53:59.721988+00	11	2	3	2	422	\N	f	\N
87	ЗЯ-000087	Устранение засора ванны	medium	closed	2026-04-29	2026-04-30 11:54:39.916779+00		2026-04-30 11:54:34.930005+00	2026-04-30 11:54:39.917407+00	11	2	3	2	213	\N	f	\N
88	ЗЯ-000088	Замена светильника	low	closed	2026-04-29	2026-04-30 12:00:31.761904+00		2026-04-30 11:57:00.23583+00	2026-04-30 12:00:31.763089+00	6	2	3	1	313	\N	f	\N
89	ЗЯ-000089	Замена светильника	low	closed	2026-04-29	2026-04-30 11:59:49.259184+00		2026-04-30 11:59:20.645241+00	2026-04-30 11:59:49.260071+00	6	2	3	1	3 этаж	\N	f	\N
90	ЗЯ-000090	Замена светильника	medium	closed	2026-04-29	2026-04-30 12:05:51.345755+00		2026-04-30 12:05:20.104161+00	2026-04-30 12:05:51.347424+00	6	1	3	1	МОП	\N	f	\N
91	ЗЯ-000091	Замена ламп	medium	closed	2026-04-29	2026-04-30 12:07:42.959442+00		2026-04-30 12:06:32.957759+00	2026-04-30 12:07:42.960497+00	6	1	3	1	МОП	\N	f	\N
95	ЗЯ-000095	Перемещение 9 кресел из холла общежития 2 этажа на 2 этаж ГУК	low	closed	2026-04-30	\N	Пеньков А.В. сантехник\r\nШитов А.В. электрик	2026-04-30 13:28:29.038498+00	2026-05-06 11:31:11.705184+00	10	2	3	3	2 этаж	40	t	\N
101	ЗЯ-000101	Устранения засора ванны	medium	closed	2026-04-30	2026-05-04 06:42:43.199871+00		2026-05-04 06:40:10.770158+00	2026-05-06 11:29:08.885774+00	4	2	3	2	213	\N	f	\N
98	ЗЯ-000098	Осмотр оконных ручек и окон на открытие и закрытие. Все работает исправно	medium	closed	2026-04-30	\N	Прохоров В.П.	2026-04-30 13:54:53.688446+00	2026-05-06 11:30:07.335255+00	12	1	3	4	201	\N	f	\N
99	ЗЯ-000099	Регулировка поплавка бочка унитаза	low	closed	2026-04-30	2026-05-03 18:15:06.486254+00		2026-04-30 14:00:14.742521+00	2026-05-06 11:29:42.907347+00	4	2	3	2	206	\N	f	\N
100	ЗЯ-000100	Замена смесителя для ванны 1 шт.	medium	closed	2026-04-30	2026-05-04 13:16:23.70546+00		2026-04-30 14:01:54.590939+00	2026-05-06 11:29:25.634128+00	4	2	3	2	813	\N	f	\N
75	ЗЯ-000075	Ремонт, регулировка двери\r\n(Силиконовая смазка - 0,10мг)	low	closed	2026-04-29	2026-05-04 15:04:04.125739+00		2026-04-29 14:30:21.511848+00	2026-05-04 15:07:22.092597+00	9	2	3	4	521	\N	f	\N
97	ЗЯ-000097	Ремонт замка	low	closed	2026-04-30	\N		2026-04-30 13:53:20.771355+00	2026-05-06 11:30:40.87949+00	12	2	3	4	709	\N	f	\N
106	ЗЯ-000106	Замена гибкой подводки раковины №2. Замена гибкой подводки унитаза	medium	closed	2026-05-01	2026-05-07 15:24:58.042505+00		2026-05-04 07:55:52.579107+00	2026-05-07 15:25:19.292715+00	4	1	3	2	132	\N	f	\N
107	ЗЯ-000107	Замена гибкой подводки раковины. Замена гибкой подводки унитаза	medium	closed	2026-05-01	2026-05-04 08:08:32.901982+00		2026-05-04 08:08:12.257473+00	2026-05-04 08:09:03.725443+00	4	1	3	2	7	\N	f	\N
164	ЗЯ-000164	Ремонт офисного кресла	low	closed	2026-05-04	2026-05-04 13:26:21.534823+00		2026-05-04 13:26:01.567804+00	2026-05-06 11:16:53.644095+00	9	1	3	4	257	\N	f	\N
96	ЗЯ-000096	Ремонт кресла. Замена колесиков 2 шт.	low	closed	2026-04-30	2026-05-04 13:17:36.50098+00		2026-04-30 13:52:09.295879+00	2026-05-06 11:30:55.129619+00	12	2	3	4	103	\N	f	\N
94	ЗЯ-000094	Ремонт офисного кресла, замена спинки и сидушки	medium	closed	2026-04-30	\N		2026-04-30 13:12:58.348822+00	2026-05-06 11:32:08.251136+00	12	1	3	4	127	\N	f	\N
93	ЗЯ-000093	Ремонт и регулировка двери шкафа	low	closed	2026-04-30	\N		2026-04-30 12:10:51.285655+00	2026-05-06 11:32:18.869783+00	9	2	3	4	612	\N	f	\N
92	ЗЯ-000092	Осмотрен холодильник, работает исправно	low	closed	2026-04-30	\N		2026-04-30 12:08:39.020335+00	2026-05-06 11:32:34.330676+00	13	2	3	1	1224	\N	f	\N
183	ЗЯ-000183	Ремонт и регулировка двери шкафа	medium	closed	2026-05-06	2026-05-06 15:02:01.576892+00		2026-05-06 15:01:03.89951+00	2026-05-06 15:02:08.01975+00	9	2	3	4	1015	\N	f	\N
211	ЗЯ-000211	Ремонт душевого шланга. Устранение засора ванны	medium	closed	2026-05-08	2026-05-08 09:04:40.818742+00		2026-05-08 09:04:31.801083+00	2026-05-08 09:04:43.458758+00	4	2	3	2	227	\N	f	\N
112	ЗЯ-000112	Ремонт бочка унитаза	low	closed	2026-05-02	2026-05-04 08:13:48.081098+00		2026-05-04 08:13:29.979233+00	2026-05-06 11:24:20.040725+00	6	2	3	2	405	\N	f	\N
215	ЗЯ-000215	Установка ответной планки замка на коробку двери	medium	closed	2026-05-08	2026-05-08 11:32:43.334176+00		2026-05-08 11:32:09.955759+00	2026-05-08 11:34:48.403373+00	9	1	3	4	117	\N	f	\N
120	ЗЯ-000120	Ремонт душевого шланга	low	closed	2026-05-03	2026-05-04 08:26:12.620552+00		2026-05-04 08:25:59.451283+00	2026-05-06 11:22:04.485682+00	11	2	3	2	301	\N	f	\N
184	ЗЯ-000184	Ремонт бочка унитаза	medium	closed	2026-05-06	2026-05-07 08:22:03.392337+00		2026-05-07 08:21:44.371315+00	2026-05-07 08:26:49.285297+00	6	1	3	2	402	\N	f	\N
186	ЗЯ-000186	Ремонт душевого шланга	medium	closed	2026-05-06	2026-05-07 08:47:22.422102+00		2026-05-07 08:47:12.02875+00	2026-05-07 08:47:29.503079+00	6	2	3	2	806	\N	f	\N
111	ЗЯ-000111	Устранение засора раковины	low	closed	2026-05-02	2026-05-04 08:12:56.115746+00		2026-05-04 08:12:42.459994+00	2026-05-06 11:24:58.530218+00	6	2	3	2	509	\N	f	\N
176	ЗЯ-000176	Убрать весь рабочий инвентарь после субботника в к. 112 (склад)	medium	closed	2026-05-05	2026-05-06 06:27:05.489442+00		2026-05-05 15:12:25.85727+00	2026-05-06 11:06:51.138652+00	9	2	3	4	112	30	f	\N
110	ЗЯ-000110	Устранение засора раковины	low	closed	2026-05-02	2026-05-04 08:12:05.099474+00		2026-05-04 08:11:46.651788+00	2026-05-06 11:25:09.881881+00	6	2	3	2	1009	\N	f	\N
109	ЗЯ-000109	Устранение засора раковины	low	closed	2026-05-02	2026-05-04 08:11:04.600787+00		2026-05-04 08:10:49.841964+00	2026-05-06 11:25:29.737508+00	6	2	3	2	1109	\N	f	\N
108	ЗЯ-000108	Устранение засора раковины	low	closed	2026-05-02	2026-05-04 08:10:16.993193+00		2026-05-04 08:09:57.541194+00	2026-05-06 11:25:42.045377+00	6	2	3	2	1209	\N	f	\N
105	ЗЯ-000105	Устранение засора ванны, раковины. Замена смесителя для ванны\r\nСмеситель для ванны- 1 шт.	medium	closed	2026-05-01	2026-05-04 07:57:19.180719+00		2026-05-04 07:53:21.248596+00	2026-05-06 11:28:33.987863+00	4	2	3	2	1412	\N	f	\N
50	ЗЯ-000050	Регулировка двери, смазка петель\r\nСиликоновая смазка - 0,10 мг.	medium	closed	2026-04-28	2026-05-04 14:55:10.875457+00		2026-04-28 14:25:09.208174+00	2026-05-04 14:55:49.415866+00	10	2	3	4	1027	\N	f	\N
168	ЗЯ-000168	Замена смесителя для раковины 1 шт.	high	closed	2026-05-04	2026-05-04 16:05:04.514853+00		2026-05-04 16:04:39.502316+00	2026-05-04 19:46:58.42141+00	4	1	3	2	132	\N	f	\N
119	ЗЯ-000119	Устранение засора раковины	low	closed	2026-05-03	2026-05-04 08:25:21.101632+00		2026-05-04 08:25:05.860601+00	2026-05-06 11:22:13.269953+00	11	2	3	2	309	\N	f	\N
118	ЗЯ-000118	Устранение засора раковины	low	closed	2026-05-03	2026-05-04 08:24:25.080163+00		2026-05-04 08:24:10.306372+00	2026-05-06 11:22:32.881266+00	11	2	3	2	809	\N	f	\N
117	ЗЯ-000117	Устранение засора раковины	low	closed	2026-05-03	2026-05-04 08:23:21.852698+00		2026-05-04 08:23:05.68357+00	2026-05-06 11:22:54.743358+00	11	2	3	2	1009	\N	f	\N
174	ЗЯ-000174	Ремонт стула. Ремонт жалюзи	medium	closed	2026-05-05	2026-05-05 15:09:33.668018+00		2026-05-05 15:09:19.78213+00	2026-05-06 11:07:17.372241+00	9	1	3	4	333	\N	f	\N
178	ЗЯ-000178	Замена гибкой подводки раковины 1 пара. Замена картриджа крана раковины 1 шт.	medium	closed	2026-05-05	2026-05-06 05:32:57.125509+00		2026-05-06 05:32:41.88713+00	2026-05-06 05:33:43.963503+00	4	1	3	2	336	\N	f	\N
116	ЗЯ-000116	Ремонт смесителя для раковины. Замена кран-букса	medium	closed	2026-05-02	2026-05-04 08:20:09.373028+00		2026-05-04 08:19:47.312978+00	2026-05-06 11:23:27.607986+00	6	2	3	2	733	\N	f	\N
172	ЗЯ-000172	Ремонт излива раковины №2 на кухне. Замена смесителя раковины №1	medium	closed	2026-05-05	2026-05-05 13:24:53.706737+00		2026-05-05 11:33:52.092872+00	2026-05-06 11:15:43.830741+00	4	2	3	2	1209	\N	f	\N
115	ЗЯ-000115	Замена душевого шланга	medium	closed	2026-05-02	2026-05-04 08:18:31.019963+00		2026-05-04 08:18:16.587352+00	2026-05-06 11:23:36.625428+00	6	2	3	2	206	\N	f	\N
171	ЗЯ-000171	Устранение засора ванны, раковины	medium	closed	2026-05-05	2026-05-05 11:32:45.653142+00		2026-05-05 11:32:16.63731+00	2026-05-06 11:15:55.618008+00	4	2	3	2	425	\N	f	\N
114	ЗЯ-000114	Ремонт душевого шланга	low	closed	2026-05-02	2026-05-04 08:17:35.334133+00		2026-05-04 08:17:22.041548+00	2026-05-06 11:23:50.319968+00	6	2	3	2	706	\N	f	\N
165	ЗЯ-000165	Замена ламп "Медуза" - 1шт.	low	closed	2026-05-04	2026-05-04 13:39:01.558+00		2026-05-04 13:38:49.532665+00	2026-05-06 11:16:44.116806+00	7	2	3	1	1107	\N	f	\N
181	ЗЯ-000181	Ремонт парты-скамейки	medium	closed	2026-05-06	2026-05-06 08:00:34.395202+00		2026-05-06 08:00:05.378584+00	2026-05-06 11:06:12.360335+00	9	1	3	4	106	\N	f	\N
123	ЗЯ-000123	Устранение засора раковины	low	closed	2026-05-03	2026-05-04 08:28:39.424521+00		2026-05-04 08:28:24.606802+00	2026-05-06 11:21:38.342092+00	11	2	3	2	909	\N	f	\N
122	ЗЯ-000122	Устранение засора ванны	low	closed	2026-05-03	2026-05-04 08:27:45.30999+00		2026-05-04 08:27:32.241343+00	2026-05-06 11:21:48.453395+00	11	2	3	2	1409	\N	f	\N
121	ЗЯ-000121	Ремонт душевого шланга	low	closed	2026-05-03	2026-05-04 08:26:56.081287+00		2026-05-04 08:26:41.232113+00	2026-05-06 11:21:56.369026+00	11	2	3	2	1030	\N	f	\N
113	ЗЯ-000113	Осмотр смесителя и гибкой подводки на предмет протечки. Оборудование находится в исправном состоянии, дополнительных работ не требуется.	medium	closed	2026-05-02	2026-05-04 08:16:47.832479+00		2026-05-04 08:16:28.620217+00	2026-05-06 11:24:07.059383+00	6	2	3	2	1006	\N	f	\N
188	ЗЯ-000188	Включение электрической плиты.Проведена проверка подключения к электросети, настройка параметров, испытание работы конфорок. Дефектов не выявлено	medium	closed	2026-05-06	2026-05-07 08:53:57.38375+00		2026-05-07 08:53:45.886679+00	2026-05-07 08:54:04.239507+00	8	2	3	1	509	\N	f	\N
193	ЗЯ-000193	Монтаж стенда ко Дню Победы	high	closed	2026-05-07	2026-05-07 09:15:18.511607+00		2026-05-07 09:14:30.017694+00	2026-05-07 09:15:24.941888+00	9	1	3	4	МОП	\N	f	\N
195	ЗЯ-000195	Ремонт душевого шланга	low	closed	2026-05-07	2026-05-07 12:15:02.918983+00		2026-05-07 12:14:49.776951+00	2026-05-07 12:15:11.816087+00	4	2	3	2	1331	\N	f	\N
196	ЗЯ-000196	Осмотрено.Трубопровод и соединения находятся в исправном состоянии, признаков утечки воды не обнаружено	medium	closed	2026-05-07	2026-05-07 13:44:41.2413+00		2026-05-07 13:44:29.410261+00	2026-05-07 13:44:45.104448+00	4	1	3	2	268	\N	f	\N
151	ЗЯ-000151	Ремонт и регулировка двери шкафа	low	closed	2026-04-30	2026-05-04 11:16:54.677425+00		2026-05-04 11:16:38.295893+00	2026-05-06 11:19:06.316421+00	10	2	3	4	1015	\N	f	\N
153	ЗЯ-000153	Замена лампы (ЛБ18 - 1 шт.)	medium	closed	2026-05-04	2026-05-04 11:21:44.202289+00		2026-05-04 11:21:27.94527+00	2026-05-04 11:22:20.473633+00	7	2	3	1	1 этаж	\N	f	\N
160	ЗЯ-000159	Закрепление трёх наличников  Поточная аудитория №2	low	closed	2026-05-04	2026-05-04 12:22:54.61545+00		2026-05-04 12:22:39.687509+00	2026-05-06 11:17:38.994651+00	10	1	3	4	Поточная аудитория 2	\N	f	\N
104	ЗЯ-000102	В женской уборной на 1 этаже оторвался держатель для туалетной бумаги	low	closed	2026-05-04	2026-05-04 11:33:32.811132+00		2026-05-04 07:42:40.414032+00	2026-05-06 11:28:52.577221+00	9	1	2	4	МОП	\N	f	\N
154	ЗЯ-000154	Замена ламп ЛБ18 9 шт.	medium	closed	2026-05-04	2026-05-04 14:17:11.186465+00		2026-05-04 11:23:34.428866+00	2026-05-04 14:17:39.964737+00	7	1	3	1	1	\N	f	\N
166	ЗЯ-000166	Крепление плафона	low	closed	2026-05-04	2026-05-04 13:39:48.407226+00		2026-05-04 13:39:33.297697+00	2026-05-06 11:16:31.683167+00	7	2	3	1	1006	\N	f	\N
163	ЗЯ-000163	Ремонт кресла	low	closed	2026-05-04	2026-05-04 12:31:15.467577+00		2026-05-04 12:31:02.189834+00	2026-05-06 11:17:02.912109+00	10	2	3	4	103	\N	f	\N
26	ЗЯ-000026	Ремонт ворот на въезде в столовую. Сварочные работы (Электроды - 11 шт.)	high	closed	2026-04-28	2026-05-04 15:00:44.399606+00		2026-04-27 14:21:18.283922+00	2026-05-04 15:03:12.134569+00	12	1	2	5	0	\N	f	\N
150	ЗЯ-000150	Выполнена процедура включения автоматического выключателя с соблюдением техники безопасности	medium	closed	2026-05-03	2026-05-04 11:15:11.593949+00		2026-05-04 11:14:33.61883+00	2026-05-06 11:20:28.354354+00	6	2	3	1	1202	\N	f	\N
162	ЗЯ-000162	Восстановление рулонной шторы	medium	closed	2026-05-04	2026-05-04 12:30:23.051341+00		2026-05-04 12:30:09.084184+00	2026-05-06 11:17:21.308748+00	10	1	3	4	МОП	\N	f	\N
158	ЗЯ-000158	Замена, монтаж трёх государственных флагов	medium	closed	2026-05-04	2026-05-04 11:42:59.531878+00		2026-05-04 11:41:06.381718+00	2026-05-06 11:17:50.593775+00	9	1	3	4	МОП	\N	f	\N
133	ЗЯ-000133	Замена светильников на светодиодные	medium	closed	2026-05-02	2026-05-04 09:29:50.141195+00		2026-05-04 09:17:43.323651+00	2026-05-04 10:41:46.962042+00	8	1	3	1	203	\N	f	\N
132	ЗЯ-000125	Монтаж светильника (Светодиодная панель 600*600мм 36 Вт- 4 шт.)	medium	closed	2026-04-30	2026-05-04 09:25:09.601641+00		2026-05-04 08:56:49.785707+00	2026-05-04 11:06:30.827746+00	5	1	3	1	201	\N	f	\N
175	ЗЯ-000175	Ремонт и регулировка двери шкафа	low	closed	2026-05-05	2026-05-06 05:28:01.487965+00		2026-05-05 15:10:23.423452+00	2026-05-06 11:07:01.34428+00	10	2	3	4	413	\N	f	\N
161	ЗЯ-000161	Срезать выступающие части на полу тактильной направляющей ленты	medium	closed	2026-05-04	2026-05-04 12:27:26.044683+00		2026-05-04 12:27:09.386989+00	2026-05-06 11:17:30.304844+00	9	1	3	4	МОП	\N	f	\N
148	ЗЯ-000134	Замена  LED медуза 1 шт.	low	closed	2026-05-02	2026-05-04 11:08:35.461208+00		2026-05-04 11:08:15.028036+00	2026-05-06 11:20:36.675317+00	8	2	3	1	1006	\N	f	\N
149	ЗЯ-000149	Замена светильников (Светодиодная панель 600*600мм 36 Вт- 2 шт.)	medium	closed	2026-05-03	2026-05-04 11:11:48.823614+00		2026-05-04 11:11:27.098013+00	2026-05-04 11:12:19.618393+00	6	1	3	1	203	\N	f	\N
173	ЗЯ-000173	Ремонт душевого шланга	medium	closed	2026-05-05	2026-05-05 14:14:52.33127+00		2026-05-05 14:14:40.570643+00	2026-05-06 11:07:25.103392+00	4	2	3	2	513	\N	f	\N
182	ЗЯ-000182	Закрепление ролика на волейбольной сетке	medium	closed	2026-05-06	2026-05-06 11:46:45.666122+00		2026-05-06 11:46:10.387189+00	2026-05-06 11:46:52.0841+00	10	3	3	4	0	\N	f	\N
156	ЗЯ-000156	Ремонт и регулировка двери шкафа	low	closed	2026-05-04	2026-05-04 11:28:32.140512+00		2026-05-04 11:28:07.330152+00	2026-05-06 11:18:17.559296+00	10	2	3	4	607	\N	f	\N
155	ЗЯ-000155	Ремонт душевого шланга	low	closed	2026-05-04	2026-05-04 15:59:44.273674+00		2026-05-04 11:26:47.837673+00	2026-05-06 11:18:41.325976+00	4	2	3	2	1332	\N	f	\N
152	ЗЯ-000152	Выполнена процедура включения автоматического выключателя с соблюдением техники безопасности	medium	closed	2026-05-02	2026-05-04 11:19:03.347342+00		2026-05-04 11:18:41.155604+00	2026-05-06 11:18:55.276309+00	8	2	3	1	1221	\N	f	\N
170	ЗЯ-000170	Устранение засора 2-х раковин на кухне	medium	closed	2026-05-05	2026-05-05 11:32:42.250669+00		2026-05-05 11:31:25.591707+00	2026-05-06 11:16:03.256246+00	4	2	3	2	909	\N	f	\N
180	ЗЯ-000180	Ремонт офисного кресла	medium	closed	2026-05-06	2026-05-06 08:57:33.746035+00		2026-05-06 07:50:32.028003+00	2026-05-06 11:06:23.751573+00	9	1	2	4	117	\N	f	\N
179	ЗЯ-000179	Регулировка запорной арматуры	low	closed	2026-05-05	2026-05-06 05:35:10.943843+00		2026-05-06 05:35:02.938374+00	2026-05-06 11:06:30.512375+00	4	1	3	2	4	\N	f	\N
177	ЗЯ-000177	Устранение засора раковины	medium	closed	2026-05-05	2026-05-06 05:30:58.697085+00		2026-05-06 05:30:39.100766+00	2026-05-06 11:06:39.10375+00	4	2	3	2	1118	\N	f	\N
157	ЗЯ-000157	Перемещение дивана из к. 257 в к. 115А	medium	closed	2026-05-04	2026-05-04 11:38:01.94813+00		2026-05-04 11:37:08.876759+00	2026-05-06 11:18:04.407819+00	10	1	3	3	257	\N	f	\N
169	ЗЯ-000169	Устранение засора ванны, раковины, трапа	medium	closed	2026-05-05	2026-05-05 11:30:20.507156+00		2026-05-05 11:29:46.52974+00	2026-05-06 11:16:10.688202+00	4	2	3	2	427	\N	f	\N
124	ЗЯ-000124	Выполнена процедура включения автоматического выключателя с соблюдением техники безопасности	medium	closed	2026-04-30	2026-05-04 09:03:41.208587+00		2026-05-04 08:42:16.149243+00	2026-05-06 11:20:52.527865+00	5	2	3	1	1412	\N	f	\N
185	ЗЯ-000185	Устранение засора ванны. Ремонт душевого шланга	medium	closed	2026-05-06	2026-05-07 08:28:18.226092+00		2026-05-07 08:27:48.496465+00	2026-05-07 08:28:28.607115+00	6	2	3	2	1005	\N	f	\N
187	ЗЯ-000187	Замена люминесцентных ламп ЛБ 18 - 4 шт.	medium	closed	2026-05-06	2026-05-07 08:49:43.177814+00		2026-05-07 08:49:29.378987+00	2026-05-07 08:50:10.38977+00	8	1	3	1	МОП	\N	f	\N
189	ЗЯ-000189	Выполнена процедура включения автоматического выключателя с соблюдением техники безопасности	medium	closed	2026-05-06	2026-05-07 08:54:58.33884+00		2026-05-07 08:54:39.291964+00	2026-05-07 08:55:14.3849+00	8	2	3	1	209	\N	f	\N
191	ЗЯ-000191	Ремонт стульчака в 1 кабинке, санузел тестирования	medium	closed	2026-05-07	2026-05-07 09:07:50.851563+00		2026-05-07 09:07:34.074077+00	2026-05-07 09:07:57.567821+00	4	1	3	2	МОП	\N	f	\N
38	ЗЯ-000038	Замена лампы, не купили проживающие	low	closed	2026-04-27	2026-05-07 13:55:33.694435+00		2026-04-27 16:57:03.543397+00	2026-05-07 14:07:31.100959+00	7	2	3	1	1207	\N	f	нет ламп, должны купить проживающие
212	ЗЯ-000212	Устранение засора ванны. Ремонт душевого шланга	medium	closed	2026-05-08	2026-05-08 09:06:51.34404+00		2026-05-08 09:06:42.134063+00	2026-05-08 09:06:58.360836+00	4	2	3	2	114	\N	f	\N
216	ЗЯ-000216	Ремонт смесителя крана. замена кран-букса - 1 шт.	medium	closed	2026-05-08	2026-05-08 11:45:25.906815+00		2026-05-08 11:45:06.687705+00	2026-05-08 11:45:41.846983+00	4	2	3	2	408	\N	f	\N
219	ЗЯ-000219	Устранение засора ванны. Замена поплавка бочка унитаза - 1 шт.	medium	closed	2026-05-08	2026-05-08 17:00:01.26219+00		2026-05-08 16:59:49.120904+00	2026-05-08 17:01:01.669673+00	4	2	3	2	830	\N	f	\N
192	ЗЯ-000192	Перекрытие воды на кран раковины	medium	closed	2026-05-07	2026-05-07 14:51:11.373261+00		2026-05-07 09:12:13.652371+00	2026-05-07 14:51:18.610272+00	4	1	3	2	Гараж	\N	f	\N
197	ЗЯ-000197	Санузел библиотеки. Замена гибкой подводки смесителя для раковины - 1 пара.. Регулировка поплавка унитаза.	medium	closed	2026-05-07	2026-05-07 15:20:30.933894+00		2026-05-07 15:00:50.150548+00	2026-05-07 15:20:51.16986+00	4	1	3	2	МОП	\N	f	\N
198	ЗЯ-000198	Пост охраны №3 санузел. Осмотрено.Трубопровод и соединения находятся в исправном состоянии, признаков утечки воды не обнаружено	medium	closed	2026-05-07	2026-05-08 16:56:54.223776+00		2026-05-07 15:11:55.904812+00	2026-05-08 16:57:02.80945+00	4	1	3	2	МОП	\N	f	\N
213	ЗЯ-000213	Ремонт душевого шланга. Устранение засора ванны	medium	closed	2026-05-08	2026-05-08 09:10:35.204885+00		2026-05-08 09:10:22.526139+00	2026-05-08 09:10:47.12141+00	4	2	3	2	605	\N	f	\N
190	ЗЯ-000190	Устранение прорыва гибкой подводки и её замена, проверка герметичности соединений. Дефектов не выявлено	high	closed	2026-05-07	2026-05-07 15:21:19.247805+00		2026-05-07 08:59:27.579847+00	2026-05-07 15:21:42.884118+00	4	2	3	2	803	\N	f	\N
201	ЗЯ-000201	Выполнена процедура включения автоматического выключателя с соблюдением техники безопасности	medium	closed	2026-05-07	2026-05-07 15:30:51.60935+00		2026-05-07 15:30:28.227387+00	2026-05-07 15:30:59.044316+00	6	1	3	1	Класс физ. культуры	\N	f	\N
199	ЗЯ-000199	Тестирование санузел 2 кабинка. Замена гибкой подводки раковины - 1 пара, замена гибкой подводки унитаза - 1 шт.	medium	closed	2026-05-07	2026-05-07 15:16:18.19891+00		2026-05-07 15:15:16.805651+00	2026-05-07 15:17:20.293976+00	4	1	3	2	МОП	\N	f	\N
200	ЗЯ-000200	Тестирование санузел 4 кабинка. Замена гибкой подводки унитаза - 1 шт.	medium	closed	2026-05-07	2026-05-07 15:18:45.493707+00		2026-05-07 15:18:28.969087+00	2026-05-07 15:18:50.710122+00	4	1	3	2	МОП	\N	f	\N
202	ЗЯ-000202	Замена светильника .Светодиодная панель 600*600мм 36 Вт - 1 шт.	medium	closed	2026-05-07	2026-05-08 08:46:46.927274+00		2026-05-08 08:46:36.079764+00	2026-05-08 08:47:07.656334+00	6	1	3	1	МОП	\N	f	\N
217	ЗЯ-000217	Перемещение из холла ученого совета 1 белую лавочку в холл 1 этажа установка около окна	medium	closed	2026-05-08	2026-05-08 14:00:55.052803+00		2026-05-08 13:59:56.333287+00	2026-05-08 14:00:59.489725+00	10	1	3	4	МОП	\N	f	\N
203	ЗЯ-000203	Замена Люминесцентная лампа ЛБ 18 - 4 шт., стартер - 4 шт.	medium	closed	2026-05-07	2026-05-08 08:48:44.206413+00		2026-05-08 08:48:28.135422+00	2026-05-08 08:49:22.844094+00	6	1	3	1	МОП	\N	f	\N
204	ЗЯ-000204	Демонтаж баскетбольного кольца	low	closed	2026-05-07	2026-05-08 08:50:40.341123+00		2026-05-08 08:50:29.390288+00	2026-05-08 08:50:45.851676+00	6	3	3	4	Спортивная площадка	\N	f	\N
205	ЗЯ-000205	Замена LED лампы Е27 - 2 шт.	medium	closed	2026-05-07	2026-05-08 08:51:50.694446+00		2026-05-08 08:51:40.143346+00	2026-05-08 08:52:05.385538+00	6	2	3	1	423	\N	f	\N
206	ЗЯ-000206	Ремонт смесителя ванны. Кран-букса -1 шт.	medium	closed	2026-05-07	2026-05-08 08:53:55.159266+00		2026-05-08 08:53:47.911156+00	2026-05-08 08:54:17.642942+00	4	2	3	2	1405	\N	f	\N
207	ЗЯ-000207	Ремонт душевого шланга	low	closed	2026-05-07	2026-05-08 08:55:17.159668+00		2026-05-08 08:55:08.591577+00	2026-05-08 08:55:19.922157+00	4	2	3	2	722	\N	f	\N
208	ЗЯ-000208	Устранение засора ванны. Замена душевой лейки - 1 шт.. Ремонт переключателя душа. Прокладки - 2 шт.	medium	closed	2026-05-07	2026-05-08 08:57:02.900153+00		2026-05-08 08:56:53.582001+00	2026-05-08 08:57:51.45295+00	4	2	3	2	511	\N	f	\N
209	ЗЯ-000209	Устранение засора раковины. Требуется душевой шланг. Должны купить проживающие	low	closed	2026-05-07	2026-05-08 08:59:43.203288+00		2026-05-08 08:59:32.64794+00	2026-05-08 08:59:46.987934+00	4	2	3	2	513	\N	f	\N
210	ЗЯ-000210	Ремонт душевого шланга. Устранение засора ванны.	medium	closed	2026-05-08	2026-05-08 09:03:23.934384+00		2026-05-08 09:03:13.243286+00	2026-05-08 09:03:29.21231+00	4	2	3	2	507	\N	f	\N
218	ЗЯ-000218	Пост охраны №3 ванна. Замена гибкой подводки смесителя раковины - 1 пара. Замена гибкой подводки унитаза -1 шт. Устранение засора душевой кабинки	medium	closed	2026-05-08	2026-05-08 16:57:21.388588+00		2026-05-08 16:54:49.133604+00	2026-05-08 16:58:06.411262+00	4	1	3	2	МОП	\N	f	\N
214	ЗЯ-000214	Сварочные работы и установка баскетбольного кольца и щита на спортивной площадке	medium	closed	2026-05-08	2026-05-08 17:15:22.361681+00		2026-05-08 11:19:36.866161+00	2026-05-08 17:15:36.083665+00	9	3	3	4	Спортивная площадка	20	f	\N
\.


--
-- Data for Name: requests_app_usedmaterial; Type: TABLE DATA; Schema: public; Owner: exploitation_user
--

COPY public.requests_app_usedmaterial (id, name, quantity, unit, price_per_unit, total_price, request_id, material_id) FROM stdin;
4	Гибкая подводка для смесителя	1.00	пара	150.00	150.00	107	12
5	Гибкая подводка для смесителя	1.00	шт.	150.00	150.00	107	12
6	Светильник светодиодный 600х600	1.00	шт.	761.64	761.64	69	28
7	Светильник светодиодный 600х600	2.00	шт.	761.64	1523.28	133	28
8	Светильник светодиодный 600х600	4.00	шт.	761.64	3046.56	132	28
9	Светильник светодиодный 600х600	2.00	шт.	761.64	1523.28	149	28
10	Лампа люминисцентная 18W/640	1.00	шт.	53.00	53.00	153	25
12	Лампа люминисцентная 18W/640	9.00	шт.	53.00	477.00	154	25
13	Смазка силиконовая	0.10	шт.	6.00	0.60	50	15
14	Электроды сварочные	11.00	шт.	3.68	40.48	26	17
15	Смазка силиконовая	0.10	шт.	6.00	0.60	75	15
16	Гибкая подводка для смесителя	1.00	пара	150.00	150.00	168	12
17	Гибкая подводка для смесителя	1.00	пара	150.00	150.00	178	12
18	Лампа люминисцентная 18W/640	4.00	шт.	53.00	212.00	187	25
19	Стартер для люминисцентных ламп	4.00	шт.	18.00	72.00	187	27
22	Гибкая подводка для смесителя	1.00	пара	150.00	150.00	199	12
23	Гибкая подводка для смесителя	1.00	пара	150.00	150.00	197	12
24	Гибкая подводка для смесителя	1.00	пара	150.00	150.00	190	12
25	Гибкая подводка для смесителя	1.00	пара	150.00	150.00	106	12
26	Светильник светодиодный 600х600	1.00	шт.	761.64	761.64	202	28
27	Лампа люминисцентная 18W/640	4.00	шт.	53.00	212.00	203	25
28	Стартер для люминисцентных ламп	4.00	шт.	18.00	72.00	203	27
29	Лампа светодиодная Е27 12Вт	2.00	шт.	42.00	84.00	205	26
31	Гибкая подводка для смесителя	1.00	пара	150.00	150.00	218	12
32	Электроды сварочные	4.00	шт.	3.68	14.72	214	17
\.


--
-- Data for Name: users_profile; Type: TABLE DATA; Schema: public; Owner: exploitation_user
--

COPY public.users_profile (id, role, phone, "position", user_id, is_active, last_activity, login_count, avatar) FROM stdin;
4	VIEWER		Рабочий по эксплуатации здания	4	t	\N	0	\N
5	VIEWER		Рабочий по эксплуатации здания	5	t	\N	0	\N
6	VIEWER		Рабочий по эксплуатации здания	6	t	\N	0	\N
7	VIEWER		Рабочий по эксплуатации здания	7	t	\N	0	\N
8	VIEWER		Рабочий по эксплуатации здания	8	t	\N	0	\N
9	VIEWER		Рабочий по эксплуатации здания	9	t	\N	0	\N
10	VIEWER		Рабочий по эксплуатации здания	10	t	\N	0	\N
11	VIEWER		Рабочий по эксплуатации здания	11	t	\N	0	\N
12	VIEWER		Рабочий по эксплуатации здания	12	t	\N	0	\N
13	VIEWER		Инженер	13	t	\N	0	\N
2	ADMIN	+79672605080	Главный инженер	2	t	2026-05-08 08:28:10.603856+00	11	
3	ADMIN	96700000000	Специалист	3	t	2026-05-08 17:14:48.181051+00	6	
\.


--
-- Name: auth_group_id_seq; Type: SEQUENCE SET; Schema: public; Owner: exploitation_user
--

SELECT pg_catalog.setval('public.auth_group_id_seq', 1, false);


--
-- Name: auth_group_permissions_id_seq; Type: SEQUENCE SET; Schema: public; Owner: exploitation_user
--

SELECT pg_catalog.setval('public.auth_group_permissions_id_seq', 1, false);


--
-- Name: auth_permission_id_seq; Type: SEQUENCE SET; Schema: public; Owner: exploitation_user
--

SELECT pg_catalog.setval('public.auth_permission_id_seq', 116, true);


--
-- Name: auth_user_groups_id_seq; Type: SEQUENCE SET; Schema: public; Owner: exploitation_user
--

SELECT pg_catalog.setval('public.auth_user_groups_id_seq', 1, false);


--
-- Name: auth_user_id_seq; Type: SEQUENCE SET; Schema: public; Owner: exploitation_user
--

SELECT pg_catalog.setval('public.auth_user_id_seq', 13, true);


--
-- Name: auth_user_user_permissions_id_seq; Type: SEQUENCE SET; Schema: public; Owner: exploitation_user
--

SELECT pg_catalog.setval('public.auth_user_user_permissions_id_seq', 1, false);


--
-- Name: buildings_building_id_seq; Type: SEQUENCE SET; Schema: public; Owner: exploitation_user
--

SELECT pg_catalog.setval('public.buildings_building_id_seq', 3, true);


--
-- Name: buildings_buildingdocument_id_seq; Type: SEQUENCE SET; Schema: public; Owner: exploitation_user
--

SELECT pg_catalog.setval('public.buildings_buildingdocument_id_seq', 1, false);


--
-- Name: django_admin_log_id_seq; Type: SEQUENCE SET; Schema: public; Owner: exploitation_user
--

SELECT pg_catalog.setval('public.django_admin_log_id_seq', 1, false);


--
-- Name: django_content_type_id_seq; Type: SEQUENCE SET; Schema: public; Owner: exploitation_user
--

SELECT pg_catalog.setval('public.django_content_type_id_seq', 29, true);


--
-- Name: django_migrations_id_seq; Type: SEQUENCE SET; Schema: public; Owner: exploitation_user
--

SELECT pg_catalog.setval('public.django_migrations_id_seq', 73, true);


--
-- Name: energy_archivedreading_id_seq; Type: SEQUENCE SET; Schema: public; Owner: exploitation_user
--

SELECT pg_catalog.setval('public.energy_archivedreading_id_seq', 1, false);


--
-- Name: energy_archivedzonereading_id_seq; Type: SEQUENCE SET; Schema: public; Owner: exploitation_user
--

SELECT pg_catalog.setval('public.energy_archivedzonereading_id_seq', 1, false);


--
-- Name: energy_initialzonereading_id_seq; Type: SEQUENCE SET; Schema: public; Owner: exploitation_user
--

SELECT pg_catalog.setval('public.energy_initialzonereading_id_seq', 1, true);


--
-- Name: energy_meter_id_seq; Type: SEQUENCE SET; Schema: public; Owner: exploitation_user
--

SELECT pg_catalog.setval('public.energy_meter_id_seq', 9, true);


--
-- Name: energy_meterdocument_id_seq; Type: SEQUENCE SET; Schema: public; Owner: exploitation_user
--

SELECT pg_catalog.setval('public.energy_meterdocument_id_seq', 43, true);


--
-- Name: energy_reading_id_seq; Type: SEQUENCE SET; Schema: public; Owner: exploitation_user
--

SELECT pg_catalog.setval('public.energy_reading_id_seq', 89, true);


--
-- Name: energy_resourcetype_id_seq; Type: SEQUENCE SET; Schema: public; Owner: exploitation_user
--

SELECT pg_catalog.setval('public.energy_resourcetype_id_seq', 4, true);


--
-- Name: energy_tariffcomponent_id_seq; Type: SEQUENCE SET; Schema: public; Owner: exploitation_user
--

SELECT pg_catalog.setval('public.energy_tariffcomponent_id_seq', 4, true);


--
-- Name: energy_userlog_id_seq; Type: SEQUENCE SET; Schema: public; Owner: exploitation_user
--

SELECT pg_catalog.setval('public.energy_userlog_id_seq', 434, true);


--
-- Name: energy_zonereading_id_seq; Type: SEQUENCE SET; Schema: public; Owner: exploitation_user
--

SELECT pg_catalog.setval('public.energy_zonereading_id_seq', 21, true);


--
-- Name: exploitation_app_additionalagreement_id_seq; Type: SEQUENCE SET; Schema: public; Owner: exploitation_user
--

SELECT pg_catalog.setval('public.exploitation_app_additionalagreement_id_seq', 1, true);


--
-- Name: exploitation_app_contractexecution_id_seq; Type: SEQUENCE SET; Schema: public; Owner: exploitation_user
--

SELECT pg_catalog.setval('public.exploitation_app_contractexecution_id_seq', 32, true);


--
-- Name: exploitation_app_operationcontract_id_seq; Type: SEQUENCE SET; Schema: public; Owner: exploitation_user
--

SELECT pg_catalog.setval('public.exploitation_app_operationcontract_id_seq', 13, true);


--
-- Name: requests_app_material_id_seq; Type: SEQUENCE SET; Schema: public; Owner: exploitation_user
--

SELECT pg_catalog.setval('public.requests_app_material_id_seq', 28, true);


--
-- Name: requests_app_requestassignee_id_seq; Type: SEQUENCE SET; Schema: public; Owner: exploitation_user
--

SELECT pg_catalog.setval('public.requests_app_requestassignee_id_seq', 11, true);


--
-- Name: requests_app_requestfile_id_seq; Type: SEQUENCE SET; Schema: public; Owner: exploitation_user
--

SELECT pg_catalog.setval('public.requests_app_requestfile_id_seq', 2, true);


--
-- Name: requests_app_requesthistory_id_seq; Type: SEQUENCE SET; Schema: public; Owner: exploitation_user
--

SELECT pg_catalog.setval('public.requests_app_requesthistory_id_seq', 267, true);


--
-- Name: requests_app_requesttype_id_seq; Type: SEQUENCE SET; Schema: public; Owner: exploitation_user
--

SELECT pg_catalog.setval('public.requests_app_requesttype_id_seq', 5, true);


--
-- Name: requests_app_servicerequest_id_seq; Type: SEQUENCE SET; Schema: public; Owner: exploitation_user
--

SELECT pg_catalog.setval('public.requests_app_servicerequest_id_seq', 219, true);


--
-- Name: requests_app_usedmaterial_id_seq; Type: SEQUENCE SET; Schema: public; Owner: exploitation_user
--

SELECT pg_catalog.setval('public.requests_app_usedmaterial_id_seq', 32, true);


--
-- Name: users_profile_id_seq; Type: SEQUENCE SET; Schema: public; Owner: exploitation_user
--

SELECT pg_catalog.setval('public.users_profile_id_seq', 13, true);


--
-- Name: auth_group auth_group_name_key; Type: CONSTRAINT; Schema: public; Owner: exploitation_user
--

ALTER TABLE ONLY public.auth_group
    ADD CONSTRAINT auth_group_name_key UNIQUE (name);


--
-- Name: auth_group_permissions auth_group_permissions_group_id_permission_id_0cd325b0_uniq; Type: CONSTRAINT; Schema: public; Owner: exploitation_user
--

ALTER TABLE ONLY public.auth_group_permissions
    ADD CONSTRAINT auth_group_permissions_group_id_permission_id_0cd325b0_uniq UNIQUE (group_id, permission_id);


--
-- Name: auth_group_permissions auth_group_permissions_pkey; Type: CONSTRAINT; Schema: public; Owner: exploitation_user
--

ALTER TABLE ONLY public.auth_group_permissions
    ADD CONSTRAINT auth_group_permissions_pkey PRIMARY KEY (id);


--
-- Name: auth_group auth_group_pkey; Type: CONSTRAINT; Schema: public; Owner: exploitation_user
--

ALTER TABLE ONLY public.auth_group
    ADD CONSTRAINT auth_group_pkey PRIMARY KEY (id);


--
-- Name: auth_permission auth_permission_content_type_id_codename_01ab375a_uniq; Type: CONSTRAINT; Schema: public; Owner: exploitation_user
--

ALTER TABLE ONLY public.auth_permission
    ADD CONSTRAINT auth_permission_content_type_id_codename_01ab375a_uniq UNIQUE (content_type_id, codename);


--
-- Name: auth_permission auth_permission_pkey; Type: CONSTRAINT; Schema: public; Owner: exploitation_user
--

ALTER TABLE ONLY public.auth_permission
    ADD CONSTRAINT auth_permission_pkey PRIMARY KEY (id);


--
-- Name: auth_user_groups auth_user_groups_pkey; Type: CONSTRAINT; Schema: public; Owner: exploitation_user
--

ALTER TABLE ONLY public.auth_user_groups
    ADD CONSTRAINT auth_user_groups_pkey PRIMARY KEY (id);


--
-- Name: auth_user_groups auth_user_groups_user_id_group_id_94350c0c_uniq; Type: CONSTRAINT; Schema: public; Owner: exploitation_user
--

ALTER TABLE ONLY public.auth_user_groups
    ADD CONSTRAINT auth_user_groups_user_id_group_id_94350c0c_uniq UNIQUE (user_id, group_id);


--
-- Name: auth_user auth_user_pkey; Type: CONSTRAINT; Schema: public; Owner: exploitation_user
--

ALTER TABLE ONLY public.auth_user
    ADD CONSTRAINT auth_user_pkey PRIMARY KEY (id);


--
-- Name: auth_user_user_permissions auth_user_user_permissions_pkey; Type: CONSTRAINT; Schema: public; Owner: exploitation_user
--

ALTER TABLE ONLY public.auth_user_user_permissions
    ADD CONSTRAINT auth_user_user_permissions_pkey PRIMARY KEY (id);


--
-- Name: auth_user_user_permissions auth_user_user_permissions_user_id_permission_id_14a6b632_uniq; Type: CONSTRAINT; Schema: public; Owner: exploitation_user
--

ALTER TABLE ONLY public.auth_user_user_permissions
    ADD CONSTRAINT auth_user_user_permissions_user_id_permission_id_14a6b632_uniq UNIQUE (user_id, permission_id);


--
-- Name: auth_user auth_user_username_key; Type: CONSTRAINT; Schema: public; Owner: exploitation_user
--

ALTER TABLE ONLY public.auth_user
    ADD CONSTRAINT auth_user_username_key UNIQUE (username);


--
-- Name: buildings_building buildings_building_cadastral_number_key; Type: CONSTRAINT; Schema: public; Owner: exploitation_user
--

ALTER TABLE ONLY public.buildings_building
    ADD CONSTRAINT buildings_building_cadastral_number_key UNIQUE (cadastral_number);


--
-- Name: buildings_building buildings_building_pkey; Type: CONSTRAINT; Schema: public; Owner: exploitation_user
--

ALTER TABLE ONLY public.buildings_building
    ADD CONSTRAINT buildings_building_pkey PRIMARY KEY (id);


--
-- Name: buildings_buildingdocument buildings_buildingdocument_pkey; Type: CONSTRAINT; Schema: public; Owner: exploitation_user
--

ALTER TABLE ONLY public.buildings_buildingdocument
    ADD CONSTRAINT buildings_buildingdocument_pkey PRIMARY KEY (id);


--
-- Name: django_admin_log django_admin_log_pkey; Type: CONSTRAINT; Schema: public; Owner: exploitation_user
--

ALTER TABLE ONLY public.django_admin_log
    ADD CONSTRAINT django_admin_log_pkey PRIMARY KEY (id);


--
-- Name: django_content_type django_content_type_app_label_model_76bd3d3b_uniq; Type: CONSTRAINT; Schema: public; Owner: exploitation_user
--

ALTER TABLE ONLY public.django_content_type
    ADD CONSTRAINT django_content_type_app_label_model_76bd3d3b_uniq UNIQUE (app_label, model);


--
-- Name: django_content_type django_content_type_pkey; Type: CONSTRAINT; Schema: public; Owner: exploitation_user
--

ALTER TABLE ONLY public.django_content_type
    ADD CONSTRAINT django_content_type_pkey PRIMARY KEY (id);


--
-- Name: django_migrations django_migrations_pkey; Type: CONSTRAINT; Schema: public; Owner: exploitation_user
--

ALTER TABLE ONLY public.django_migrations
    ADD CONSTRAINT django_migrations_pkey PRIMARY KEY (id);


--
-- Name: django_session django_session_pkey; Type: CONSTRAINT; Schema: public; Owner: exploitation_user
--

ALTER TABLE ONLY public.django_session
    ADD CONSTRAINT django_session_pkey PRIMARY KEY (session_key);


--
-- Name: energy_archivedreading energy_archivedreading_pkey; Type: CONSTRAINT; Schema: public; Owner: exploitation_user
--

ALTER TABLE ONLY public.energy_archivedreading
    ADD CONSTRAINT energy_archivedreading_pkey PRIMARY KEY (id);


--
-- Name: energy_archivedzonereading energy_archivedzonereading_pkey; Type: CONSTRAINT; Schema: public; Owner: exploitation_user
--

ALTER TABLE ONLY public.energy_archivedzonereading
    ADD CONSTRAINT energy_archivedzonereading_pkey PRIMARY KEY (id);


--
-- Name: energy_initialzonereading energy_initialzonereadin_meter_id_tariff_componen_e7e53f8a_uniq; Type: CONSTRAINT; Schema: public; Owner: exploitation_user
--

ALTER TABLE ONLY public.energy_initialzonereading
    ADD CONSTRAINT energy_initialzonereadin_meter_id_tariff_componen_e7e53f8a_uniq UNIQUE (meter_id, tariff_component_id);


--
-- Name: energy_initialzonereading energy_initialzonereading_meter_id_key; Type: CONSTRAINT; Schema: public; Owner: exploitation_user
--

ALTER TABLE ONLY public.energy_initialzonereading
    ADD CONSTRAINT energy_initialzonereading_meter_id_key UNIQUE (meter_id);


--
-- Name: energy_initialzonereading energy_initialzonereading_pkey; Type: CONSTRAINT; Schema: public; Owner: exploitation_user
--

ALTER TABLE ONLY public.energy_initialzonereading
    ADD CONSTRAINT energy_initialzonereading_pkey PRIMARY KEY (id);


--
-- Name: energy_meter energy_meter_pkey; Type: CONSTRAINT; Schema: public; Owner: exploitation_user
--

ALTER TABLE ONLY public.energy_meter
    ADD CONSTRAINT energy_meter_pkey PRIMARY KEY (id);


--
-- Name: energy_meter energy_meter_serial_number_4fe84819_uniq; Type: CONSTRAINT; Schema: public; Owner: exploitation_user
--

ALTER TABLE ONLY public.energy_meter
    ADD CONSTRAINT energy_meter_serial_number_4fe84819_uniq UNIQUE (serial_number);


--
-- Name: energy_meterdocument energy_meterdocument_pkey; Type: CONSTRAINT; Schema: public; Owner: exploitation_user
--

ALTER TABLE ONLY public.energy_meterdocument
    ADD CONSTRAINT energy_meterdocument_pkey PRIMARY KEY (id);


--
-- Name: energy_reading energy_reading_meter_id_date_a71c97b6_uniq; Type: CONSTRAINT; Schema: public; Owner: exploitation_user
--

ALTER TABLE ONLY public.energy_reading
    ADD CONSTRAINT energy_reading_meter_id_date_a71c97b6_uniq UNIQUE (meter_id, date);


--
-- Name: energy_reading energy_reading_pkey; Type: CONSTRAINT; Schema: public; Owner: exploitation_user
--

ALTER TABLE ONLY public.energy_reading
    ADD CONSTRAINT energy_reading_pkey PRIMARY KEY (id);


--
-- Name: energy_resourcetype energy_resourcetype_name_key; Type: CONSTRAINT; Schema: public; Owner: exploitation_user
--

ALTER TABLE ONLY public.energy_resourcetype
    ADD CONSTRAINT energy_resourcetype_name_key UNIQUE (name);


--
-- Name: energy_resourcetype energy_resourcetype_pkey; Type: CONSTRAINT; Schema: public; Owner: exploitation_user
--

ALTER TABLE ONLY public.energy_resourcetype
    ADD CONSTRAINT energy_resourcetype_pkey PRIMARY KEY (id);


--
-- Name: energy_tariffcomponent energy_tariffcomponent_pkey; Type: CONSTRAINT; Schema: public; Owner: exploitation_user
--

ALTER TABLE ONLY public.energy_tariffcomponent
    ADD CONSTRAINT energy_tariffcomponent_pkey PRIMARY KEY (id);


--
-- Name: energy_tariffcomponent energy_tariffcomponent_resource_type_id_name_va_b36f46ff_uniq; Type: CONSTRAINT; Schema: public; Owner: exploitation_user
--

ALTER TABLE ONLY public.energy_tariffcomponent
    ADD CONSTRAINT energy_tariffcomponent_resource_type_id_name_va_b36f46ff_uniq UNIQUE (resource_type_id, name, valid_from);


--
-- Name: energy_userlog energy_userlog_pkey; Type: CONSTRAINT; Schema: public; Owner: exploitation_user
--

ALTER TABLE ONLY public.energy_userlog
    ADD CONSTRAINT energy_userlog_pkey PRIMARY KEY (id);


--
-- Name: energy_zonereading energy_zonereading_pkey; Type: CONSTRAINT; Schema: public; Owner: exploitation_user
--

ALTER TABLE ONLY public.energy_zonereading
    ADD CONSTRAINT energy_zonereading_pkey PRIMARY KEY (id);


--
-- Name: exploitation_app_additionalagreement exploitation_app_additionalagreement_pkey; Type: CONSTRAINT; Schema: public; Owner: exploitation_user
--

ALTER TABLE ONLY public.exploitation_app_additionalagreement
    ADD CONSTRAINT exploitation_app_additionalagreement_pkey PRIMARY KEY (id);


--
-- Name: exploitation_app_contractexecution exploitation_app_contractexecution_pkey; Type: CONSTRAINT; Schema: public; Owner: exploitation_user
--

ALTER TABLE ONLY public.exploitation_app_contractexecution
    ADD CONSTRAINT exploitation_app_contractexecution_pkey PRIMARY KEY (id);


--
-- Name: exploitation_app_operationcontract exploitation_app_operationcontract_contract_number_key; Type: CONSTRAINT; Schema: public; Owner: exploitation_user
--

ALTER TABLE ONLY public.exploitation_app_operationcontract
    ADD CONSTRAINT exploitation_app_operationcontract_contract_number_key UNIQUE (contract_number);


--
-- Name: exploitation_app_operationcontract exploitation_app_operationcontract_pkey; Type: CONSTRAINT; Schema: public; Owner: exploitation_user
--

ALTER TABLE ONLY public.exploitation_app_operationcontract
    ADD CONSTRAINT exploitation_app_operationcontract_pkey PRIMARY KEY (id);


--
-- Name: requests_app_material requests_app_material_name_key; Type: CONSTRAINT; Schema: public; Owner: exploitation_user
--

ALTER TABLE ONLY public.requests_app_material
    ADD CONSTRAINT requests_app_material_name_key UNIQUE (name);


--
-- Name: requests_app_material requests_app_material_pkey; Type: CONSTRAINT; Schema: public; Owner: exploitation_user
--

ALTER TABLE ONLY public.requests_app_material
    ADD CONSTRAINT requests_app_material_pkey PRIMARY KEY (id);


--
-- Name: requests_app_requestassignee requests_app_requestassignee_pkey; Type: CONSTRAINT; Schema: public; Owner: exploitation_user
--

ALTER TABLE ONLY public.requests_app_requestassignee
    ADD CONSTRAINT requests_app_requestassignee_pkey PRIMARY KEY (id);


--
-- Name: requests_app_requestassignee requests_app_requestassignee_request_id_user_id_21ca5d31_uniq; Type: CONSTRAINT; Schema: public; Owner: exploitation_user
--

ALTER TABLE ONLY public.requests_app_requestassignee
    ADD CONSTRAINT requests_app_requestassignee_request_id_user_id_21ca5d31_uniq UNIQUE (request_id, user_id);


--
-- Name: requests_app_requestfile requests_app_requestfile_pkey; Type: CONSTRAINT; Schema: public; Owner: exploitation_user
--

ALTER TABLE ONLY public.requests_app_requestfile
    ADD CONSTRAINT requests_app_requestfile_pkey PRIMARY KEY (id);


--
-- Name: requests_app_requesthistory requests_app_requesthistory_pkey; Type: CONSTRAINT; Schema: public; Owner: exploitation_user
--

ALTER TABLE ONLY public.requests_app_requesthistory
    ADD CONSTRAINT requests_app_requesthistory_pkey PRIMARY KEY (id);


--
-- Name: requests_app_requesttype requests_app_requesttype_name_key; Type: CONSTRAINT; Schema: public; Owner: exploitation_user
--

ALTER TABLE ONLY public.requests_app_requesttype
    ADD CONSTRAINT requests_app_requesttype_name_key UNIQUE (name);


--
-- Name: requests_app_requesttype requests_app_requesttype_pkey; Type: CONSTRAINT; Schema: public; Owner: exploitation_user
--

ALTER TABLE ONLY public.requests_app_requesttype
    ADD CONSTRAINT requests_app_requesttype_pkey PRIMARY KEY (id);


--
-- Name: requests_app_servicerequest requests_app_servicerequest_pkey; Type: CONSTRAINT; Schema: public; Owner: exploitation_user
--

ALTER TABLE ONLY public.requests_app_servicerequest
    ADD CONSTRAINT requests_app_servicerequest_pkey PRIMARY KEY (id);


--
-- Name: requests_app_servicerequest requests_app_servicerequest_request_number_key; Type: CONSTRAINT; Schema: public; Owner: exploitation_user
--

ALTER TABLE ONLY public.requests_app_servicerequest
    ADD CONSTRAINT requests_app_servicerequest_request_number_key UNIQUE (request_number);


--
-- Name: requests_app_usedmaterial requests_app_usedmaterial_pkey; Type: CONSTRAINT; Schema: public; Owner: exploitation_user
--

ALTER TABLE ONLY public.requests_app_usedmaterial
    ADD CONSTRAINT requests_app_usedmaterial_pkey PRIMARY KEY (id);


--
-- Name: exploitation_app_contractexecution unique_contract_payment; Type: CONSTRAINT; Schema: public; Owner: exploitation_user
--

ALTER TABLE ONLY public.exploitation_app_contractexecution
    ADD CONSTRAINT unique_contract_payment UNIQUE (contract_id, year, month);


--
-- Name: users_profile users_profile_pkey; Type: CONSTRAINT; Schema: public; Owner: exploitation_user
--

ALTER TABLE ONLY public.users_profile
    ADD CONSTRAINT users_profile_pkey PRIMARY KEY (id);


--
-- Name: users_profile users_profile_user_id_key; Type: CONSTRAINT; Schema: public; Owner: exploitation_user
--

ALTER TABLE ONLY public.users_profile
    ADD CONSTRAINT users_profile_user_id_key UNIQUE (user_id);


--
-- Name: auth_group_name_a6ea08ec_like; Type: INDEX; Schema: public; Owner: exploitation_user
--

CREATE INDEX auth_group_name_a6ea08ec_like ON public.auth_group USING btree (name varchar_pattern_ops);


--
-- Name: auth_group_permissions_group_id_b120cbf9; Type: INDEX; Schema: public; Owner: exploitation_user
--

CREATE INDEX auth_group_permissions_group_id_b120cbf9 ON public.auth_group_permissions USING btree (group_id);


--
-- Name: auth_group_permissions_permission_id_84c5c92e; Type: INDEX; Schema: public; Owner: exploitation_user
--

CREATE INDEX auth_group_permissions_permission_id_84c5c92e ON public.auth_group_permissions USING btree (permission_id);


--
-- Name: auth_permission_content_type_id_2f476e4b; Type: INDEX; Schema: public; Owner: exploitation_user
--

CREATE INDEX auth_permission_content_type_id_2f476e4b ON public.auth_permission USING btree (content_type_id);


--
-- Name: auth_user_groups_group_id_97559544; Type: INDEX; Schema: public; Owner: exploitation_user
--

CREATE INDEX auth_user_groups_group_id_97559544 ON public.auth_user_groups USING btree (group_id);


--
-- Name: auth_user_groups_user_id_6a12ed8b; Type: INDEX; Schema: public; Owner: exploitation_user
--

CREATE INDEX auth_user_groups_user_id_6a12ed8b ON public.auth_user_groups USING btree (user_id);


--
-- Name: auth_user_user_permissions_permission_id_1fbb5f2c; Type: INDEX; Schema: public; Owner: exploitation_user
--

CREATE INDEX auth_user_user_permissions_permission_id_1fbb5f2c ON public.auth_user_user_permissions USING btree (permission_id);


--
-- Name: auth_user_user_permissions_user_id_a95ead1b; Type: INDEX; Schema: public; Owner: exploitation_user
--

CREATE INDEX auth_user_user_permissions_user_id_a95ead1b ON public.auth_user_user_permissions USING btree (user_id);


--
-- Name: auth_user_username_6821ab7c_like; Type: INDEX; Schema: public; Owner: exploitation_user
--

CREATE INDEX auth_user_username_6821ab7c_like ON public.auth_user USING btree (username varchar_pattern_ops);


--
-- Name: buildings_building_cadastral_number_8d72c184_like; Type: INDEX; Schema: public; Owner: exploitation_user
--

CREATE INDEX buildings_building_cadastral_number_8d72c184_like ON public.buildings_building USING btree (cadastral_number varchar_pattern_ops);


--
-- Name: buildings_buildingdocument_building_id_6a9954b6; Type: INDEX; Schema: public; Owner: exploitation_user
--

CREATE INDEX buildings_buildingdocument_building_id_6a9954b6 ON public.buildings_buildingdocument USING btree (building_id);


--
-- Name: django_admin_log_content_type_id_c4bce8eb; Type: INDEX; Schema: public; Owner: exploitation_user
--

CREATE INDEX django_admin_log_content_type_id_c4bce8eb ON public.django_admin_log USING btree (content_type_id);


--
-- Name: django_admin_log_user_id_c564eba6; Type: INDEX; Schema: public; Owner: exploitation_user
--

CREATE INDEX django_admin_log_user_id_c564eba6 ON public.django_admin_log USING btree (user_id);


--
-- Name: django_session_expire_date_a5c62663; Type: INDEX; Schema: public; Owner: exploitation_user
--

CREATE INDEX django_session_expire_date_a5c62663 ON public.django_session USING btree (expire_date);


--
-- Name: django_session_session_key_c0390e0f_like; Type: INDEX; Schema: public; Owner: exploitation_user
--

CREATE INDEX django_session_session_key_c0390e0f_like ON public.django_session USING btree (session_key varchar_pattern_ops);


--
-- Name: energy_archivedreading_meter_id_60975c21; Type: INDEX; Schema: public; Owner: exploitation_user
--

CREATE INDEX energy_archivedreading_meter_id_60975c21 ON public.energy_archivedreading USING btree (meter_id);


--
-- Name: energy_archivedzonereading_archived_reading_id_936649a6; Type: INDEX; Schema: public; Owner: exploitation_user
--

CREATE INDEX energy_archivedzonereading_archived_reading_id_936649a6 ON public.energy_archivedzonereading USING btree (archived_reading_id);


--
-- Name: energy_archivedzonereading_tariff_component_id_1c2884b4; Type: INDEX; Schema: public; Owner: exploitation_user
--

CREATE INDEX energy_archivedzonereading_tariff_component_id_1c2884b4 ON public.energy_archivedzonereading USING btree (tariff_component_id);


--
-- Name: energy_initialzonereading_tariff_component_id_ee396340; Type: INDEX; Schema: public; Owner: exploitation_user
--

CREATE INDEX energy_initialzonereading_tariff_component_id_ee396340 ON public.energy_initialzonereading USING btree (tariff_component_id);


--
-- Name: energy_meter_resource_type_id_a5030458; Type: INDEX; Schema: public; Owner: exploitation_user
--

CREATE INDEX energy_meter_resource_type_id_a5030458 ON public.energy_meter USING btree (resource_type_id);


--
-- Name: energy_meter_serial_number_4fe84819_like; Type: INDEX; Schema: public; Owner: exploitation_user
--

CREATE INDEX energy_meter_serial_number_4fe84819_like ON public.energy_meter USING btree (serial_number varchar_pattern_ops);


--
-- Name: energy_meterdocument_meter_id_830bdd34; Type: INDEX; Schema: public; Owner: exploitation_user
--

CREATE INDEX energy_meterdocument_meter_id_830bdd34 ON public.energy_meterdocument USING btree (meter_id);


--
-- Name: energy_reading_meter_id_f6dff21e; Type: INDEX; Schema: public; Owner: exploitation_user
--

CREATE INDEX energy_reading_meter_id_f6dff21e ON public.energy_reading USING btree (meter_id);


--
-- Name: energy_resourcetype_name_5152f714_like; Type: INDEX; Schema: public; Owner: exploitation_user
--

CREATE INDEX energy_resourcetype_name_5152f714_like ON public.energy_resourcetype USING btree (name varchar_pattern_ops);


--
-- Name: energy_tariffcomponent_resource_type_id_4dbbe9d1; Type: INDEX; Schema: public; Owner: exploitation_user
--

CREATE INDEX energy_tariffcomponent_resource_type_id_4dbbe9d1 ON public.energy_tariffcomponent USING btree (resource_type_id);


--
-- Name: energy_userlog_user_id_55217555; Type: INDEX; Schema: public; Owner: exploitation_user
--

CREATE INDEX energy_userlog_user_id_55217555 ON public.energy_userlog USING btree (user_id);


--
-- Name: energy_zonereading_reading_id_42bc82c7; Type: INDEX; Schema: public; Owner: exploitation_user
--

CREATE INDEX energy_zonereading_reading_id_42bc82c7 ON public.energy_zonereading USING btree (reading_id);


--
-- Name: energy_zonereading_tariff_component_id_32584f30; Type: INDEX; Schema: public; Owner: exploitation_user
--

CREATE INDEX energy_zonereading_tariff_component_id_32584f30 ON public.energy_zonereading USING btree (tariff_component_id);


--
-- Name: exploitatio_buildin_cf182a_idx; Type: INDEX; Schema: public; Owner: exploitation_user
--

CREATE INDEX exploitatio_buildin_cf182a_idx ON public.exploitation_app_operationcontract USING btree (building_id, status);


--
-- Name: exploitatio_contrac_f72ade_idx; Type: INDEX; Schema: public; Owner: exploitation_user
--

CREATE INDEX exploitatio_contrac_f72ade_idx ON public.exploitation_app_operationcontract USING btree (contract_number);


--
-- Name: exploitation_app_additionalagreement_contract_id_6ba5ec34; Type: INDEX; Schema: public; Owner: exploitation_user
--

CREATE INDEX exploitation_app_additionalagreement_contract_id_6ba5ec34 ON public.exploitation_app_additionalagreement USING btree (contract_id);


--
-- Name: exploitation_app_contractexecution_contract_id_ccf71b91; Type: INDEX; Schema: public; Owner: exploitation_user
--

CREATE INDEX exploitation_app_contractexecution_contract_id_ccf71b91 ON public.exploitation_app_contractexecution USING btree (contract_id);


--
-- Name: exploitation_app_operati_contract_number_b8fc9568_like; Type: INDEX; Schema: public; Owner: exploitation_user
--

CREATE INDEX exploitation_app_operati_contract_number_b8fc9568_like ON public.exploitation_app_operationcontract USING btree (contract_number varchar_pattern_ops);


--
-- Name: exploitation_app_operationcontract_building_id_6d1688e0; Type: INDEX; Schema: public; Owner: exploitation_user
--

CREATE INDEX exploitation_app_operationcontract_building_id_6d1688e0 ON public.exploitation_app_operationcontract USING btree (building_id);


--
-- Name: requests_app_material_name_da4218a4_like; Type: INDEX; Schema: public; Owner: exploitation_user
--

CREATE INDEX requests_app_material_name_da4218a4_like ON public.requests_app_material USING btree (name varchar_pattern_ops);


--
-- Name: requests_app_requestassignee_request_id_6bc0f059; Type: INDEX; Schema: public; Owner: exploitation_user
--

CREATE INDEX requests_app_requestassignee_request_id_6bc0f059 ON public.requests_app_requestassignee USING btree (request_id);


--
-- Name: requests_app_requestassignee_user_id_7e6279a3; Type: INDEX; Schema: public; Owner: exploitation_user
--

CREATE INDEX requests_app_requestassignee_user_id_7e6279a3 ON public.requests_app_requestassignee USING btree (user_id);


--
-- Name: requests_app_requestfile_request_id_8bcf6deb; Type: INDEX; Schema: public; Owner: exploitation_user
--

CREATE INDEX requests_app_requestfile_request_id_8bcf6deb ON public.requests_app_requestfile USING btree (request_id);


--
-- Name: requests_app_requestfile_uploaded_by_id_0d4c2117; Type: INDEX; Schema: public; Owner: exploitation_user
--

CREATE INDEX requests_app_requestfile_uploaded_by_id_0d4c2117 ON public.requests_app_requestfile USING btree (uploaded_by_id);


--
-- Name: requests_app_requesthistory_request_id_7a8aa994; Type: INDEX; Schema: public; Owner: exploitation_user
--

CREATE INDEX requests_app_requesthistory_request_id_7a8aa994 ON public.requests_app_requesthistory USING btree (request_id);


--
-- Name: requests_app_requesthistory_user_id_5fd42daa; Type: INDEX; Schema: public; Owner: exploitation_user
--

CREATE INDEX requests_app_requesthistory_user_id_5fd42daa ON public.requests_app_requesthistory USING btree (user_id);


--
-- Name: requests_app_requesttype_name_67505aad_like; Type: INDEX; Schema: public; Owner: exploitation_user
--

CREATE INDEX requests_app_requesttype_name_67505aad_like ON public.requests_app_requesttype USING btree (name varchar_pattern_ops);


--
-- Name: requests_app_servicerequest_assigned_to_id_945e7ab8; Type: INDEX; Schema: public; Owner: exploitation_user
--

CREATE INDEX requests_app_servicerequest_assigned_to_id_945e7ab8 ON public.requests_app_servicerequest USING btree (assigned_to_id);


--
-- Name: requests_app_servicerequest_building_id_7f4b7e26; Type: INDEX; Schema: public; Owner: exploitation_user
--

CREATE INDEX requests_app_servicerequest_building_id_7f4b7e26 ON public.requests_app_servicerequest USING btree (building_id);


--
-- Name: requests_app_servicerequest_created_by_id_bb3738e5; Type: INDEX; Schema: public; Owner: exploitation_user
--

CREATE INDEX requests_app_servicerequest_created_by_id_bb3738e5 ON public.requests_app_servicerequest USING btree (created_by_id);


--
-- Name: requests_app_servicerequest_request_number_43f6ac35_like; Type: INDEX; Schema: public; Owner: exploitation_user
--

CREATE INDEX requests_app_servicerequest_request_number_43f6ac35_like ON public.requests_app_servicerequest USING btree (request_number varchar_pattern_ops);


--
-- Name: requests_app_servicerequest_request_type_id_318f7f57; Type: INDEX; Schema: public; Owner: exploitation_user
--

CREATE INDEX requests_app_servicerequest_request_type_id_318f7f57 ON public.requests_app_servicerequest USING btree (request_type_id);


--
-- Name: requests_app_usedmaterial_material_id_73fbe542; Type: INDEX; Schema: public; Owner: exploitation_user
--

CREATE INDEX requests_app_usedmaterial_material_id_73fbe542 ON public.requests_app_usedmaterial USING btree (material_id);


--
-- Name: requests_app_usedmaterial_request_id_2c656984; Type: INDEX; Schema: public; Owner: exploitation_user
--

CREATE INDEX requests_app_usedmaterial_request_id_2c656984 ON public.requests_app_usedmaterial USING btree (request_id);


--
-- Name: auth_group_permissions auth_group_permissio_permission_id_84c5c92e_fk_auth_perm; Type: FK CONSTRAINT; Schema: public; Owner: exploitation_user
--

ALTER TABLE ONLY public.auth_group_permissions
    ADD CONSTRAINT auth_group_permissio_permission_id_84c5c92e_fk_auth_perm FOREIGN KEY (permission_id) REFERENCES public.auth_permission(id) DEFERRABLE INITIALLY DEFERRED;


--
-- Name: auth_group_permissions auth_group_permissions_group_id_b120cbf9_fk_auth_group_id; Type: FK CONSTRAINT; Schema: public; Owner: exploitation_user
--

ALTER TABLE ONLY public.auth_group_permissions
    ADD CONSTRAINT auth_group_permissions_group_id_b120cbf9_fk_auth_group_id FOREIGN KEY (group_id) REFERENCES public.auth_group(id) DEFERRABLE INITIALLY DEFERRED;


--
-- Name: auth_permission auth_permission_content_type_id_2f476e4b_fk_django_co; Type: FK CONSTRAINT; Schema: public; Owner: exploitation_user
--

ALTER TABLE ONLY public.auth_permission
    ADD CONSTRAINT auth_permission_content_type_id_2f476e4b_fk_django_co FOREIGN KEY (content_type_id) REFERENCES public.django_content_type(id) DEFERRABLE INITIALLY DEFERRED;


--
-- Name: auth_user_groups auth_user_groups_group_id_97559544_fk_auth_group_id; Type: FK CONSTRAINT; Schema: public; Owner: exploitation_user
--

ALTER TABLE ONLY public.auth_user_groups
    ADD CONSTRAINT auth_user_groups_group_id_97559544_fk_auth_group_id FOREIGN KEY (group_id) REFERENCES public.auth_group(id) DEFERRABLE INITIALLY DEFERRED;


--
-- Name: auth_user_groups auth_user_groups_user_id_6a12ed8b_fk_auth_user_id; Type: FK CONSTRAINT; Schema: public; Owner: exploitation_user
--

ALTER TABLE ONLY public.auth_user_groups
    ADD CONSTRAINT auth_user_groups_user_id_6a12ed8b_fk_auth_user_id FOREIGN KEY (user_id) REFERENCES public.auth_user(id) DEFERRABLE INITIALLY DEFERRED;


--
-- Name: auth_user_user_permissions auth_user_user_permi_permission_id_1fbb5f2c_fk_auth_perm; Type: FK CONSTRAINT; Schema: public; Owner: exploitation_user
--

ALTER TABLE ONLY public.auth_user_user_permissions
    ADD CONSTRAINT auth_user_user_permi_permission_id_1fbb5f2c_fk_auth_perm FOREIGN KEY (permission_id) REFERENCES public.auth_permission(id) DEFERRABLE INITIALLY DEFERRED;


--
-- Name: auth_user_user_permissions auth_user_user_permissions_user_id_a95ead1b_fk_auth_user_id; Type: FK CONSTRAINT; Schema: public; Owner: exploitation_user
--

ALTER TABLE ONLY public.auth_user_user_permissions
    ADD CONSTRAINT auth_user_user_permissions_user_id_a95ead1b_fk_auth_user_id FOREIGN KEY (user_id) REFERENCES public.auth_user(id) DEFERRABLE INITIALLY DEFERRED;


--
-- Name: buildings_buildingdocument buildings_buildingdo_building_id_6a9954b6_fk_buildings; Type: FK CONSTRAINT; Schema: public; Owner: exploitation_user
--

ALTER TABLE ONLY public.buildings_buildingdocument
    ADD CONSTRAINT buildings_buildingdo_building_id_6a9954b6_fk_buildings FOREIGN KEY (building_id) REFERENCES public.buildings_building(id) DEFERRABLE INITIALLY DEFERRED;


--
-- Name: django_admin_log django_admin_log_content_type_id_c4bce8eb_fk_django_co; Type: FK CONSTRAINT; Schema: public; Owner: exploitation_user
--

ALTER TABLE ONLY public.django_admin_log
    ADD CONSTRAINT django_admin_log_content_type_id_c4bce8eb_fk_django_co FOREIGN KEY (content_type_id) REFERENCES public.django_content_type(id) DEFERRABLE INITIALLY DEFERRED;


--
-- Name: django_admin_log django_admin_log_user_id_c564eba6_fk_auth_user_id; Type: FK CONSTRAINT; Schema: public; Owner: exploitation_user
--

ALTER TABLE ONLY public.django_admin_log
    ADD CONSTRAINT django_admin_log_user_id_c564eba6_fk_auth_user_id FOREIGN KEY (user_id) REFERENCES public.auth_user(id) DEFERRABLE INITIALLY DEFERRED;


--
-- Name: energy_archivedreading energy_archivedreading_meter_id_60975c21_fk_energy_meter_id; Type: FK CONSTRAINT; Schema: public; Owner: exploitation_user
--

ALTER TABLE ONLY public.energy_archivedreading
    ADD CONSTRAINT energy_archivedreading_meter_id_60975c21_fk_energy_meter_id FOREIGN KEY (meter_id) REFERENCES public.energy_meter(id) DEFERRABLE INITIALLY DEFERRED;


--
-- Name: energy_archivedzonereading energy_archivedzoner_archived_reading_id_936649a6_fk_energy_ar; Type: FK CONSTRAINT; Schema: public; Owner: exploitation_user
--

ALTER TABLE ONLY public.energy_archivedzonereading
    ADD CONSTRAINT energy_archivedzoner_archived_reading_id_936649a6_fk_energy_ar FOREIGN KEY (archived_reading_id) REFERENCES public.energy_archivedreading(id) DEFERRABLE INITIALLY DEFERRED;


--
-- Name: energy_archivedzonereading energy_archivedzoner_tariff_component_id_1c2884b4_fk_energy_ta; Type: FK CONSTRAINT; Schema: public; Owner: exploitation_user
--

ALTER TABLE ONLY public.energy_archivedzonereading
    ADD CONSTRAINT energy_archivedzoner_tariff_component_id_1c2884b4_fk_energy_ta FOREIGN KEY (tariff_component_id) REFERENCES public.energy_tariffcomponent(id) DEFERRABLE INITIALLY DEFERRED;


--
-- Name: energy_initialzonereading energy_initialzonere_tariff_component_id_ee396340_fk_energy_ta; Type: FK CONSTRAINT; Schema: public; Owner: exploitation_user
--

ALTER TABLE ONLY public.energy_initialzonereading
    ADD CONSTRAINT energy_initialzonere_tariff_component_id_ee396340_fk_energy_ta FOREIGN KEY (tariff_component_id) REFERENCES public.energy_tariffcomponent(id) DEFERRABLE INITIALLY DEFERRED;


--
-- Name: energy_initialzonereading energy_initialzonereading_meter_id_be217c3a_fk_energy_meter_id; Type: FK CONSTRAINT; Schema: public; Owner: exploitation_user
--

ALTER TABLE ONLY public.energy_initialzonereading
    ADD CONSTRAINT energy_initialzonereading_meter_id_be217c3a_fk_energy_meter_id FOREIGN KEY (meter_id) REFERENCES public.energy_meter(id) DEFERRABLE INITIALLY DEFERRED;


--
-- Name: energy_meter energy_meter_resource_type_id_a5030458_fk_energy_re; Type: FK CONSTRAINT; Schema: public; Owner: exploitation_user
--

ALTER TABLE ONLY public.energy_meter
    ADD CONSTRAINT energy_meter_resource_type_id_a5030458_fk_energy_re FOREIGN KEY (resource_type_id) REFERENCES public.energy_resourcetype(id) DEFERRABLE INITIALLY DEFERRED;


--
-- Name: energy_meterdocument energy_meterdocument_meter_id_830bdd34_fk_energy_meter_id; Type: FK CONSTRAINT; Schema: public; Owner: exploitation_user
--

ALTER TABLE ONLY public.energy_meterdocument
    ADD CONSTRAINT energy_meterdocument_meter_id_830bdd34_fk_energy_meter_id FOREIGN KEY (meter_id) REFERENCES public.energy_meter(id) DEFERRABLE INITIALLY DEFERRED;


--
-- Name: energy_reading energy_reading_meter_id_f6dff21e_fk_energy_meter_id; Type: FK CONSTRAINT; Schema: public; Owner: exploitation_user
--

ALTER TABLE ONLY public.energy_reading
    ADD CONSTRAINT energy_reading_meter_id_f6dff21e_fk_energy_meter_id FOREIGN KEY (meter_id) REFERENCES public.energy_meter(id) DEFERRABLE INITIALLY DEFERRED;


--
-- Name: energy_tariffcomponent energy_tariffcompone_resource_type_id_4dbbe9d1_fk_energy_re; Type: FK CONSTRAINT; Schema: public; Owner: exploitation_user
--

ALTER TABLE ONLY public.energy_tariffcomponent
    ADD CONSTRAINT energy_tariffcompone_resource_type_id_4dbbe9d1_fk_energy_re FOREIGN KEY (resource_type_id) REFERENCES public.energy_resourcetype(id) DEFERRABLE INITIALLY DEFERRED;


--
-- Name: energy_userlog energy_userlog_user_id_55217555_fk_auth_user_id; Type: FK CONSTRAINT; Schema: public; Owner: exploitation_user
--

ALTER TABLE ONLY public.energy_userlog
    ADD CONSTRAINT energy_userlog_user_id_55217555_fk_auth_user_id FOREIGN KEY (user_id) REFERENCES public.auth_user(id) DEFERRABLE INITIALLY DEFERRED;


--
-- Name: energy_zonereading energy_zonereading_reading_id_42bc82c7_fk_energy_reading_id; Type: FK CONSTRAINT; Schema: public; Owner: exploitation_user
--

ALTER TABLE ONLY public.energy_zonereading
    ADD CONSTRAINT energy_zonereading_reading_id_42bc82c7_fk_energy_reading_id FOREIGN KEY (reading_id) REFERENCES public.energy_reading(id) DEFERRABLE INITIALLY DEFERRED;


--
-- Name: energy_zonereading energy_zonereading_tariff_component_id_32584f30_fk_energy_ta; Type: FK CONSTRAINT; Schema: public; Owner: exploitation_user
--

ALTER TABLE ONLY public.energy_zonereading
    ADD CONSTRAINT energy_zonereading_tariff_component_id_32584f30_fk_energy_ta FOREIGN KEY (tariff_component_id) REFERENCES public.energy_tariffcomponent(id) DEFERRABLE INITIALLY DEFERRED;


--
-- Name: exploitation_app_additionalagreement exploitation_app_add_contract_id_6ba5ec34_fk_exploitat; Type: FK CONSTRAINT; Schema: public; Owner: exploitation_user
--

ALTER TABLE ONLY public.exploitation_app_additionalagreement
    ADD CONSTRAINT exploitation_app_add_contract_id_6ba5ec34_fk_exploitat FOREIGN KEY (contract_id) REFERENCES public.exploitation_app_operationcontract(id) DEFERRABLE INITIALLY DEFERRED;


--
-- Name: exploitation_app_contractexecution exploitation_app_con_contract_id_ccf71b91_fk_exploitat; Type: FK CONSTRAINT; Schema: public; Owner: exploitation_user
--

ALTER TABLE ONLY public.exploitation_app_contractexecution
    ADD CONSTRAINT exploitation_app_con_contract_id_ccf71b91_fk_exploitat FOREIGN KEY (contract_id) REFERENCES public.exploitation_app_operationcontract(id) DEFERRABLE INITIALLY DEFERRED;


--
-- Name: exploitation_app_operationcontract exploitation_app_ope_building_id_6d1688e0_fk_buildings; Type: FK CONSTRAINT; Schema: public; Owner: exploitation_user
--

ALTER TABLE ONLY public.exploitation_app_operationcontract
    ADD CONSTRAINT exploitation_app_ope_building_id_6d1688e0_fk_buildings FOREIGN KEY (building_id) REFERENCES public.buildings_building(id) DEFERRABLE INITIALLY DEFERRED;


--
-- Name: requests_app_requestassignee requests_app_request_request_id_6bc0f059_fk_requests_; Type: FK CONSTRAINT; Schema: public; Owner: exploitation_user
--

ALTER TABLE ONLY public.requests_app_requestassignee
    ADD CONSTRAINT requests_app_request_request_id_6bc0f059_fk_requests_ FOREIGN KEY (request_id) REFERENCES public.requests_app_servicerequest(id) DEFERRABLE INITIALLY DEFERRED;


--
-- Name: requests_app_requesthistory requests_app_request_request_id_7a8aa994_fk_requests_; Type: FK CONSTRAINT; Schema: public; Owner: exploitation_user
--

ALTER TABLE ONLY public.requests_app_requesthistory
    ADD CONSTRAINT requests_app_request_request_id_7a8aa994_fk_requests_ FOREIGN KEY (request_id) REFERENCES public.requests_app_servicerequest(id) DEFERRABLE INITIALLY DEFERRED;


--
-- Name: requests_app_requestfile requests_app_request_request_id_8bcf6deb_fk_requests_; Type: FK CONSTRAINT; Schema: public; Owner: exploitation_user
--

ALTER TABLE ONLY public.requests_app_requestfile
    ADD CONSTRAINT requests_app_request_request_id_8bcf6deb_fk_requests_ FOREIGN KEY (request_id) REFERENCES public.requests_app_servicerequest(id) DEFERRABLE INITIALLY DEFERRED;


--
-- Name: requests_app_requestfile requests_app_request_uploaded_by_id_0d4c2117_fk_auth_user; Type: FK CONSTRAINT; Schema: public; Owner: exploitation_user
--

ALTER TABLE ONLY public.requests_app_requestfile
    ADD CONSTRAINT requests_app_request_uploaded_by_id_0d4c2117_fk_auth_user FOREIGN KEY (uploaded_by_id) REFERENCES public.auth_user(id) DEFERRABLE INITIALLY DEFERRED;


--
-- Name: requests_app_requestassignee requests_app_requestassignee_user_id_7e6279a3_fk_auth_user_id; Type: FK CONSTRAINT; Schema: public; Owner: exploitation_user
--

ALTER TABLE ONLY public.requests_app_requestassignee
    ADD CONSTRAINT requests_app_requestassignee_user_id_7e6279a3_fk_auth_user_id FOREIGN KEY (user_id) REFERENCES public.auth_user(id) DEFERRABLE INITIALLY DEFERRED;


--
-- Name: requests_app_requesthistory requests_app_requesthistory_user_id_5fd42daa_fk_auth_user_id; Type: FK CONSTRAINT; Schema: public; Owner: exploitation_user
--

ALTER TABLE ONLY public.requests_app_requesthistory
    ADD CONSTRAINT requests_app_requesthistory_user_id_5fd42daa_fk_auth_user_id FOREIGN KEY (user_id) REFERENCES public.auth_user(id) DEFERRABLE INITIALLY DEFERRED;


--
-- Name: requests_app_servicerequest requests_app_service_assigned_to_id_945e7ab8_fk_auth_user; Type: FK CONSTRAINT; Schema: public; Owner: exploitation_user
--

ALTER TABLE ONLY public.requests_app_servicerequest
    ADD CONSTRAINT requests_app_service_assigned_to_id_945e7ab8_fk_auth_user FOREIGN KEY (assigned_to_id) REFERENCES public.auth_user(id) DEFERRABLE INITIALLY DEFERRED;


--
-- Name: requests_app_servicerequest requests_app_service_building_id_7f4b7e26_fk_buildings; Type: FK CONSTRAINT; Schema: public; Owner: exploitation_user
--

ALTER TABLE ONLY public.requests_app_servicerequest
    ADD CONSTRAINT requests_app_service_building_id_7f4b7e26_fk_buildings FOREIGN KEY (building_id) REFERENCES public.buildings_building(id) DEFERRABLE INITIALLY DEFERRED;


--
-- Name: requests_app_servicerequest requests_app_service_created_by_id_bb3738e5_fk_auth_user; Type: FK CONSTRAINT; Schema: public; Owner: exploitation_user
--

ALTER TABLE ONLY public.requests_app_servicerequest
    ADD CONSTRAINT requests_app_service_created_by_id_bb3738e5_fk_auth_user FOREIGN KEY (created_by_id) REFERENCES public.auth_user(id) DEFERRABLE INITIALLY DEFERRED;


--
-- Name: requests_app_servicerequest requests_app_service_request_type_id_318f7f57_fk_requests_; Type: FK CONSTRAINT; Schema: public; Owner: exploitation_user
--

ALTER TABLE ONLY public.requests_app_servicerequest
    ADD CONSTRAINT requests_app_service_request_type_id_318f7f57_fk_requests_ FOREIGN KEY (request_type_id) REFERENCES public.requests_app_requesttype(id) DEFERRABLE INITIALLY DEFERRED;


--
-- Name: requests_app_usedmaterial requests_app_usedmat_material_id_73fbe542_fk_requests_; Type: FK CONSTRAINT; Schema: public; Owner: exploitation_user
--

ALTER TABLE ONLY public.requests_app_usedmaterial
    ADD CONSTRAINT requests_app_usedmat_material_id_73fbe542_fk_requests_ FOREIGN KEY (material_id) REFERENCES public.requests_app_material(id) DEFERRABLE INITIALLY DEFERRED;


--
-- Name: requests_app_usedmaterial requests_app_usedmat_request_id_2c656984_fk_requests_; Type: FK CONSTRAINT; Schema: public; Owner: exploitation_user
--

ALTER TABLE ONLY public.requests_app_usedmaterial
    ADD CONSTRAINT requests_app_usedmat_request_id_2c656984_fk_requests_ FOREIGN KEY (request_id) REFERENCES public.requests_app_servicerequest(id) DEFERRABLE INITIALLY DEFERRED;


--
-- Name: users_profile users_profile_user_id_2112e78d_fk_auth_user_id; Type: FK CONSTRAINT; Schema: public; Owner: exploitation_user
--

ALTER TABLE ONLY public.users_profile
    ADD CONSTRAINT users_profile_user_id_2112e78d_fk_auth_user_id FOREIGN KEY (user_id) REFERENCES public.auth_user(id) DEFERRABLE INITIALLY DEFERRED;


--
-- PostgreSQL database dump complete
--

\unrestrict Rl4WkjBS0m10u4btonWuYReNlI6KF22Lx0fAytk50NaX7kqd45UoEDbPWaaQ5mu

